
===== transferFiles bird=Lav69 -- 2026-08-17 13:57:35 =====
+ rclone copy ksrig:ks_rig/Lav69/ /mnt/work0/kbsuresh/rawData/Lav69 --transfers 8 -v --stats 10s
2026/08/17 13:57:35 INFO  : There was nothing to transfer
2026/08/17 13:57:35 INFO  : 
Transferred:   	          0 B / 0 B, -, 0 B/s, ETA -
Elapsed time:         0.0s

+ set +x

===== makeMetaDf bird=Lav69 -- 2026-08-17 13:57:35 =====
+ python make_MetaDF.py /mnt/work0/kbsuresh/rawData/Lav69
+ set +x

===== runCatGT bird=Lav69 run=Lav69_d1.0 -- 2026-08-17 14:12:11 =====
+ IFS=$'\t'
+ read -r gtlist chnexcl prb
++ python make_CatGT_args.py /mnt/work0/kbsuresh/rawData/Lav69/metaDF.csv --run Lav69_d1.0
+ sepShankArgs=
+ streamIDs=
+ '[' false = true ']'
+ streamIDs=0
+ echo 0
+ cd /mnt/work0/kbsuresh/pass_1/Lav69/Lav69_d1.0
+ bash /home/kbsuresh/snakeSort/CatGT-linux/runit.sh -dir=/mnt/work0/kbsuresh/rawData/Lav69 -run=Lav69_d1.0 -prb=0 '-gtlist={0,0,258}' '-chnexcl={0;23,237}' -dest=/mnt/work0/kbsuresh/pass_1/Lav69/Lav69_d1.0 -apfilter=butter,12,300,9000 -gblcar -zerofillmax=5 -ap -ni -prb_fld -pass1_force_ni_ob_bin -out_prb_fld
+ cp /mnt/work0/kbsuresh/pass_1/Lav69/Lav69_d1.0/CatGT.log /mnt/work0/kbsuresh/pass_1/Lav69/Lav69_d1.0/Lav69_Lav69_d1.0_pass1CatGT.log
+ set +x

===== runCatGT bird=Lav69 run=Lav69_d1.0 (CatGT.log) -- 2026-08-17 14:12:11 =====
[Thd 127173573354496 CPU 0 8/16/26 16:38:34.736] ++++++++++++++++++++++++
[Thd 127173573354496 CPU 0 8/16/26 16:38:34.737] Command (raw):
[Thd 127173573354496 CPU 0 8/16/26 16:38:34.737] CatGT -dir=/mnt/work0/kbsuresh/rawData/Lav69 -run=Lav69_d1.0 -prb=0 -gtlist={0,0,258} -chnexcl={0;23,237} -dest=/mnt/work0/kbsuresh/pass_1/Lav69/Lav69_d1.0 -apfilter=butter,12,300,9000 -gblcar -zerofillmax=5 -ap -ni -prb_fld -pass1_force_ni_ob_bin -out_prb_fld
[Thd 127173573354496 CPU 0 8/16/26 16:38:34.737] Command (active):
[Thd 127173573354496 CPU 0 8/16/26 16:38:34.737] CatGT -dir=/mnt/work0/kbsuresh/rawData/Lav69 -run=Lav69_d1.0 -gtlist={0,0,258} -prb_fld -ni -ap -prb=0 -zerofillmax=5 -apfilter=butter,12,300,9000 -gblcar -chnexcl={0;23,237} -pass1_force_ni_ob_bin -dest=/mnt/work0/kbsuresh/pass_1/Lav69/Lav69_d1.0 -out_prb_fld
[Thd 127173509772992 CPU 0 8/16/26 16:38:35.045] Gap before file 'Lav69_d1.0_g0_t1.nidq.bin' out_start_smp=919191 inp_gap_smp=45859893 out_zeros_smp=199.
[Thd 127173509772992 CPU 0 8/16/26 16:38:35.052] Gap before file 'Lav69_d1.0_g0_t3.nidq.bin' out_start_smp=2640367 inp_gap_smp=2841474 out_zeros_smp=199.
[Thd 127173509772992 CPU 0 8/16/26 16:38:35.064] Gap before file 'Lav69_d1.0_g0_t7.nidq.bin' out_start_smp=5952792 inp_gap_smp=505559 out_zeros_smp=199.
[Thd 127173509772992 CPU 0 8/16/26 16:38:35.081] Gap before file 'Lav69_d1.0_g0_t12.nidq.bin' out_start_smp=9988032 inp_gap_smp=754130 out_zeros_smp=199.
[Thd 127173509772992 CPU 0 8/16/26 16:38:35.090] Gap before file 'Lav69_d1.0_g0_t15.nidq.bin' out_start_smp=12545453 inp_gap_smp=146781 out_zeros_smp=199.
[Thd 127173509772992 CPU 0 8/16/26 16:38:35.093] Gap before file 'Lav69_d1.0_g0_t16.nidq.bin' out_start_smp=13464843 inp_gap_smp=11988209 out_zeros_smp=199.
[Thd 127173509772992 CPU 0 8/16/26 16:38:35.096] Gap before file 'Lav69_d1.0_g0_t17.nidq.bin' out_start_smp=14384234 inp_gap_smp=59440 out_zeros_smp=199.
[Thd 127173509772992 CPU 0 8/16/26 16:38:35.101] Gap before file 'Lav69_d1.0_g0_t19.nidq.bin' out_start_smp=16038908 inp_gap_smp=698004 out_zeros_smp=199.
[Thd 127173509772992 CPU 0 8/16/26 16:38:35.104] Done nidq: 20 of 259.
[Thd 127173509772992 CPU 0 8/16/26 16:38:35.107] Gap before file 'Lav69_d1.0_g0_t21.nidq.bin' out_start_smp=17661326 inp_gap_smp=736474 out_zeros_smp=199.
[Thd 127173509772992 CPU 0 8/16/26 16:38:35.110] Gap before file 'Lav69_d1.0_g0_t22.nidq.bin' out_start_smp=18580717 inp_gap_smp=118776 out_zeros_smp=199.
[Thd 127173509772992 CPU 0 8/16/26 16:38:35.113] Gap before file 'Lav69_d1.0_g0_t23.nidq.bin' out_start_smp=19500107 inp_gap_smp=115587 out_zeros_smp=199.
[Thd 127173509772992 CPU 0 8/16/26 16:38:35.115] Gap before file 'Lav69_d1.0_g0_t24.nidq.bin' out_start_smp=20419498 inp_gap_smp=2023979 out_zeros_smp=199.
[Thd 127173509772992 CPU 0 8/16/26 16:38:35.118] Gap before file 'Lav69_d1.0_g0_t25.nidq.bin' out_start_smp=21338889 inp_gap_smp=1235687 out_zeros_smp=199.
[Thd 127173509772992 CPU 0 8/16/26 16:38:35.120] Gap before file 'Lav69_d1.0_g0_t26.nidq.bin' out_start_smp=22258280 inp_gap_smp=500382 out_zeros_smp=199.
[Thd 127173509772992 CPU 0 8/16/26 16:38:35.123] Gap before file 'Lav69_d1.0_g0_t27.nidq.bin' out_start_smp=23177670 inp_gap_smp=2587687 out_zeros_smp=199.
[Thd 127173509772992 CPU 0 8/16/26 16:38:35.130] Gap before file 'Lav69_d1.0_g0_t30.nidq.bin' out_start_smp=25632109 inp_gap_smp=5321813 out_zeros_smp=199.
[Thd 127173509772992 CPU 0 8/16/26 16:38:35.132] Gap before file 'Lav69_d1.0_g0_t31.nidq.bin' out_start_smp=26551500 inp_gap_smp=2349514 out_zeros_smp=199.
[Thd 127173509772992 CPU 0 8/16/26 16:38:35.139] Gap before file 'Lav69_d1.0_g0_t33.nidq.bin' out_start_smp=28211331 inp_gap_smp=737571 out_zeros_smp=199.
[Thd 127173509772992 CPU 0 8/16/26 16:38:35.141] Gap before file 'Lav69_d1.0_g0_t34.nidq.bin' out_start_smp=29130721 inp_gap_smp=148846 out_zeros_smp=199.
[Thd 127173509772992 CPU 0 8/16/26 16:38:35.144] Gap before file 'Lav69_d1.0_g0_t35.nidq.bin' out_start_smp=30050112 inp_gap_smp=4017721 out_zeros_smp=199.
[Thd 127173509772992 CPU 0 8/16/26 16:38:35.147] Gap before file 'Lav69_d1.0_g0_t36.nidq.bin' out_start_smp=30969503 inp_gap_smp=180034 out_zeros_smp=199.
[Thd 127173509772992 CPU 0 8/16/26 16:38:35.156] Gap before file 'Lav69_d1.0_g0_t39.nidq.bin' out_start_smp=33605976 inp_gap_smp=3274029 out_zeros_smp=199.
[Thd 127173509772992 CPU 0 8/16/26 16:38:35.158] Done nidq: 40 of 259.
[Thd 127173509772992 CPU 0 8/16/26 16:38:35.166] Gap before file 'Lav69_d1.0_g0_t43.nidq.bin' out_start_smp=36785296 inp_gap_smp=3847107 out_zeros_smp=199.
[Thd 127173509772992 CPU 0 8/16/26 16:38:35.170] Gap before file 'Lav69_d1.0_g0_t45.nidq.bin' out_start_smp=38387977 inp_gap_smp=1161 out_zeros_smp=199.
[Thd 127173509772992 CPU 0 8/16/26 16:38:35.173] Gap before file 'Lav69_d1.0_g0_t46.nidq.bin' out_start_smp=39307367 inp_gap_smp=8501 out_zeros_smp=199.
[Thd 127173509772992 CPU 0 8/16/26 16:38:35.183] Gap before file 'Lav69_d1.0_g0_t50.nidq.bin' out_start_smp=42413893 inp_gap_smp=4023917 out_zeros_smp=199.
[Thd 127173509772992 CPU 0 8/16/26 16:38:35.195] Gap before file 'Lav69_d1.0_g0_t55.nidq.bin' out_start_smp=46441819 inp_gap_smp=98938 out_zeros_smp=199.
[Thd 127173509772992 CPU 0 8/16/26 16:38:35.197] Gap before file 'Lav69_d1.0_g0_t56.nidq.bin' out_start_smp=47361210 inp_gap_smp=25043304 out_zeros_smp=199.
[Thd 127173509772992 CPU 0 8/16/26 16:38:35.200] Gap before file 'Lav69_d1.0_g0_t57.nidq.bin' out_start_smp=48280600 inp_gap_smp=151972 out_zeros_smp=199.
[Thd 127173509772992 CPU 0 8/16/26 16:38:35.202] Gap before file 'Lav69_d1.0_g0_t58.nidq.bin' out_start_smp=49199991 inp_gap_smp=193764979 out_zeros_smp=199.
[Thd 127173509772992 CPU 0 8/16/26 16:38:35.204] Gap before file 'Lav69_d1.0_g0_t59.nidq.bin' out_start_smp=50119381 inp_gap_smp=42762 out_zeros_smp=199.
[Thd 127173509772992 CPU 0 8/16/26 16:38:35.207] Done nidq: 60 of 259.
[Thd 127173509772992 CPU 0 8/16/26 16:38:35.215] Gap before file 'Lav69_d1.0_g0_t63.nidq.bin' out_start_smp=53458875 inp_gap_smp=756263 out_zeros_smp=199.
[Thd 127173509772992 CPU 0 8/16/26 16:38:35.218] Gap before file 'Lav69_d1.0_g0_t64.nidq.bin' out_start_smp=54378266 inp_gap_smp=350588 out_zeros_smp=199.
[Thd 127173509772992 CPU 0 8/16/26 16:38:35.220] Gap before file 'Lav69_d1.0_g0_t65.nidq.bin' out_start_smp=55297656 inp_gap_smp=77125 out_zeros_smp=199.
[Thd 127173509772992 CPU 0 8/16/26 16:38:35.226] Gap before file 'Lav69_d1.0_g0_t67.nidq.bin' out_start_smp=56940876 inp_gap_smp=5093054 out_zeros_smp=199.
[Thd 127173509772992 CPU 0 8/16/26 16:38:35.229] Gap before file 'Lav69_d1.0_g0_t68.nidq.bin' out_start_smp=57860267 inp_gap_smp=26734310 out_zeros_smp=199.
[Thd 127173509772992 CPU 0 8/16/26 16:38:35.231] Gap before file 'Lav69_d1.0_g0_t69.nidq.bin' out_start_smp=58779658 inp_gap_smp=15684292 out_zeros_smp=199.
[Thd 127173509772992 CPU 0 8/16/26 16:38:35.234] Gap before file 'Lav69_d1.0_g0_t70.nidq.bin' out_start_smp=59699049 inp_gap_smp=14161815 out_zeros_smp=199.
[Thd 127173509772992 CPU 0 8/16/26 16:38:35.237] Gap before file 'Lav69_d1.0_g0_t71.nidq.bin' out_start_smp=60618440 inp_gap_smp=406791 out_zeros_smp=199.
[Thd 127173509772992 CPU 0 8/16/26 16:38:35.249] Gap before file 'Lav69_d1.0_g0_t74.nidq.bin' out_start_smp=63215372 inp_gap_smp=14820120 out_zeros_smp=199.
[Thd 127173509772992 CPU 0 8/16/26 16:38:35.256] Gap before file 'Lav69_d1.0_g0_t77.nidq.bin' out_start_smp=65572034 inp_gap_smp=88530 out_zeros_smp=199.
[Thd 127173509772992 CPU 0 8/16/26 16:38:35.259] Gap before file 'Lav69_d1.0_g0_t78.nidq.bin' out_start_smp=66491425 inp_gap_smp=18875 out_zeros_smp=199.
[Thd 127173509772992 CPU 0 8/16/26 16:38:35.262] Gap before file 'Lav69_d1.0_g0_t79.nidq.bin' out_start_smp=67410816 inp_gap_smp=375638 out_zeros_smp=199.
[Thd 127173509772992 CPU 0 8/16/26 16:38:35.265] Done nidq: 80 of 259.
[Thd 127173509772992 CPU 0 8/16/26 16:38:35.267] Gap before file 'Lav69_d1.0_g0_t81.nidq.bin' out_start_smp=69083138 inp_gap_smp=637668 out_zeros_smp=199.
[Thd 127173509772992 CPU 0 8/16/26 16:38:35.270] Gap before file 'Lav69_d1.0_g0_t82.nidq.bin' out_start_smp=70002528 inp_gap_smp=494226 out_zeros_smp=199.
[Thd 127173509772992 CPU 0 8/16/26 16:38:35.276] Gap before file 'Lav69_d1.0_g0_t84.nidq.bin' out_start_smp=71640528 inp_gap_smp=347551 out_zeros_smp=199.
[Thd 127173509772992 CPU 0 8/16/26 16:38:35.280] Gap before file 'Lav69_d1.0_g0_t86.nidq.bin' out_start_smp=73378344 inp_gap_smp=387076 out_zeros_smp=199.
[Thd 127173509772992 CPU 0 8/16/26 16:38:35.283] Gap before file 'Lav69_d1.0_g0_t87.nidq.bin' out_start_smp=74297735 inp_gap_smp=545104 out_zeros_smp=199.
[Thd 127173509772992 CPU 0 8/16/26 16:38:35.288] Gap before file 'Lav69_d1.0_g0_t89.nidq.bin' out_start_smp=75916013 inp_gap_smp=157186 out_zeros_smp=199.
[Thd 127173509772992 CPU 0 8/16/26 16:38:35.293] Gap before file 'Lav69_d1.0_g0_t91.nidq.bin' out_start_smp=77523927 inp_gap_smp=144665 out_zeros_smp=199.
[Thd 127173509772992 CPU 0 8/16/26 16:38:35.300] Gap before file 'Lav69_d1.0_g0_t94.nidq.bin' out_start_smp=80044939 inp_gap_smp=158281 out_zeros_smp=199.
[Thd 127173509772992 CPU 0 8/16/26 16:38:35.306] Gap before file 'Lav69_d1.0_g0_t96.nidq.bin' out_start_smp=81726615 inp_gap_smp=709433 out_zeros_smp=199.
[Thd 127173509772992 CPU 0 8/16/26 16:38:35.309] Gap before file 'Lav69_d1.0_g0_t97.nidq.bin' out_start_smp=82646006 inp_gap_smp=94832 out_zeros_smp=199.
[Thd 127173509772992 CPU 0 8/16/26 16:38:35.315] Gap before file 'Lav69_d1.0_g0_t99.nidq.bin' out_start_smp=84295479 inp_gap_smp=246627 out_zeros_smp=199.
[Thd 127173509772992 CPU 0 8/16/26 16:38:35.318] Done nidq: 100 of 259.
[Thd 127173509772992 CPU 0 8/16/26 16:38:35.318] Gap before file 'Lav69_d1.0_g0_t100.nidq.bin' out_start_smp=85214869 inp_gap_smp=328801 out_zeros_smp=199.
[Thd 127173509772992 CPU 0 8/16/26 16:38:35.321] Gap before file 'Lav69_d1.0_g0_t101.nidq.bin' out_start_smp=86134260 inp_gap_smp=999565 out_zeros_smp=199.
[Thd 127173509772992 CPU 0 8/16/26 16:38:35.328] Gap before file 'Lav69_d1.0_g0_t103.nidq.bin' out_start_smp=87889811 inp_gap_smp=247709 out_zeros_smp=199.
[Thd 127173509772992 CPU 0 8/16/26 16:38:35.330] Gap before file 'Lav69_d1.0_g0_t104.nidq.bin' out_start_smp=88809202 inp_gap_smp=970469 out_zeros_smp=199.
[Thd 127173509772992 CPU 0 8/16/26 16:38:35.333] Gap before file 'Lav69_d1.0_g0_t105.nidq.bin' out_start_smp=89728593 inp_gap_smp=7333640 out_zeros_smp=199.
[Thd 127173509772992 CPU 0 8/16/26 16:38:35.336] Gap before file 'Lav69_d1.0_g0_t106.nidq.bin' out_start_smp=90647983 inp_gap_smp=56595815 out_zeros_smp=199.
[Thd 127173509772992 CPU 0 8/16/26 16:38:35.343] Gap before file 'Lav69_d1.0_g0_t108.nidq.bin' out_start_smp=92460659 inp_gap_smp=614848 out_zeros_smp=199.
[Thd 127173509772992 CPU 0 8/16/26 16:38:35.346] Gap before file 'Lav69_d1.0_g0_t109.nidq.bin' out_start_smp=93380050 inp_gap_smp=54804814 out_zeros_smp=199.
[Thd 127173509772992 CPU 0 8/16/26 16:38:35.348] Gap before file 'Lav69_d1.0_g0_t110.nidq.bin' out_start_smp=94299440 inp_gap_smp=95672999 out_zeros_smp=199.
[Thd 127173509772992 CPU 0 8/16/26 16:38:35.351] Gap before file 'Lav69_d1.0_g0_t111.nidq.bin' out_start_smp=95218830 inp_gap_smp=40032515 out_zeros_smp=199.
[Thd 127173509772992 CPU 0 8/16/26 16:38:35.355] Gap before file 'Lav69_d1.0_g0_t112.nidq.bin' out_start_smp=96138220 inp_gap_smp=46575023 out_zeros_smp=199.
[Thd 127173509772992 CPU 0 8/16/26 16:38:35.360] Gap before file 'Lav69_d1.0_g0_t114.nidq.bin' out_start_smp=97767974 inp_gap_smp=89402341 out_zeros_smp=199.
[Thd 127173509772992 CPU 0 8/16/26 16:38:35.363] Gap before file 'Lav69_d1.0_g0_t115.nidq.bin' out_start_smp=98687364 inp_gap_smp=188395 out_zeros_smp=199.
[Thd 127173509772992 CPU 0 8/16/26 16:38:35.365] Gap before file 'Lav69_d1.0_g0_t116.nidq.bin' out_start_smp=99606755 inp_gap_smp=60191039 out_zeros_smp=199.
[Thd 127173509772992 CPU 0 8/16/26 16:38:35.371] Gap before file 'Lav69_d1.0_g0_t118.nidq.bin' out_start_smp=101344573 inp_gap_smp=1939747 out_zeros_smp=199.
[Thd 127173509772992 CPU 0 8/16/26 16:38:35.374] Gap before file 'Lav69_d1.0_g0_t119.nidq.bin' out_start_smp=102263963 inp_gap_smp=65019733 out_zeros_smp=199.
[Thd 127173509772992 CPU 0 8/16/26 16:38:35.377] Done nidq: 120 of 259.
[Thd 127173509772992 CPU 0 8/16/26 16:38:35.377] Gap before file 'Lav69_d1.0_g0_t120.nidq.bin' out_start_smp=103183353 inp_gap_smp=5352 out_zeros_smp=199.
[Thd 127173509772992 CPU 0 8/16/26 16:38:35.380] Gap before file 'Lav69_d1.0_g0_t121.nidq.bin' out_start_smp=104102744 inp_gap_smp=36934562 out_zeros_smp=199.
[Thd 127173509772992 CPU 0 8/16/26 16:38:35.387] Gap before file 'Lav69_d1.0_g0_t123.nidq.bin' out_start_smp=105916603 inp_gap_smp=25171139 out_zeros_smp=199.
[Thd 127173509772992 CPU 0 8/16/26 16:38:35.390] Gap before file 'Lav69_d1.0_g0_t124.nidq.bin' out_start_smp=106835994 inp_gap_smp=14888710 out_zeros_smp=199.
[Thd 127173509772992 CPU 0 8/16/26 16:38:35.397] Gap before file 'Lav69_d1.0_g0_t127.nidq.bin' out_start_smp=109306096 inp_gap_smp=10129679 out_zeros_smp=199.
[Thd 127173509772992 CPU 0 8/16/26 16:38:35.400] Gap before file 'Lav69_d1.0_g0_t128.nidq.bin' out_start_smp=110225486 inp_gap_smp=63834583 out_zeros_smp=199.
[Thd 127173509772992 CPU 0 8/16/26 16:38:35.403] Gap before file 'Lav69_d1.0_g0_t129.nidq.bin' out_start_smp=111144877 inp_gap_smp=78576106 out_zeros_smp=199.
[Thd 127173509772992 CPU 0 8/16/26 16:38:35.409] Gap before file 'Lav69_d1.0_g0_t131.nidq.bin' out_start_smp=112950294 inp_gap_smp=2122832 out_zeros_smp=199.
[Thd 127173509772992 CPU 0 8/16/26 16:38:35.413] Gap before file 'Lav69_d1.0_g0_t132.nidq.bin' out_start_smp=113869685 inp_gap_smp=35007456 out_zeros_smp=199.
[Thd 127173509772992 CPU 0 8/16/26 16:38:35.416] Gap before file 'Lav69_d1.0_g0_t133.nidq.bin' out_start_smp=114789076 inp_gap_smp=13424406 out_zeros_smp=199.
[Thd 127173509772992 CPU 0 8/16/26 16:38:35.422] Gap before file 'Lav69_d1.0_g0_t135.nidq.bin' out_start_smp=116577952 inp_gap_smp=365178 out_zeros_smp=199.
[Thd 127173509772992 CPU 0 8/16/26 16:38:35.427] Gap before file 'Lav69_d1.0_g0_t137.nidq.bin' out_start_smp=118186840 inp_gap_smp=182197 out_zeros_smp=199.
[Thd 127173509772992 CPU 0 8/16/26 16:38:35.432] Gap before file 'Lav69_d1.0_g0_t139.nidq.bin' out_start_smp=119800906 inp_gap_smp=679304 out_zeros_smp=199.
[Thd 127173509772992 CPU 0 8/16/26 16:38:35.435] Done nidq: 140 of 259.
[Thd 127173509772992 CPU 0 8/16/26 16:38:35.435] Gap before file 'Lav69_d1.0_g0_t140.nidq.bin' out_start_smp=120720297 inp_gap_smp=387076 out_zeros_smp=199.
[Thd 127173509772992 CPU 0 8/16/26 16:38:35.440] Gap before file 'Lav69_d1.0_g0_t142.nidq.bin' out_start_smp=122393685 inp_gap_smp=248728 out_zeros_smp=199.
[Thd 127173509772992 CPU 0 8/16/26 16:38:35.446] Gap before file 'Lav69_d1.0_g0_t144.nidq.bin' out_start_smp=124053505 inp_gap_smp=134601692 out_zeros_smp=199.
[Thd 127173509772992 CPU 0 8/16/26 16:38:35.449] Gap before file 'Lav69_d1.0_g0_t145.nidq.bin' out_start_smp=124972895 inp_gap_smp=2529424 out_zeros_smp=199.
[Thd 127173509772992 CPU 0 8/16/26 16:38:35.452] Gap before file 'Lav69_d1.0_g0_t146.nidq.bin' out_start_smp=125892286 inp_gap_smp=40933394 out_zeros_smp=199.
[Thd 127173509772992 CPU 0 8/16/26 16:38:35.458] Gap before file 'Lav69_d1.0_g0_t148.nidq.bin' out_start_smp=127531296 inp_gap_smp=22537930 out_zeros_smp=199.
[Thd 127173509772992 CPU 0 8/16/26 16:38:35.461] Gap before file 'Lav69_d1.0_g0_t149.nidq.bin' out_start_smp=128450687 inp_gap_smp=5085766 out_zeros_smp=199.
[Thd 127173509772992 CPU 0 8/16/26 16:38:35.474] Gap before file 'Lav69_d1.0_g0_t153.nidq.bin' out_start_smp=131831698 inp_gap_smp=165521 out_zeros_smp=199.
[Thd 127173509772992 CPU 0 8/16/26 16:38:35.477] Gap before file 'Lav69_d1.0_g0_t154.nidq.bin' out_start_smp=132751089 inp_gap_smp=12742227 out_zeros_smp=199.
[Thd 127173509772992 CPU 0 8/16/26 16:38:35.483] Gap before file 'Lav69_d1.0_g0_t156.nidq.bin' out_start_smp=134430754 inp_gap_smp=666753 out_zeros_smp=199.
[Thd 127173509772992 CPU 0 8/16/26 16:38:35.486] Gap before file 'Lav69_d1.0_g0_t157.nidq.bin' out_start_smp=135350144 inp_gap_smp=2060428 out_zeros_smp=199.
[Thd 127173509772992 CPU 0 8/16/26 16:38:35.489] Gap before file 'Lav69_d1.0_g0_t158.nidq.bin' out_start_smp=136269535 inp_gap_smp=858134 out_zeros_smp=199.
[Thd 127173509772992 CPU 0 8/16/26 16:38:35.494] Done nidq: 160 of 259.
[Thd 127173509772992 CPU 0 8/16/26 16:38:35.497] Gap before file 'Lav69_d1.0_g0_t161.nidq.bin' out_start_smp=138793663 inp_gap_smp=86512 out_zeros_smp=199.
[Thd 127173509772992 CPU 0 8/16/26 16:38:35.500] Gap before file 'Lav69_d1.0_g0_t162.nidq.bin' out_start_smp=139713053 inp_gap_smp=1133734 out_zeros_smp=199.
[Thd 127173509772992 CPU 0 8/16/26 16:38:35.509] Gap before file 'Lav69_d1.0_g0_t165.nidq.bin' out_start_smp=142170592 inp_gap_smp=7455 out_zeros_smp=199.
[Thd 127173509772992 CPU 0 8/16/26 16:38:35.514] Gap before file 'Lav69_d1.0_g0_t167.nidq.bin' out_start_smp=143879342 inp_gap_smp=287225 out_zeros_smp=199.
[Thd 127173509772992 CPU 0 8/16/26 16:38:35.517] Gap before file 'Lav69_d1.0_g0_t168.nidq.bin' out_start_smp=144798733 inp_gap_smp=87499 out_zeros_smp=199.
[Thd 127173509772992 CPU 0 8/16/26 16:38:35.519] Gap before file 'Lav69_d1.0_g0_t169.nidq.bin' out_start_smp=145718124 inp_gap_smp=713566 out_zeros_smp=199.
[Thd 127173509772992 CPU 0 8/16/26 16:38:35.525] Gap before file 'Lav69_d1.0_g0_t171.nidq.bin' out_start_smp=147410225 inp_gap_smp=47006 out_zeros_smp=199.
[Thd 127173509772992 CPU 0 8/16/26 16:38:35.528] Gap before file 'Lav69_d1.0_g0_t172.nidq.bin' out_start_smp=148329616 inp_gap_smp=5561031 out_zeros_smp=199.
[Thd 127173509772992 CPU 0 8/16/26 16:38:35.531] Gap before file 'Lav69_d1.0_g0_t173.nidq.bin' out_start_smp=149249007 inp_gap_smp=615862 out_zeros_smp=199.
[Thd 127173509772992 CPU 0 8/16/26 16:38:35.534] Gap before file 'Lav69_d1.0_g0_t174.nidq.bin' out_start_smp=150168398 inp_gap_smp=50604266 out_zeros_smp=199.
[Thd 127173509772992 CPU 0 8/16/26 16:38:35.538] Gap before file 'Lav69_d1.0_g0_t175.nidq.bin' out_start_smp=151087789 inp_gap_smp=2006313 out_zeros_smp=199.
[Thd 127173509772992 CPU 0 8/16/26 16:38:35.541] Gap before file 'Lav69_d1.0_g0_t176.nidq.bin' out_start_smp=152007180 inp_gap_smp=162383 out_zeros_smp=199.
[Thd 127173509772992 CPU 0 8/16/26 16:38:35.544] Gap before file 'Lav69_d1.0_g0_t177.nidq.bin' out_start_smp=152926571 inp_gap_smp=251891 out_zeros_smp=199.
[Thd 127173509772992 CPU 0 8/16/26 16:38:35.552] Done nidq: 180 of 259.
[Thd 127173509772992 CPU 0 8/16/26 16:38:35.552] Gap before file 'Lav69_d1.0_g0_t180.nidq.bin' out_start_smp=155272782 inp_gap_smp=365239 out_zeros_smp=199.
[Thd 127173509772992 CPU 0 8/16/26 16:38:35.555] Gap before file 'Lav69_d1.0_g0_t181.nidq.bin' out_start_smp=156192172 inp_gap_smp=365177 out_zeros_smp=199.
[Thd 127173509772992 CPU 0 8/16/26 16:38:35.564] Gap before file 'Lav69_d1.0_g0_t184.nidq.bin' out_start_smp=158796386 inp_gap_smp=36542 out_zeros_smp=199.
[Thd 127173509772992 CPU 0 8/16/26 16:38:35.568] Gap before file 'Lav69_d1.0_g0_t185.nidq.bin' out_start_smp=159715776 inp_gap_smp=231015 out_zeros_smp=199.
[Thd 127173509772992 CPU 0 8/16/26 16:38:35.575] Gap before file 'Lav69_d1.0_g0_t188.nidq.bin' out_start_smp=162072482 inp_gap_smp=1594505 out_zeros_smp=199.
[Thd 127173509772992 CPU 0 8/16/26 16:38:35.580] Gap before file 'Lav69_d1.0_g0_t190.nidq.bin' out_start_smp=163671997 inp_gap_smp=605434 out_zeros_smp=199.
[Thd 127173509772992 CPU 0 8/16/26 16:38:35.591] Gap before file 'Lav69_d1.0_g0_t193.nidq.bin' out_start_smp=166034895 inp_gap_smp=8779849 out_zeros_smp=199.
[Thd 127173509772992 CPU 0 8/16/26 16:38:35.594] Gap before file 'Lav69_d1.0_g0_t194.nidq.bin' out_start_smp=166954286 inp_gap_smp=4875633 out_zeros_smp=199.
[Thd 127173509772992 CPU 0 8/16/26 16:38:35.596] Gap before file 'Lav69_d1.0_g0_t195.nidq.bin' out_start_smp=167873677 inp_gap_smp=1638186 out_zeros_smp=199.
[Thd 127173509772992 CPU 0 8/16/26 16:38:35.603] Gap before file 'Lav69_d1.0_g0_t198.nidq.bin' out_start_smp=170330191 inp_gap_smp=5112781 out_zeros_smp=199.
[Thd 127173509772992 CPU 0 8/16/26 16:38:35.605] Gap before file 'Lav69_d1.0_g0_t199.nidq.bin' out_start_smp=171249581 inp_gap_smp=99978 out_zeros_smp=199.
[Thd 127173509772992 CPU 0 8/16/26 16:38:35.608] Done nidq: 200 of 259.
[Thd 127173509772992 CPU 0 8/16/26 16:38:35.612] Gap before file 'Lav69_d1.0_g0_t202.nidq.bin' out_start_smp=173733145 inp_gap_smp=58386 out_zeros_smp=199.
[Thd 127173509772992 CPU 0 8/16/26 16:38:35.618] Gap before file 'Lav69_d1.0_g0_t204.nidq.bin' out_start_smp=175365964 inp_gap_smp=338215 out_zeros_smp=199.
[Thd 127173509772992 CPU 0 8/16/26 16:38:35.627] Gap before file 'Lav69_d1.0_g0_t208.nidq.bin' out_start_smp=178413179 inp_gap_smp=79204 out_zeros_smp=199.
[Thd 127173509772992 CPU 0 8/16/26 16:38:35.637] Gap before file 'Lav69_d1.0_g0_t212.nidq.bin' out_start_smp=181589359 inp_gap_smp=4978616 out_zeros_smp=199.
[Thd 127173509772992 CPU 0 8/16/26 16:38:35.640] Gap before file 'Lav69_d1.0_g0_t213.nidq.bin' out_start_smp=182508750 inp_gap_smp=312166 out_zeros_smp=199.
[Thd 127173509772992 CPU 0 8/16/26 16:38:35.643] Gap before file 'Lav69_d1.0_g0_t214.nidq.bin' out_start_smp=183428141 inp_gap_smp=211283 out_zeros_smp=199.
[Thd 127173509772992 CPU 0 8/16/26 16:38:35.648] Gap before file 'Lav69_d1.0_g0_t216.nidq.bin' out_start_smp=185044293 inp_gap_smp=58416 out_zeros_smp=199.
[Thd 127173509772992 CPU 0 8/16/26 16:38:35.650] Gap before file 'Lav69_d1.0_g0_t217.nidq.bin' out_start_smp=185963684 inp_gap_smp=18874 out_zeros_smp=199.
[Thd 127173509772992 CPU 0 8/16/26 16:38:35.653] Gap before file 'Lav69_d1.0_g0_t218.nidq.bin' out_start_smp=186883075 inp_gap_smp=57457859 out_zeros_smp=199.
[Thd 127173509772992 CPU 0 8/16/26 16:38:35.655] Gap before file 'Lav69_d1.0_g0_t219.nidq.bin' out_start_smp=187802466 inp_gap_smp=12368889 out_zeros_smp=199.
[Thd 127173509772992 CPU 0 8/16/26 16:38:35.657] Done nidq: 220 of 259.
[Thd 127173509772992 CPU 0 8/16/26 16:38:35.657] Gap before file 'Lav69_d1.0_g0_t220.nidq.bin' out_start_smp=188721856 inp_gap_smp=2560620 out_zeros_smp=199.
[Thd 127173509772992 CPU 0 8/16/26 16:38:35.659] Gap before file 'Lav69_d1.0_g0_t221.nidq.bin' out_start_smp=189641246 inp_gap_smp=23414677 out_zeros_smp=199.
[Thd 127173509772992 CPU 0 8/16/26 16:38:35.662] Gap before file 'Lav69_d1.0_g0_t222.nidq.bin' out_start_smp=190560637 inp_gap_smp=392170 out_zeros_smp=199.
[Thd 127173509772992 CPU 0 8/16/26 16:38:35.665] Gap before file 'Lav69_d1.0_g0_t223.nidq.bin' out_start_smp=191480028 inp_gap_smp=13791551 out_zeros_smp=199.
[Thd 127173509772992 CPU 0 8/16/26 16:38:35.668] Gap before file 'Lav69_d1.0_g0_t224.nidq.bin' out_start_smp=192399419 inp_gap_smp=485860 out_zeros_smp=199.
[Thd 127173509772992 CPU 0 8/16/26 16:38:35.679] Gap before file 'Lav69_d1.0_g0_t228.nidq.bin' out_start_smp=195893820 inp_gap_smp=321576 out_zeros_smp=199.
[Thd 127173509772992 CPU 0 8/16/26 16:38:35.684] Gap before file 'Lav69_d1.0_g0_t230.nidq.bin' out_start_smp=197603574 inp_gap_smp=734404 out_zeros_smp=199.
[Thd 127173509772992 CPU 0 8/16/26 16:38:35.686] Gap before file 'Lav69_d1.0_g0_t231.nidq.bin' out_start_smp=198522965 inp_gap_smp=818620 out_zeros_smp=199.
[Thd 127173509772992 CPU 0 8/16/26 16:38:35.689] Gap before file 'Lav69_d1.0_g0_t232.nidq.bin' out_start_smp=199442356 inp_gap_smp=93760 out_zeros_smp=199.
[Thd 127173509772992 CPU 0 8/16/26 16:38:35.692] Gap before file 'Lav69_d1.0_g0_t233.nidq.bin' out_start_smp=200361747 inp_gap_smp=398498 out_zeros_smp=199.
[Thd 127173509772992 CPU 0 8/16/26 16:38:35.694] Gap before file 'Lav69_d1.0_g0_t234.nidq.bin' out_start_smp=201281138 inp_gap_smp=1673537 out_zeros_smp=199.
[Thd 127173509772992 CPU 0 8/16/26 16:38:35.696] Gap before file 'Lav69_d1.0_g0_t235.nidq.bin' out_start_smp=202200529 inp_gap_smp=41071692 out_zeros_smp=199.
[Thd 127173509772992 CPU 0 8/16/26 16:38:35.699] Gap before file 'Lav69_d1.0_g0_t236.nidq.bin' out_start_smp=203119919 inp_gap_smp=3502864 out_zeros_smp=199.
[Thd 127173509772992 CPU 0 8/16/26 16:38:35.702] Gap before file 'Lav69_d1.0_g0_t237.nidq.bin' out_start_smp=204039310 inp_gap_smp=2789403 out_zeros_smp=199.
[Thd 127173509772992 CPU 0 8/16/26 16:38:35.704] Gap before file 'Lav69_d1.0_g0_t238.nidq.bin' out_start_smp=204958701 inp_gap_smp=3338600 out_zeros_smp=199.
[Thd 127173509772992 CPU 0 8/16/26 16:38:35.706] Gap before file 'Lav69_d1.0_g0_t239.nidq.bin' out_start_smp=205878092 inp_gap_smp=500376 out_zeros_smp=199.
[Thd 127173509772992 CPU 0 8/16/26 16:38:35.709] Done nidq: 240 of 259.
[Thd 127173509772992 CPU 0 8/16/26 16:38:35.709] Gap before file 'Lav69_d1.0_g0_t240.nidq.bin' out_start_smp=206797483 inp_gap_smp=694907 out_zeros_smp=199.
[Thd 127173509772992 CPU 0 8/16/26 16:38:35.711] Gap before file 'Lav69_d1.0_g0_t241.nidq.bin' out_start_smp=207716873 inp_gap_smp=1070272 out_zeros_smp=199.
[Thd 127173509772992 CPU 0 8/16/26 16:38:35.713] Gap before file 'Lav69_d1.0_g0_t242.nidq.bin' out_start_smp=208636264 inp_gap_smp=96910 out_zeros_smp=199.
[Thd 127173509772992 CPU 0 8/16/26 16:38:35.715] Gap before file 'Lav69_d1.0_g0_t243.nidq.bin' out_start_smp=209555654 inp_gap_smp=683457 out_zeros_smp=199.
[Thd 127173509772992 CPU 0 8/16/26 16:38:35.717] Gap before file 'Lav69_d1.0_g0_t244.nidq.bin' out_start_smp=210475045 inp_gap_smp=329862 out_zeros_smp=199.
[Thd 127173509772992 CPU 0 8/16/26 16:38:35.721] Gap before file 'Lav69_d1.0_g0_t245.nidq.bin' out_start_smp=211394435 inp_gap_smp=40023412 out_zeros_smp=199.
[Thd 127173509772992 CPU 0 8/16/26 16:38:35.725] Gap before file 'Lav69_d1.0_g0_t247.nidq.bin' out_start_smp=213040733 inp_gap_smp=271584 out_zeros_smp=199.
[Thd 127173509772992 CPU 0 8/16/26 16:38:35.727] Gap before file 'Lav69_d1.0_g0_t248.nidq.bin' out_start_smp=213960123 inp_gap_smp=226868 out_zeros_smp=199.
[Thd 127173509772992 CPU 0 8/16/26 16:38:35.729] Gap before file 'Lav69_d1.0_g0_t249.nidq.bin' out_start_smp=214879513 inp_gap_smp=1551832 out_zeros_smp=199.
[Thd 127173509772992 CPU 0 8/16/26 16:38:35.734] Gap before file 'Lav69_d1.0_g0_t251.nidq.bin' out_start_smp=216711014 inp_gap_smp=381818 out_zeros_smp=199.
[Thd 127173509772992 CPU 0 8/16/26 16:38:35.737] Gap before file 'Lav69_d1.0_g0_t252.nidq.bin' out_start_smp=217630405 inp_gap_smp=192570 out_zeros_smp=199.
[Thd 127173509772992 CPU 0 8/16/26 16:38:35.742] Gap before file 'Lav69_d1.0_g0_t254.nidq.bin' out_start_smp=219281941 inp_gap_smp=40742 out_zeros_smp=199.
[Thd 127173509772992 CPU 0 8/16/26 16:38:35.744] Gap before file 'Lav69_d1.0_g0_t255.nidq.bin' out_start_smp=220201331 inp_gap_smp=14250208 out_zeros_smp=199.
[Thd 127173509772992 CPU 0 8/16/26 16:38:35.746] Gap before file 'Lav69_d1.0_g0_t256.nidq.bin' out_start_smp=221120722 inp_gap_smp=2975564 out_zeros_smp=199.
[Thd 127173509772992 CPU 0 8/16/26 16:38:35.749] Gap before file 'Lav69_d1.0_g0_t257.nidq.bin' out_start_smp=222040113 inp_gap_smp=10480247 out_zeros_smp=199.
[Thd 127173573354496 CPU 0 8/16/26 16:38:38.712] Gap before file 'Lav69_d1.0_g0_t1.imec0.ap.bin' out_start_smp=689397 inp_gap_smp=34395351 out_zeros_smp=149.
[Thd 127173573354496 CPU 0 8/16/26 16:38:45.425] Gap before file 'Lav69_d1.0_g0_t3.imec0.ap.bin' out_start_smp=1980289 inp_gap_smp=2131136 out_zeros_smp=149.
[Thd 127173573354496 CPU 0 8/16/26 16:38:58.428] Gap before file 'Lav69_d1.0_g0_t7.imec0.ap.bin' out_start_smp=4464631 inp_gap_smp=379179 out_zeros_smp=149.
[Thd 127173573354496 CPU 0 8/16/26 16:39:14.218] Gap before file 'Lav69_d1.0_g0_t12.imec0.ap.bin' out_start_smp=7491091 inp_gap_smp=565609 out_zeros_smp=149.
[Thd 127173573354496 CPU 0 8/16/26 16:39:24.164] Gap before file 'Lav69_d1.0_g0_t15.imec0.ap.bin' out_start_smp=9409174 inp_gap_smp=110092 out_zeros_smp=149.
[Thd 127173573354496 CPU 0 8/16/26 16:39:27.791] Gap before file 'Lav69_d1.0_g0_t16.imec0.ap.bin' out_start_smp=10098720 inp_gap_smp=8991264 out_zeros_smp=149.
[Thd 127173573354496 CPU 0 8/16/26 16:39:31.363] Gap before file 'Lav69_d1.0_g0_t17.imec0.ap.bin' out_start_smp=10788267 inp_gap_smp=44584 out_zeros_smp=149.
[Thd 127173573354496 CPU 0 8/16/26 16:39:37.927] Gap before file 'Lav69_d1.0_g0_t19.imec0.ap.bin' out_start_smp=12029283 inp_gap_smp=523513 out_zeros_smp=149.
[Thd 127173573354496 CPU 0 8/16/26 16:39:41.402] Done imap0: 20 of 259.
[Thd 129002555425792 CPU 0 8/16/26 16:51:24.018] ++++++++++++++++++++++++
[Thd 129002555425792 CPU 0 8/16/26 16:51:24.018] Command (raw):
[Thd 129002555425792 CPU 0 8/16/26 16:51:24.018] CatGT -dir=/mnt/work0/kbsuresh/rawData/Lav69 -run=Lav69_d1.0 -prb=0 -gtlist={0,0,258} -chnexcl={0;23,237} -dest=/mnt/work0/kbsuresh/pass_1/Lav69/Lav69_d1.0 -apfilter=butter,12,300,9000 -gblcar -zerofillmax=5 -ap -ni -prb_fld -pass1_force_ni_ob_bin -out_prb_fld
[Thd 129002555425792 CPU 0 8/16/26 16:51:24.018] Command (active):
[Thd 129002555425792 CPU 0 8/16/26 16:51:24.018] CatGT -dir=/mnt/work0/kbsuresh/rawData/Lav69 -run=Lav69_d1.0 -gtlist={0,0,258} -prb_fld -ni -ap -prb=0 -zerofillmax=5 -apfilter=butter,12,300,9000 -gblcar -chnexcl={0;23,237} -pass1_force_ni_ob_bin -dest=/mnt/work0/kbsuresh/pass_1/Lav69/Lav69_d1.0 -out_prb_fld
[Thd 129002494752448 CPU 0 8/16/26 16:51:24.405] Gap before file 'Lav69_d1.0_g0_t1.nidq.bin' out_start_smp=919191 inp_gap_smp=45859893 out_zeros_smp=199.
[Thd 129002494752448 CPU 0 8/16/26 16:51:24.409] Gap before file 'Lav69_d1.0_g0_t3.nidq.bin' out_start_smp=2640367 inp_gap_smp=2841474 out_zeros_smp=199.
[Thd 129002494752448 CPU 0 8/16/26 16:51:24.415] Gap before file 'Lav69_d1.0_g0_t7.nidq.bin' out_start_smp=5952792 inp_gap_smp=505559 out_zeros_smp=199.
[Thd 129002494752448 CPU 0 8/16/26 16:51:24.423] Gap before file 'Lav69_d1.0_g0_t12.nidq.bin' out_start_smp=9988032 inp_gap_smp=754130 out_zeros_smp=199.
[Thd 129002494752448 CPU 0 8/16/26 16:51:24.428] Gap before file 'Lav69_d1.0_g0_t15.nidq.bin' out_start_smp=12545453 inp_gap_smp=146781 out_zeros_smp=199.
[Thd 129002494752448 CPU 0 8/16/26 16:51:24.430] Gap before file 'Lav69_d1.0_g0_t16.nidq.bin' out_start_smp=13464843 inp_gap_smp=11988209 out_zeros_smp=199.
[Thd 129002494752448 CPU 0 8/16/26 16:51:24.432] Gap before file 'Lav69_d1.0_g0_t17.nidq.bin' out_start_smp=14384234 inp_gap_smp=59440 out_zeros_smp=199.
[Thd 129002494752448 CPU 0 8/16/26 16:51:24.435] Gap before file 'Lav69_d1.0_g0_t19.nidq.bin' out_start_smp=16038908 inp_gap_smp=698004 out_zeros_smp=199.
[Thd 129002494752448 CPU 0 8/16/26 16:51:24.437] Done nidq: 20 of 259.
[Thd 129002494752448 CPU 0 8/16/26 16:51:24.439] Gap before file 'Lav69_d1.0_g0_t21.nidq.bin' out_start_smp=17661326 inp_gap_smp=736474 out_zeros_smp=199.
[Thd 129002494752448 CPU 0 8/16/26 16:51:24.440] Gap before file 'Lav69_d1.0_g0_t22.nidq.bin' out_start_smp=18580717 inp_gap_smp=118776 out_zeros_smp=199.
[Thd 129002494752448 CPU 0 8/16/26 16:51:24.442] Gap before file 'Lav69_d1.0_g0_t23.nidq.bin' out_start_smp=19500107 inp_gap_smp=115587 out_zeros_smp=199.
[Thd 129002494752448 CPU 0 8/16/26 16:51:24.444] Gap before file 'Lav69_d1.0_g0_t24.nidq.bin' out_start_smp=20419498 inp_gap_smp=2023979 out_zeros_smp=199.
[Thd 129002494752448 CPU 0 8/16/26 16:51:24.446] Gap before file 'Lav69_d1.0_g0_t25.nidq.bin' out_start_smp=21338889 inp_gap_smp=1235687 out_zeros_smp=199.
[Thd 129002494752448 CPU 0 8/16/26 16:51:24.448] Gap before file 'Lav69_d1.0_g0_t26.nidq.bin' out_start_smp=22258280 inp_gap_smp=500382 out_zeros_smp=199.
[Thd 129002494752448 CPU 0 8/16/26 16:51:24.450] Gap before file 'Lav69_d1.0_g0_t27.nidq.bin' out_start_smp=23177670 inp_gap_smp=2587687 out_zeros_smp=199.
[Thd 129002494752448 CPU 0 8/16/26 16:51:24.455] Gap before file 'Lav69_d1.0_g0_t30.nidq.bin' out_start_smp=25632109 inp_gap_smp=5321813 out_zeros_smp=199.
[Thd 129002494752448 CPU 0 8/16/26 16:51:24.456] Gap before file 'Lav69_d1.0_g0_t31.nidq.bin' out_start_smp=26551500 inp_gap_smp=2349514 out_zeros_smp=199.
[Thd 129002494752448 CPU 0 8/16/26 16:51:24.460] Gap before file 'Lav69_d1.0_g0_t33.nidq.bin' out_start_smp=28211331 inp_gap_smp=737571 out_zeros_smp=199.
[Thd 129002494752448 CPU 0 8/16/26 16:51:24.462] Gap before file 'Lav69_d1.0_g0_t34.nidq.bin' out_start_smp=29130721 inp_gap_smp=148846 out_zeros_smp=199.
[Thd 129002494752448 CPU 0 8/16/26 16:51:24.463] Gap before file 'Lav69_d1.0_g0_t35.nidq.bin' out_start_smp=30050112 inp_gap_smp=4017721 out_zeros_smp=199.
[Thd 129002494752448 CPU 0 8/16/26 16:51:24.465] Gap before file 'Lav69_d1.0_g0_t36.nidq.bin' out_start_smp=30969503 inp_gap_smp=180034 out_zeros_smp=199.
[Thd 129002494752448 CPU 0 8/16/26 16:51:24.471] Gap before file 'Lav69_d1.0_g0_t39.nidq.bin' out_start_smp=33605976 inp_gap_smp=3274029 out_zeros_smp=199.
[Thd 129002494752448 CPU 0 8/16/26 16:51:24.472] Done nidq: 40 of 259.
[Thd 129002494752448 CPU 0 8/16/26 16:51:24.477] Gap before file 'Lav69_d1.0_g0_t43.nidq.bin' out_start_smp=36785296 inp_gap_smp=3847107 out_zeros_smp=199.
[Thd 129002494752448 CPU 0 8/16/26 16:51:24.480] Gap before file 'Lav69_d1.0_g0_t45.nidq.bin' out_start_smp=38387977 inp_gap_smp=1161 out_zeros_smp=199.
[Thd 129002494752448 CPU 0 8/16/26 16:51:24.482] Gap before file 'Lav69_d1.0_g0_t46.nidq.bin' out_start_smp=39307367 inp_gap_smp=8501 out_zeros_smp=199.
[Thd 129002494752448 CPU 0 8/16/26 16:51:24.488] Gap before file 'Lav69_d1.0_g0_t50.nidq.bin' out_start_smp=42413893 inp_gap_smp=4023917 out_zeros_smp=199.
[Thd 129002494752448 CPU 0 8/16/26 16:51:24.496] Gap before file 'Lav69_d1.0_g0_t55.nidq.bin' out_start_smp=46441819 inp_gap_smp=98938 out_zeros_smp=199.
[Thd 129002494752448 CPU 0 8/16/26 16:51:24.498] Gap before file 'Lav69_d1.0_g0_t56.nidq.bin' out_start_smp=47361210 inp_gap_smp=25043304 out_zeros_smp=199.
[Thd 129002494752448 CPU 0 8/16/26 16:51:24.500] Gap before file 'Lav69_d1.0_g0_t57.nidq.bin' out_start_smp=48280600 inp_gap_smp=151972 out_zeros_smp=199.
[Thd 129002494752448 CPU 0 8/16/26 16:51:24.502] Gap before file 'Lav69_d1.0_g0_t58.nidq.bin' out_start_smp=49199991 inp_gap_smp=193764979 out_zeros_smp=199.
[Thd 129002494752448 CPU 0 8/16/26 16:51:24.504] Gap before file 'Lav69_d1.0_g0_t59.nidq.bin' out_start_smp=50119381 inp_gap_smp=42762 out_zeros_smp=199.
[Thd 129002494752448 CPU 0 8/16/26 16:51:24.506] Done nidq: 60 of 259.
[Thd 129002494752448 CPU 0 8/16/26 16:51:24.510] Gap before file 'Lav69_d1.0_g0_t63.nidq.bin' out_start_smp=53458875 inp_gap_smp=756263 out_zeros_smp=199.
[Thd 129002494752448 CPU 0 8/16/26 16:51:24.512] Gap before file 'Lav69_d1.0_g0_t64.nidq.bin' out_start_smp=54378266 inp_gap_smp=350588 out_zeros_smp=199.
[Thd 129002494752448 CPU 0 8/16/26 16:51:24.514] Gap before file 'Lav69_d1.0_g0_t65.nidq.bin' out_start_smp=55297656 inp_gap_smp=77125 out_zeros_smp=199.
[Thd 129002494752448 CPU 0 8/16/26 16:51:24.517] Gap before file 'Lav69_d1.0_g0_t67.nidq.bin' out_start_smp=56940876 inp_gap_smp=5093054 out_zeros_smp=199.
[Thd 129002494752448 CPU 0 8/16/26 16:51:24.519] Gap before file 'Lav69_d1.0_g0_t68.nidq.bin' out_start_smp=57860267 inp_gap_smp=26734310 out_zeros_smp=199.
[Thd 129002494752448 CPU 0 8/16/26 16:51:24.521] Gap before file 'Lav69_d1.0_g0_t69.nidq.bin' out_start_smp=58779658 inp_gap_smp=15684292 out_zeros_smp=199.
[Thd 129002494752448 CPU 0 8/16/26 16:51:24.523] Gap before file 'Lav69_d1.0_g0_t70.nidq.bin' out_start_smp=59699049 inp_gap_smp=14161815 out_zeros_smp=199.
[Thd 129002494752448 CPU 0 8/16/26 16:51:24.525] Gap before file 'Lav69_d1.0_g0_t71.nidq.bin' out_start_smp=60618440 inp_gap_smp=406791 out_zeros_smp=199.
[Thd 129002494752448 CPU 0 8/16/26 16:51:24.530] Gap before file 'Lav69_d1.0_g0_t74.nidq.bin' out_start_smp=63215372 inp_gap_smp=14820120 out_zeros_smp=199.
[Thd 129002494752448 CPU 0 8/16/26 16:51:24.535] Gap before file 'Lav69_d1.0_g0_t77.nidq.bin' out_start_smp=65572034 inp_gap_smp=88530 out_zeros_smp=199.
[Thd 129002494752448 CPU 0 8/16/26 16:51:24.537] Gap before file 'Lav69_d1.0_g0_t78.nidq.bin' out_start_smp=66491425 inp_gap_smp=18875 out_zeros_smp=199.
[Thd 129002494752448 CPU 0 8/16/26 16:51:24.539] Gap before file 'Lav69_d1.0_g0_t79.nidq.bin' out_start_smp=67410816 inp_gap_smp=375638 out_zeros_smp=199.
[Thd 129002494752448 CPU 0 8/16/26 16:51:24.541] Done nidq: 80 of 259.
[Thd 129002494752448 CPU 0 8/16/26 16:51:24.543] Gap before file 'Lav69_d1.0_g0_t81.nidq.bin' out_start_smp=69083138 inp_gap_smp=637668 out_zeros_smp=199.
[Thd 129002494752448 CPU 0 8/16/26 16:51:24.544] Gap before file 'Lav69_d1.0_g0_t82.nidq.bin' out_start_smp=70002528 inp_gap_smp=494226 out_zeros_smp=199.
[Thd 129002494752448 CPU 0 8/16/26 16:51:24.548] Gap before file 'Lav69_d1.0_g0_t84.nidq.bin' out_start_smp=71640528 inp_gap_smp=347551 out_zeros_smp=199.
[Thd 129002494752448 CPU 0 8/16/26 16:51:24.551] Gap before file 'Lav69_d1.0_g0_t86.nidq.bin' out_start_smp=73378344 inp_gap_smp=387076 out_zeros_smp=199.
[Thd 129002494752448 CPU 0 8/16/26 16:51:24.553] Gap before file 'Lav69_d1.0_g0_t87.nidq.bin' out_start_smp=74297735 inp_gap_smp=545104 out_zeros_smp=199.
[Thd 129002494752448 CPU 0 8/16/26 16:51:24.556] Gap before file 'Lav69_d1.0_g0_t89.nidq.bin' out_start_smp=75916013 inp_gap_smp=157186 out_zeros_smp=199.
[Thd 129002494752448 CPU 0 8/16/26 16:51:24.559] Gap before file 'Lav69_d1.0_g0_t91.nidq.bin' out_start_smp=77523927 inp_gap_smp=144665 out_zeros_smp=199.
[Thd 129002494752448 CPU 0 8/16/26 16:51:24.564] Gap before file 'Lav69_d1.0_g0_t94.nidq.bin' out_start_smp=80044939 inp_gap_smp=158281 out_zeros_smp=199.
[Thd 129002494752448 CPU 0 8/16/26 16:51:24.568] Gap before file 'Lav69_d1.0_g0_t96.nidq.bin' out_start_smp=81726615 inp_gap_smp=709433 out_zeros_smp=199.
[Thd 129002494752448 CPU 0 8/16/26 16:51:24.569] Gap before file 'Lav69_d1.0_g0_t97.nidq.bin' out_start_smp=82646006 inp_gap_smp=94832 out_zeros_smp=199.
[Thd 129002494752448 CPU 0 8/16/26 16:51:24.573] Gap before file 'Lav69_d1.0_g0_t99.nidq.bin' out_start_smp=84295479 inp_gap_smp=246627 out_zeros_smp=199.
[Thd 129002494752448 CPU 0 8/16/26 16:51:24.574] Done nidq: 100 of 259.
[Thd 129002494752448 CPU 0 8/16/26 16:51:24.575] Gap before file 'Lav69_d1.0_g0_t100.nidq.bin' out_start_smp=85214869 inp_gap_smp=328801 out_zeros_smp=199.
[Thd 129002494752448 CPU 0 8/16/26 16:51:24.576] Gap before file 'Lav69_d1.0_g0_t101.nidq.bin' out_start_smp=86134260 inp_gap_smp=999565 out_zeros_smp=199.
[Thd 129002494752448 CPU 0 8/16/26 16:51:24.580] Gap before file 'Lav69_d1.0_g0_t103.nidq.bin' out_start_smp=87889811 inp_gap_smp=247709 out_zeros_smp=199.
[Thd 129002494752448 CPU 0 8/16/26 16:51:24.582] Gap before file 'Lav69_d1.0_g0_t104.nidq.bin' out_start_smp=88809202 inp_gap_smp=970469 out_zeros_smp=199.
[Thd 129002494752448 CPU 0 8/16/26 16:51:24.583] Gap before file 'Lav69_d1.0_g0_t105.nidq.bin' out_start_smp=89728593 inp_gap_smp=7333640 out_zeros_smp=199.
[Thd 129002494752448 CPU 0 8/16/26 16:51:24.585] Gap before file 'Lav69_d1.0_g0_t106.nidq.bin' out_start_smp=90647983 inp_gap_smp=56595815 out_zeros_smp=199.
[Thd 129002494752448 CPU 0 8/16/26 16:51:24.589] Gap before file 'Lav69_d1.0_g0_t108.nidq.bin' out_start_smp=92460659 inp_gap_smp=614848 out_zeros_smp=199.
[Thd 129002494752448 CPU 0 8/16/26 16:51:24.590] Gap before file 'Lav69_d1.0_g0_t109.nidq.bin' out_start_smp=93380050 inp_gap_smp=54804814 out_zeros_smp=199.
[Thd 129002494752448 CPU 0 8/16/26 16:51:24.592] Gap before file 'Lav69_d1.0_g0_t110.nidq.bin' out_start_smp=94299440 inp_gap_smp=95672999 out_zeros_smp=199.
[Thd 129002494752448 CPU 0 8/16/26 16:51:24.594] Gap before file 'Lav69_d1.0_g0_t111.nidq.bin' out_start_smp=95218830 inp_gap_smp=40032515 out_zeros_smp=199.
[Thd 129002494752448 CPU 0 8/16/26 16:51:24.596] Gap before file 'Lav69_d1.0_g0_t112.nidq.bin' out_start_smp=96138220 inp_gap_smp=46575023 out_zeros_smp=199.
[Thd 129002494752448 CPU 0 8/16/26 16:51:24.599] Gap before file 'Lav69_d1.0_g0_t114.nidq.bin' out_start_smp=97767974 inp_gap_smp=89402341 out_zeros_smp=199.
[Thd 129002494752448 CPU 0 8/16/26 16:51:24.601] Gap before file 'Lav69_d1.0_g0_t115.nidq.bin' out_start_smp=98687364 inp_gap_smp=188395 out_zeros_smp=199.
[Thd 129002494752448 CPU 0 8/16/26 16:51:24.602] Gap before file 'Lav69_d1.0_g0_t116.nidq.bin' out_start_smp=99606755 inp_gap_smp=60191039 out_zeros_smp=199.
[Thd 129002494752448 CPU 0 8/16/26 16:51:24.606] Gap before file 'Lav69_d1.0_g0_t118.nidq.bin' out_start_smp=101344573 inp_gap_smp=1939747 out_zeros_smp=199.
[Thd 129002494752448 CPU 0 8/16/26 16:51:24.607] Gap before file 'Lav69_d1.0_g0_t119.nidq.bin' out_start_smp=102263963 inp_gap_smp=65019733 out_zeros_smp=199.
[Thd 129002494752448 CPU 0 8/16/26 16:51:24.609] Done nidq: 120 of 259.
[Thd 129002494752448 CPU 0 8/16/26 16:51:24.609] Gap before file 'Lav69_d1.0_g0_t120.nidq.bin' out_start_smp=103183353 inp_gap_smp=5352 out_zeros_smp=199.
[Thd 129002494752448 CPU 0 8/16/26 16:51:24.611] Gap before file 'Lav69_d1.0_g0_t121.nidq.bin' out_start_smp=104102744 inp_gap_smp=36934562 out_zeros_smp=199.
[Thd 129002494752448 CPU 0 8/16/26 16:51:24.614] Gap before file 'Lav69_d1.0_g0_t123.nidq.bin' out_start_smp=105916603 inp_gap_smp=25171139 out_zeros_smp=199.
[Thd 129002494752448 CPU 0 8/16/26 16:51:24.616] Gap before file 'Lav69_d1.0_g0_t124.nidq.bin' out_start_smp=106835994 inp_gap_smp=14888710 out_zeros_smp=199.
[Thd 129002494752448 CPU 0 8/16/26 16:51:24.621] Gap before file 'Lav69_d1.0_g0_t127.nidq.bin' out_start_smp=109306096 inp_gap_smp=10129679 out_zeros_smp=199.
[Thd 129002494752448 CPU 0 8/16/26 16:51:24.623] Gap before file 'Lav69_d1.0_g0_t128.nidq.bin' out_start_smp=110225486 inp_gap_smp=63834583 out_zeros_smp=199.
[Thd 129002494752448 CPU 0 8/16/26 16:51:24.624] Gap before file 'Lav69_d1.0_g0_t129.nidq.bin' out_start_smp=111144877 inp_gap_smp=78576106 out_zeros_smp=199.
[Thd 129002494752448 CPU 0 8/16/26 16:51:24.628] Gap before file 'Lav69_d1.0_g0_t131.nidq.bin' out_start_smp=112950294 inp_gap_smp=2122832 out_zeros_smp=199.
[Thd 129002494752448 CPU 0 8/16/26 16:51:24.630] Gap before file 'Lav69_d1.0_g0_t132.nidq.bin' out_start_smp=113869685 inp_gap_smp=35007456 out_zeros_smp=199.
[Thd 129002494752448 CPU 0 8/16/26 16:51:24.632] Gap before file 'Lav69_d1.0_g0_t133.nidq.bin' out_start_smp=114789076 inp_gap_smp=13424406 out_zeros_smp=199.
[Thd 129002494752448 CPU 0 8/16/26 16:51:24.635] Gap before file 'Lav69_d1.0_g0_t135.nidq.bin' out_start_smp=116577952 inp_gap_smp=365178 out_zeros_smp=199.
[Thd 129002494752448 CPU 0 8/16/26 16:51:24.638] Gap before file 'Lav69_d1.0_g0_t137.nidq.bin' out_start_smp=118186840 inp_gap_smp=182197 out_zeros_smp=199.
[Thd 129002494752448 CPU 0 8/16/26 16:51:24.641] Gap before file 'Lav69_d1.0_g0_t139.nidq.bin' out_start_smp=119800906 inp_gap_smp=679304 out_zeros_smp=199.
[Thd 129002494752448 CPU 0 8/16/26 16:51:24.643] Done nidq: 140 of 259.
[Thd 129002494752448 CPU 0 8/16/26 16:51:24.643] Gap before file 'Lav69_d1.0_g0_t140.nidq.bin' out_start_smp=120720297 inp_gap_smp=387076 out_zeros_smp=199.
[Thd 129002494752448 CPU 0 8/16/26 16:51:24.647] Gap before file 'Lav69_d1.0_g0_t142.nidq.bin' out_start_smp=122393685 inp_gap_smp=248728 out_zeros_smp=199.
[Thd 129002494752448 CPU 0 8/16/26 16:51:24.650] Gap before file 'Lav69_d1.0_g0_t144.nidq.bin' out_start_smp=124053505 inp_gap_smp=134601692 out_zeros_smp=199.
[Thd 129002494752448 CPU 0 8/16/26 16:51:24.652] Gap before file 'Lav69_d1.0_g0_t145.nidq.bin' out_start_smp=124972895 inp_gap_smp=2529424 out_zeros_smp=199.
[Thd 129002494752448 CPU 0 8/16/26 16:51:24.654] Gap before file 'Lav69_d1.0_g0_t146.nidq.bin' out_start_smp=125892286 inp_gap_smp=40933394 out_zeros_smp=199.
[Thd 129002494752448 CPU 0 8/16/26 16:51:24.658] Gap before file 'Lav69_d1.0_g0_t148.nidq.bin' out_start_smp=127531296 inp_gap_smp=22537930 out_zeros_smp=199.
[Thd 129002494752448 CPU 0 8/16/26 16:51:24.660] Gap before file 'Lav69_d1.0_g0_t149.nidq.bin' out_start_smp=128450687 inp_gap_smp=5085766 out_zeros_smp=199.
[Thd 129002494752448 CPU 0 8/16/26 16:51:24.667] Gap before file 'Lav69_d1.0_g0_t153.nidq.bin' out_start_smp=131831698 inp_gap_smp=165521 out_zeros_smp=199.
[Thd 129002494752448 CPU 0 8/16/26 16:51:24.669] Gap before file 'Lav69_d1.0_g0_t154.nidq.bin' out_start_smp=132751089 inp_gap_smp=12742227 out_zeros_smp=199.
[Thd 129002494752448 CPU 0 8/16/26 16:51:24.672] Gap before file 'Lav69_d1.0_g0_t156.nidq.bin' out_start_smp=134430754 inp_gap_smp=666753 out_zeros_smp=199.
[Thd 129002494752448 CPU 0 8/16/26 16:51:24.674] Gap before file 'Lav69_d1.0_g0_t157.nidq.bin' out_start_smp=135350144 inp_gap_smp=2060428 out_zeros_smp=199.
[Thd 129002494752448 CPU 0 8/16/26 16:51:24.676] Gap before file 'Lav69_d1.0_g0_t158.nidq.bin' out_start_smp=136269535 inp_gap_smp=858134 out_zeros_smp=199.
[Thd 129002494752448 CPU 0 8/16/26 16:51:24.679] Done nidq: 160 of 259.
[Thd 129002494752448 CPU 0 8/16/26 16:51:24.681] Gap before file 'Lav69_d1.0_g0_t161.nidq.bin' out_start_smp=138793663 inp_gap_smp=86512 out_zeros_smp=199.
[Thd 129002494752448 CPU 0 8/16/26 16:51:24.683] Gap before file 'Lav69_d1.0_g0_t162.nidq.bin' out_start_smp=139713053 inp_gap_smp=1133734 out_zeros_smp=199.
[Thd 129002494752448 CPU 0 8/16/26 16:51:24.688] Gap before file 'Lav69_d1.0_g0_t165.nidq.bin' out_start_smp=142170592 inp_gap_smp=7455 out_zeros_smp=199.
[Thd 129002494752448 CPU 0 8/16/26 16:51:24.691] Gap before file 'Lav69_d1.0_g0_t167.nidq.bin' out_start_smp=143879342 inp_gap_smp=287225 out_zeros_smp=199.
[Thd 129002494752448 CPU 0 8/16/26 16:51:24.693] Gap before file 'Lav69_d1.0_g0_t168.nidq.bin' out_start_smp=144798733 inp_gap_smp=87499 out_zeros_smp=199.
[Thd 129002494752448 CPU 0 8/16/26 16:51:24.695] Gap before file 'Lav69_d1.0_g0_t169.nidq.bin' out_start_smp=145718124 inp_gap_smp=713566 out_zeros_smp=199.
[Thd 129002494752448 CPU 0 8/16/26 16:51:24.699] Gap before file 'Lav69_d1.0_g0_t171.nidq.bin' out_start_smp=147410225 inp_gap_smp=47006 out_zeros_smp=199.
[Thd 129002494752448 CPU 0 8/16/26 16:51:24.700] Gap before file 'Lav69_d1.0_g0_t172.nidq.bin' out_start_smp=148329616 inp_gap_smp=5561031 out_zeros_smp=199.
[Thd 129002494752448 CPU 0 8/16/26 16:51:24.702] Gap before file 'Lav69_d1.0_g0_t173.nidq.bin' out_start_smp=149249007 inp_gap_smp=615862 out_zeros_smp=199.
[Thd 129002494752448 CPU 0 8/16/26 16:51:24.704] Gap before file 'Lav69_d1.0_g0_t174.nidq.bin' out_start_smp=150168398 inp_gap_smp=50604266 out_zeros_smp=199.
[Thd 129002494752448 CPU 0 8/16/26 16:51:24.706] Gap before file 'Lav69_d1.0_g0_t175.nidq.bin' out_start_smp=151087789 inp_gap_smp=2006313 out_zeros_smp=199.
[Thd 129002494752448 CPU 0 8/16/26 16:51:24.708] Gap before file 'Lav69_d1.0_g0_t176.nidq.bin' out_start_smp=152007180 inp_gap_smp=162383 out_zeros_smp=199.
[Thd 129002494752448 CPU 0 8/16/26 16:51:24.710] Gap before file 'Lav69_d1.0_g0_t177.nidq.bin' out_start_smp=152926571 inp_gap_smp=251891 out_zeros_smp=199.
[Thd 129002494752448 CPU 0 8/16/26 16:51:24.714] Done nidq: 180 of 259.
[Thd 129002494752448 CPU 0 8/16/26 16:51:24.714] Gap before file 'Lav69_d1.0_g0_t180.nidq.bin' out_start_smp=155272782 inp_gap_smp=365239 out_zeros_smp=199.
[Thd 129002494752448 CPU 0 8/16/26 16:51:24.716] Gap before file 'Lav69_d1.0_g0_t181.nidq.bin' out_start_smp=156192172 inp_gap_smp=365177 out_zeros_smp=199.
[Thd 129002494752448 CPU 0 8/16/26 16:51:24.722] Gap before file 'Lav69_d1.0_g0_t184.nidq.bin' out_start_smp=158796386 inp_gap_smp=36542 out_zeros_smp=199.
[Thd 129002494752448 CPU 0 8/16/26 16:51:24.723] Gap before file 'Lav69_d1.0_g0_t185.nidq.bin' out_start_smp=159715776 inp_gap_smp=231015 out_zeros_smp=199.
[Thd 129002494752448 CPU 0 8/16/26 16:51:24.728] Gap before file 'Lav69_d1.0_g0_t188.nidq.bin' out_start_smp=162072482 inp_gap_smp=1594505 out_zeros_smp=199.
[Thd 129002494752448 CPU 0 8/16/26 16:51:24.731] Gap before file 'Lav69_d1.0_g0_t190.nidq.bin' out_start_smp=163671997 inp_gap_smp=605434 out_zeros_smp=199.
[Thd 129002494752448 CPU 0 8/16/26 16:51:24.736] Gap before file 'Lav69_d1.0_g0_t193.nidq.bin' out_start_smp=166034895 inp_gap_smp=8779849 out_zeros_smp=199.
[Thd 129002494752448 CPU 0 8/16/26 16:51:24.738] Gap before file 'Lav69_d1.0_g0_t194.nidq.bin' out_start_smp=166954286 inp_gap_smp=4875633 out_zeros_smp=199.
[Thd 129002494752448 CPU 0 8/16/26 16:51:24.740] Gap before file 'Lav69_d1.0_g0_t195.nidq.bin' out_start_smp=167873677 inp_gap_smp=1638186 out_zeros_smp=199.
[Thd 129002494752448 CPU 0 8/16/26 16:51:24.745] Gap before file 'Lav69_d1.0_g0_t198.nidq.bin' out_start_smp=170330191 inp_gap_smp=5112781 out_zeros_smp=199.
[Thd 129002494752448 CPU 0 8/16/26 16:51:24.747] Gap before file 'Lav69_d1.0_g0_t199.nidq.bin' out_start_smp=171249581 inp_gap_smp=99978 out_zeros_smp=199.
[Thd 129002494752448 CPU 0 8/16/26 16:51:24.748] Done nidq: 200 of 259.
[Thd 129002494752448 CPU 0 8/16/26 16:51:24.752] Gap before file 'Lav69_d1.0_g0_t202.nidq.bin' out_start_smp=173733145 inp_gap_smp=58386 out_zeros_smp=199.
[Thd 129002494752448 CPU 0 8/16/26 16:51:24.755] Gap before file 'Lav69_d1.0_g0_t204.nidq.bin' out_start_smp=175365964 inp_gap_smp=338215 out_zeros_smp=199.
[Thd 129002494752448 CPU 0 8/16/26 16:51:24.761] Gap before file 'Lav69_d1.0_g0_t208.nidq.bin' out_start_smp=178413179 inp_gap_smp=79204 out_zeros_smp=199.
[Thd 129002494752448 CPU 0 8/16/26 16:51:24.768] Gap before file 'Lav69_d1.0_g0_t212.nidq.bin' out_start_smp=181589359 inp_gap_smp=4978616 out_zeros_smp=199.
[Thd 129002494752448 CPU 0 8/16/26 16:51:24.770] Gap before file 'Lav69_d1.0_g0_t213.nidq.bin' out_start_smp=182508750 inp_gap_smp=312166 out_zeros_smp=199.
[Thd 129002494752448 CPU 0 8/16/26 16:51:24.772] Gap before file 'Lav69_d1.0_g0_t214.nidq.bin' out_start_smp=183428141 inp_gap_smp=211283 out_zeros_smp=199.
[Thd 129002494752448 CPU 0 8/16/26 16:51:24.775] Gap before file 'Lav69_d1.0_g0_t216.nidq.bin' out_start_smp=185044293 inp_gap_smp=58416 out_zeros_smp=199.
[Thd 129002494752448 CPU 0 8/16/26 16:51:24.777] Gap before file 'Lav69_d1.0_g0_t217.nidq.bin' out_start_smp=185963684 inp_gap_smp=18874 out_zeros_smp=199.
[Thd 129002494752448 CPU 0 8/16/26 16:51:24.778] Gap before file 'Lav69_d1.0_g0_t218.nidq.bin' out_start_smp=186883075 inp_gap_smp=57457859 out_zeros_smp=199.
[Thd 129002494752448 CPU 0 8/16/26 16:51:24.780] Gap before file 'Lav69_d1.0_g0_t219.nidq.bin' out_start_smp=187802466 inp_gap_smp=12368889 out_zeros_smp=199.
[Thd 129002494752448 CPU 0 8/16/26 16:51:24.782] Done nidq: 220 of 259.
[Thd 129002494752448 CPU 0 8/16/26 16:51:24.782] Gap before file 'Lav69_d1.0_g0_t220.nidq.bin' out_start_smp=188721856 inp_gap_smp=2560620 out_zeros_smp=199.
[Thd 129002494752448 CPU 0 8/16/26 16:51:24.784] Gap before file 'Lav69_d1.0_g0_t221.nidq.bin' out_start_smp=189641246 inp_gap_smp=23414677 out_zeros_smp=199.
[Thd 129002494752448 CPU 0 8/16/26 16:51:24.786] Gap before file 'Lav69_d1.0_g0_t222.nidq.bin' out_start_smp=190560637 inp_gap_smp=392170 out_zeros_smp=199.
[Thd 129002494752448 CPU 0 8/16/26 16:51:24.788] Gap before file 'Lav69_d1.0_g0_t223.nidq.bin' out_start_smp=191480028 inp_gap_smp=13791551 out_zeros_smp=199.
[Thd 129002494752448 CPU 0 8/16/26 16:51:24.789] Gap before file 'Lav69_d1.0_g0_t224.nidq.bin' out_start_smp=192399419 inp_gap_smp=485860 out_zeros_smp=199.
[Thd 129002494752448 CPU 0 8/16/26 16:51:24.797] Gap before file 'Lav69_d1.0_g0_t228.nidq.bin' out_start_smp=195893820 inp_gap_smp=321576 out_zeros_smp=199.
[Thd 129002494752448 CPU 0 8/16/26 16:51:24.800] Gap before file 'Lav69_d1.0_g0_t230.nidq.bin' out_start_smp=197603574 inp_gap_smp=734404 out_zeros_smp=199.
[Thd 129002494752448 CPU 0 8/16/26 16:51:24.802] Gap before file 'Lav69_d1.0_g0_t231.nidq.bin' out_start_smp=198522965 inp_gap_smp=818620 out_zeros_smp=199.
[Thd 129002494752448 CPU 0 8/16/26 16:51:24.804] Gap before file 'Lav69_d1.0_g0_t232.nidq.bin' out_start_smp=199442356 inp_gap_smp=93760 out_zeros_smp=199.
[Thd 129002494752448 CPU 0 8/16/26 16:51:24.806] Gap before file 'Lav69_d1.0_g0_t233.nidq.bin' out_start_smp=200361747 inp_gap_smp=398498 out_zeros_smp=199.
[Thd 129002494752448 CPU 0 8/16/26 16:51:24.808] Gap before file 'Lav69_d1.0_g0_t234.nidq.bin' out_start_smp=201281138 inp_gap_smp=1673537 out_zeros_smp=199.
[Thd 129002494752448 CPU 0 8/16/26 16:51:24.809] Gap before file 'Lav69_d1.0_g0_t235.nidq.bin' out_start_smp=202200529 inp_gap_smp=41071692 out_zeros_smp=199.
[Thd 129002494752448 CPU 0 8/16/26 16:51:24.811] Gap before file 'Lav69_d1.0_g0_t236.nidq.bin' out_start_smp=203119919 inp_gap_smp=3502864 out_zeros_smp=199.
[Thd 129002494752448 CPU 0 8/16/26 16:51:24.813] Gap before file 'Lav69_d1.0_g0_t237.nidq.bin' out_start_smp=204039310 inp_gap_smp=2789403 out_zeros_smp=199.
[Thd 129002494752448 CPU 0 8/16/26 16:51:24.815] Gap before file 'Lav69_d1.0_g0_t238.nidq.bin' out_start_smp=204958701 inp_gap_smp=3338600 out_zeros_smp=199.
[Thd 129002494752448 CPU 0 8/16/26 16:51:24.817] Gap before file 'Lav69_d1.0_g0_t239.nidq.bin' out_start_smp=205878092 inp_gap_smp=500376 out_zeros_smp=199.
[Thd 129002494752448 CPU 0 8/16/26 16:51:24.819] Done nidq: 240 of 259.
[Thd 129002494752448 CPU 0 8/16/26 16:51:24.819] Gap before file 'Lav69_d1.0_g0_t240.nidq.bin' out_start_smp=206797483 inp_gap_smp=694907 out_zeros_smp=199.
[Thd 129002494752448 CPU 0 8/16/26 16:51:24.821] Gap before file 'Lav69_d1.0_g0_t241.nidq.bin' out_start_smp=207716873 inp_gap_smp=1070272 out_zeros_smp=199.
[Thd 129002494752448 CPU 0 8/16/26 16:51:24.823] Gap before file 'Lav69_d1.0_g0_t242.nidq.bin' out_start_smp=208636264 inp_gap_smp=96910 out_zeros_smp=199.
[Thd 129002494752448 CPU 0 8/16/26 16:51:24.825] Gap before file 'Lav69_d1.0_g0_t243.nidq.bin' out_start_smp=209555654 inp_gap_smp=683457 out_zeros_smp=199.
[Thd 129002494752448 CPU 0 8/16/26 16:51:24.827] Gap before file 'Lav69_d1.0_g0_t244.nidq.bin' out_start_smp=210475045 inp_gap_smp=329862 out_zeros_smp=199.
[Thd 129002494752448 CPU 0 8/16/26 16:51:24.829] Gap before file 'Lav69_d1.0_g0_t245.nidq.bin' out_start_smp=211394435 inp_gap_smp=40023412 out_zeros_smp=199.
[Thd 129002494752448 CPU 0 8/16/26 16:51:24.832] Gap before file 'Lav69_d1.0_g0_t247.nidq.bin' out_start_smp=213040733 inp_gap_smp=271584 out_zeros_smp=199.
[Thd 129002494752448 CPU 0 8/16/26 16:51:24.834] Gap before file 'Lav69_d1.0_g0_t248.nidq.bin' out_start_smp=213960123 inp_gap_smp=226868 out_zeros_smp=199.
[Thd 129002494752448 CPU 0 8/16/26 16:51:24.836] Gap before file 'Lav69_d1.0_g0_t249.nidq.bin' out_start_smp=214879513 inp_gap_smp=1551832 out_zeros_smp=199.
[Thd 129002494752448 CPU 0 8/16/26 16:51:24.840] Gap before file 'Lav69_d1.0_g0_t251.nidq.bin' out_start_smp=216711014 inp_gap_smp=381818 out_zeros_smp=199.
[Thd 129002494752448 CPU 0 8/16/26 16:51:24.842] Gap before file 'Lav69_d1.0_g0_t252.nidq.bin' out_start_smp=217630405 inp_gap_smp=192570 out_zeros_smp=199.
[Thd 129002494752448 CPU 0 8/16/26 16:51:24.845] Gap before file 'Lav69_d1.0_g0_t254.nidq.bin' out_start_smp=219281941 inp_gap_smp=40742 out_zeros_smp=199.
[Thd 129002494752448 CPU 0 8/16/26 16:51:24.847] Gap before file 'Lav69_d1.0_g0_t255.nidq.bin' out_start_smp=220201331 inp_gap_smp=14250208 out_zeros_smp=199.
[Thd 129002494752448 CPU 0 8/16/26 16:51:24.849] Gap before file 'Lav69_d1.0_g0_t256.nidq.bin' out_start_smp=221120722 inp_gap_smp=2975564 out_zeros_smp=199.
[Thd 129002494752448 CPU 0 8/16/26 16:51:24.851] Gap before file 'Lav69_d1.0_g0_t257.nidq.bin' out_start_smp=222040113 inp_gap_smp=10480247 out_zeros_smp=199.
[Thd 129002555425792 CPU 0 8/16/26 16:51:28.158] Gap before file 'Lav69_d1.0_g0_t1.imec0.ap.bin' out_start_smp=689397 inp_gap_smp=34395351 out_zeros_smp=149.
[Thd 129002555425792 CPU 0 8/16/26 16:51:34.657] Gap before file 'Lav69_d1.0_g0_t3.imec0.ap.bin' out_start_smp=1980289 inp_gap_smp=2131136 out_zeros_smp=149.
[Thd 129002555425792 CPU 0 8/16/26 16:51:47.064] Gap before file 'Lav69_d1.0_g0_t7.imec0.ap.bin' out_start_smp=4464631 inp_gap_smp=379179 out_zeros_smp=149.
[Thd 129002555425792 CPU 0 8/16/26 16:52:02.186] Gap before file 'Lav69_d1.0_g0_t12.imec0.ap.bin' out_start_smp=7491091 inp_gap_smp=565609 out_zeros_smp=149.
[Thd 129002555425792 CPU 0 8/16/26 16:52:11.783] Gap before file 'Lav69_d1.0_g0_t15.imec0.ap.bin' out_start_smp=9409174 inp_gap_smp=110092 out_zeros_smp=149.
[Thd 129002555425792 CPU 0 8/16/26 16:52:15.234] Gap before file 'Lav69_d1.0_g0_t16.imec0.ap.bin' out_start_smp=10098720 inp_gap_smp=8991264 out_zeros_smp=149.
[Thd 129002555425792 CPU 0 8/16/26 16:52:18.688] Gap before file 'Lav69_d1.0_g0_t17.imec0.ap.bin' out_start_smp=10788267 inp_gap_smp=44584 out_zeros_smp=149.
[Thd 129002555425792 CPU 0 8/16/26 16:52:24.935] Gap before file 'Lav69_d1.0_g0_t19.imec0.ap.bin' out_start_smp=12029283 inp_gap_smp=523513 out_zeros_smp=149.
[Thd 129002555425792 CPU 0 8/16/26 16:52:28.257] Done imap0: 20 of 259.
[Thd 129002555425792 CPU 0 8/16/26 16:52:31.111] Gap before file 'Lav69_d1.0_g0_t21.imec0.ap.bin' out_start_smp=13246105 inp_gap_smp=552365 out_zeros_smp=149.
[Thd 129002555425792 CPU 0 8/16/26 16:52:34.685] Gap before file 'Lav69_d1.0_g0_t22.imec0.ap.bin' out_start_smp=13935652 inp_gap_smp=89088 out_zeros_smp=149.
[Thd 129002555425792 CPU 0 8/16/26 16:52:38.263] Gap before file 'Lav69_d1.0_g0_t23.imec0.ap.bin' out_start_smp=14625198 inp_gap_smp=86695 out_zeros_smp=149.
[Thd 129002555425792 CPU 0 8/16/26 16:52:41.837] Gap before file 'Lav69_d1.0_g0_t24.imec0.ap.bin' out_start_smp=15314745 inp_gap_smp=1518004 out_zeros_smp=149.
[Thd 129002555425792 CPU 0 8/16/26 16:52:45.394] Gap before file 'Lav69_d1.0_g0_t25.imec0.ap.bin' out_start_smp=16004292 inp_gap_smp=926780 out_zeros_smp=149.
[Thd 129002555425792 CPU 0 8/16/26 16:52:48.940] Gap before file 'Lav69_d1.0_g0_t26.imec0.ap.bin' out_start_smp=16693839 inp_gap_smp=375296 out_zeros_smp=149.
[Thd 129002555425792 CPU 0 8/16/26 16:52:52.502] Gap before file 'Lav69_d1.0_g0_t27.imec0.ap.bin' out_start_smp=17383385 inp_gap_smp=1940791 out_zeros_smp=149.
[Thd 129002555425792 CPU 0 8/16/26 16:53:02.028] Gap before file 'Lav69_d1.0_g0_t30.imec0.ap.bin' out_start_smp=19224232 inp_gap_smp=3991408 out_zeros_smp=149.
[Thd 129002555425792 CPU 0 8/16/26 16:53:05.586] Gap before file 'Lav69_d1.0_g0_t31.imec0.ap.bin' out_start_smp=19913779 inp_gap_smp=1762159 out_zeros_smp=149.
[Thd 129002555425792 CPU 0 8/16/26 16:53:12.064] Gap before file 'Lav69_d1.0_g0_t33.imec0.ap.bin' out_start_smp=21158662 inp_gap_smp=553189 out_zeros_smp=149.
[Thd 129002555425792 CPU 0 8/16/26 16:53:15.636] Gap before file 'Lav69_d1.0_g0_t34.imec0.ap.bin' out_start_smp=21848208 inp_gap_smp=111640 out_zeros_smp=149.
[Thd 129002555425792 CPU 0 8/16/26 16:53:19.207] Gap before file 'Lav69_d1.0_g0_t35.imec0.ap.bin' out_start_smp=22537755 inp_gap_smp=3013327 out_zeros_smp=149.
[Thd 129002555425792 CPU 0 8/16/26 16:53:22.779] Gap before file 'Lav69_d1.0_g0_t36.imec0.ap.bin' out_start_smp=23227302 inp_gap_smp=135031 out_zeros_smp=149.
[Thd 129002555425792 CPU 0 8/16/26 16:53:33.105] Gap before file 'Lav69_d1.0_g0_t39.imec0.ap.bin' out_start_smp=25204674 inp_gap_smp=2455551 out_zeros_smp=149.
[Thd 129002555425792 CPU 0 8/16/26 16:53:36.574] Done imap0: 40 of 259.
[Thd 129002555425792 CPU 0 8/16/26 16:53:45.447] Gap before file 'Lav69_d1.0_g0_t43.imec0.ap.bin' out_start_smp=27589186 inp_gap_smp=2885366 out_zeros_smp=149.
[Thd 129002555425792 CPU 0 8/16/26 16:53:51.661] Gap before file 'Lav69_d1.0_g0_t45.imec0.ap.bin' out_start_smp=28791206 inp_gap_smp=874 out_zeros_smp=149.
[Thd 129002555425792 CPU 0 8/16/26 16:53:55.231] Gap before file 'Lav69_d1.0_g0_t46.imec0.ap.bin' out_start_smp=29480752 inp_gap_smp=6380 out_zeros_smp=149.
[Thd 129002555425792 CPU 0 8/16/26 16:54:07.388] Gap before file 'Lav69_d1.0_g0_t50.imec0.ap.bin' out_start_smp=31810667 inp_gap_smp=3017977 out_zeros_smp=149.
[Thd 129002555425792 CPU 0 8/16/26 16:54:23.044] Gap before file 'Lav69_d1.0_g0_t55.imec0.ap.bin' out_start_smp=34831641 inp_gap_smp=74207 out_zeros_smp=149.
[Thd 129002555425792 CPU 0 8/16/26 16:54:26.611] Gap before file 'Lav69_d1.0_g0_t56.imec0.ap.bin' out_start_smp=35521188 inp_gap_smp=18782691 out_zeros_smp=149.
[Thd 129002555425792 CPU 0 8/16/26 16:54:30.203] Gap before file 'Lav69_d1.0_g0_t57.imec0.ap.bin' out_start_smp=36210734 inp_gap_smp=113985 out_zeros_smp=149.
[Thd 129002555425792 CPU 0 8/16/26 16:54:33.759] Gap before file 'Lav69_d1.0_g0_t58.imec0.ap.bin' out_start_smp=36900281 inp_gap_smp=145325355 out_zeros_smp=149.
[Thd 129002555425792 CPU 0 8/16/26 16:54:37.390] Gap before file 'Lav69_d1.0_g0_t59.imec0.ap.bin' out_start_smp=37589827 inp_gap_smp=32075 out_zeros_smp=149.
[Thd 129002555425792 CPU 0 8/16/26 16:54:40.830] Done imap0: 60 of 259.
[Thd 129002555425792 CPU 0 8/16/26 16:54:50.292] Gap before file 'Lav69_d1.0_g0_t63.imec0.ap.bin' out_start_smp=40094472 inp_gap_smp=567208 out_zeros_smp=149.
[Thd 129002555425792 CPU 0 8/16/26 16:54:53.864] Gap before file 'Lav69_d1.0_g0_t64.imec0.ap.bin' out_start_smp=40784019 inp_gap_smp=262947 out_zeros_smp=149.
[Thd 129002555425792 CPU 0 8/16/26 16:54:57.421] Gap before file 'Lav69_d1.0_g0_t65.imec0.ap.bin' out_start_smp=41473565 inp_gap_smp=57848 out_zeros_smp=149.
[Thd 129002555425792 CPU 0 8/16/26 16:55:03.767] Gap before file 'Lav69_d1.0_g0_t67.imec0.ap.bin' out_start_smp=42705989 inp_gap_smp=3819838 out_zeros_smp=149.
[Thd 129002555425792 CPU 0 8/16/26 16:55:07.334] Gap before file 'Lav69_d1.0_g0_t68.imec0.ap.bin' out_start_smp=43395536 inp_gap_smp=20050961 out_zeros_smp=149.
[Thd 129002555425792 CPU 0 8/16/26 16:55:10.973] Gap before file 'Lav69_d1.0_g0_t69.imec0.ap.bin' out_start_smp=44085083 inp_gap_smp=11763357 out_zeros_smp=149.
[Thd 129002555425792 CPU 0 8/16/26 16:55:14.552] Gap before file 'Lav69_d1.0_g0_t70.imec0.ap.bin' out_start_smp=44774630 inp_gap_smp=10621483 out_zeros_smp=149.
[Thd 129002555425792 CPU 0 8/16/26 16:55:18.113] Gap before file 'Lav69_d1.0_g0_t71.imec0.ap.bin' out_start_smp=45464177 inp_gap_smp=305100 out_zeros_smp=149.
[Thd 129002555425792 CPU 0 8/16/26 16:55:28.216] Gap before file 'Lav69_d1.0_g0_t74.imec0.ap.bin' out_start_smp=47411894 inp_gap_smp=11115220 out_zeros_smp=149.
[Thd 129002555425792 CPU 0 8/16/26 16:55:37.299] Gap before file 'Lav69_d1.0_g0_t77.imec0.ap.bin' out_start_smp=49179405 inp_gap_smp=66403 out_zeros_smp=149.
[Thd 129002555425792 CPU 0 8/16/26 16:55:40.909] Gap before file 'Lav69_d1.0_g0_t78.imec0.ap.bin' out_start_smp=49868952 inp_gap_smp=14159 out_zeros_smp=149.
[Thd 129002555425792 CPU 0 8/16/26 16:55:44.451] Gap before file 'Lav69_d1.0_g0_t79.imec0.ap.bin' out_start_smp=50558499 inp_gap_smp=281736 out_zeros_smp=149.
[Thd 129002555425792 CPU 0 8/16/26 16:55:47.863] Done imap0: 80 of 259.
[Thd 129002555425792 CPU 0 8/16/26 16:55:50.914] Gap before file 'Lav69_d1.0_g0_t81.imec0.ap.bin' out_start_smp=51812750 inp_gap_smp=478261 out_zeros_smp=149.
[Thd 129002555425792 CPU 0 8/16/26 16:55:54.478] Gap before file 'Lav69_d1.0_g0_t82.imec0.ap.bin' out_start_smp=52502296 inp_gap_smp=370676 out_zeros_smp=149.
[Thd 129002555425792 CPU 0 8/16/26 16:56:00.840] Gap before file 'Lav69_d1.0_g0_t84.imec0.ap.bin' out_start_smp=53730806 inp_gap_smp=260669 out_zeros_smp=149.
[Thd 129002555425792 CPU 0 8/16/26 16:56:07.628] Gap before file 'Lav69_d1.0_g0_t86.imec0.ap.bin' out_start_smp=55034178 inp_gap_smp=290314 out_zeros_smp=149.
[Thd 129002555425792 CPU 0 8/16/26 16:56:11.180] Gap before file 'Lav69_d1.0_g0_t87.imec0.ap.bin' out_start_smp=55723725 inp_gap_smp=408837 out_zeros_smp=149.
[Thd 129002555425792 CPU 0 8/16/26 16:56:17.536] Gap before file 'Lav69_d1.0_g0_t89.imec0.ap.bin' out_start_smp=56937442 inp_gap_smp=117895 out_zeros_smp=149.
[Thd 129002555425792 CPU 0 8/16/26 16:56:23.770] Gap before file 'Lav69_d1.0_g0_t91.imec0.ap.bin' out_start_smp=58143386 inp_gap_smp=108504 out_zeros_smp=149.
[Thd 129002555425792 CPU 0 8/16/26 16:56:33.516] Gap before file 'Lav69_d1.0_g0_t94.imec0.ap.bin' out_start_smp=60034163 inp_gap_smp=118715 out_zeros_smp=149.
[Thd 129002555425792 CPU 0 8/16/26 16:56:40.012] Gap before file 'Lav69_d1.0_g0_t96.imec0.ap.bin' out_start_smp=61295430 inp_gap_smp=532085 out_zeros_smp=149.
[Thd 129002555425792 CPU 0 8/16/26 16:56:43.616] Gap before file 'Lav69_d1.0_g0_t97.imec0.ap.bin' out_start_smp=61984977 inp_gap_smp=71129 out_zeros_smp=149.
[Thd 129002555425792 CPU 0 8/16/26 16:56:50.041] Gap before file 'Lav69_d1.0_g0_t99.imec0.ap.bin' out_start_smp=63222092 inp_gap_smp=184975 out_zeros_smp=149.
[Thd 129002555425792 CPU 0 8/16/26 16:56:53.479] Done imap0: 100 of 259.
[Thd 129002555425792 CPU 0 8/16/26 16:56:53.609] Gap before file 'Lav69_d1.0_g0_t100.imec0.ap.bin' out_start_smp=63911638 inp_gap_smp=246608 out_zeros_smp=149.
[Thd 129002555425792 CPU 0 8/16/26 16:56:57.262] Gap before file 'Lav69_d1.0_g0_t101.imec0.ap.bin' out_start_smp=64601185 inp_gap_smp=749687 out_zeros_smp=149.
[Thd 129002555425792 CPU 0 8/16/26 16:57:04.057] Gap before file 'Lav69_d1.0_g0_t103.imec0.ap.bin' out_start_smp=65917858 inp_gap_smp=185787 out_zeros_smp=149.
[Thd 129002555425792 CPU 0 8/16/26 16:57:07.617] Gap before file 'Lav69_d1.0_g0_t104.imec0.ap.bin' out_start_smp=66607405 inp_gap_smp=727865 out_zeros_smp=149.
[Thd 129002555425792 CPU 0 8/16/26 16:57:11.175] Gap before file 'Lav69_d1.0_g0_t105.imec0.ap.bin' out_start_smp=67296952 inp_gap_smp=5500295 out_zeros_smp=149.
[Thd 129002555425792 CPU 0 8/16/26 16:57:14.754] Gap before file 'Lav69_d1.0_g0_t106.imec0.ap.bin' out_start_smp=67986498 inp_gap_smp=42447355 out_zeros_smp=149.
[Thd 129002555425792 CPU 0 8/16/26 16:57:21.878] Gap before file 'Lav69_d1.0_g0_t108.imec0.ap.bin' out_start_smp=69346016 inp_gap_smp=461144 out_zeros_smp=149.
[Thd 129002555425792 CPU 0 8/16/26 16:57:25.463] Gap before file 'Lav69_d1.0_g0_t109.imec0.ap.bin' out_start_smp=70035563 inp_gap_smp=41104076 out_zeros_smp=149.
[Thd 129002555425792 CPU 0 8/16/26 16:57:29.036] Gap before file 'Lav69_d1.0_g0_t110.imec0.ap.bin' out_start_smp=70725109 inp_gap_smp=71755580 out_zeros_smp=149.
[Thd 129002555425792 CPU 0 8/16/26 16:57:32.633] Gap before file 'Lav69_d1.0_g0_t111.imec0.ap.bin' out_start_smp=71414655 inp_gap_smp=30024736 out_zeros_smp=149.
[Thd 129002555425792 CPU 0 8/16/26 16:57:36.191] Gap before file 'Lav69_d1.0_g0_t112.imec0.ap.bin' out_start_smp=72104201 inp_gap_smp=34931670 out_zeros_smp=149.
[Thd 129002555425792 CPU 0 8/16/26 16:57:42.521] Gap before file 'Lav69_d1.0_g0_t114.imec0.ap.bin' out_start_smp=73326527 inp_gap_smp=67052527 out_zeros_smp=149.
[Thd 129002555425792 CPU 0 8/16/26 16:57:46.103] Gap before file 'Lav69_d1.0_g0_t115.imec0.ap.bin' out_start_smp=74016073 inp_gap_smp=141301 out_zeros_smp=149.
[Thd 129002555425792 CPU 0 8/16/26 16:57:49.771] Gap before file 'Lav69_d1.0_g0_t116.imec0.ap.bin' out_start_smp=74705620 inp_gap_smp=45143802 out_zeros_smp=149.
[Thd 129002555425792 CPU 0 8/16/26 16:57:56.566] Gap before file 'Lav69_d1.0_g0_t118.imec0.ap.bin' out_start_smp=76008995 inp_gap_smp=1454831 out_zeros_smp=149.
[Thd 129002555425792 CPU 0 8/16/26 16:58:00.156] Gap before file 'Lav69_d1.0_g0_t119.imec0.ap.bin' out_start_smp=76698541 inp_gap_smp=48765373 out_zeros_smp=149.
[Thd 129002555425792 CPU 0 8/16/26 16:58:03.609] Done imap0: 120 of 259.
[Thd 129002555425792 CPU 0 8/16/26 16:58:03.739] Gap before file 'Lav69_d1.0_g0_t120.imec0.ap.bin' out_start_smp=77388087 inp_gap_smp=4018 out_zeros_smp=149.
[Thd 129002555425792 CPU 0 8/16/26 16:58:07.320] Gap before file 'Lav69_d1.0_g0_t121.imec0.ap.bin' out_start_smp=78077634 inp_gap_smp=27701248 out_zeros_smp=149.
[Thd 129002555425792 CPU 0 8/16/26 16:58:14.349] Gap before file 'Lav69_d1.0_g0_t123.imec0.ap.bin' out_start_smp=79438039 inp_gap_smp=18878579 out_zeros_smp=149.
[Thd 129002555425792 CPU 0 8/16/26 16:58:17.945] Gap before file 'Lav69_d1.0_g0_t124.imec0.ap.bin' out_start_smp=80127586 inp_gap_smp=11166669 out_zeros_smp=149.
[Thd 129002555425792 CPU 0 8/16/26 16:58:27.627] Gap before file 'Lav69_d1.0_g0_t127.imec0.ap.bin' out_start_smp=81980179 inp_gap_smp=7597353 out_zeros_smp=149.
[Thd 129002555425792 CPU 0 8/16/26 16:58:31.197] Gap before file 'Lav69_d1.0_g0_t128.imec0.ap.bin' out_start_smp=82669725 inp_gap_smp=47876511 out_zeros_smp=149.
[Thd 129002555425792 CPU 0 8/16/26 16:58:34.763] Gap before file 'Lav69_d1.0_g0_t129.imec0.ap.bin' out_start_smp=83359272 inp_gap_smp=58932790 out_zeros_smp=149.
[Thd 129002555425792 CPU 0 8/16/26 16:58:41.824] Gap before file 'Lav69_d1.0_g0_t131.imec0.ap.bin' out_start_smp=84713347 inp_gap_smp=1592149 out_zeros_smp=149.
[Thd 129002555425792 CPU 0 8/16/26 16:58:45.400] Gap before file 'Lav69_d1.0_g0_t132.imec0.ap.bin' out_start_smp=85402894 inp_gap_smp=26255921 out_zeros_smp=149.
[Thd 129002555425792 CPU 0 8/16/26 16:58:48.987] Gap before file 'Lav69_d1.0_g0_t133.imec0.ap.bin' out_start_smp=86092441 inp_gap_smp=10068436 out_zeros_smp=149.
[Thd 129002555425792 CPU 0 8/16/26 16:58:56.043] Gap before file 'Lav69_d1.0_g0_t135.imec0.ap.bin' out_start_smp=87434110 inp_gap_smp=273891 out_zeros_smp=149.
[Thd 129002555425792 CPU 0 8/16/26 16:59:02.289] Gap before file 'Lav69_d1.0_g0_t137.imec0.ap.bin' out_start_smp=88640787 inp_gap_smp=136655 out_zeros_smp=149.
[Thd 129002555425792 CPU 0 8/16/26 16:59:08.755] Gap before file 'Lav69_d1.0_g0_t139.imec0.ap.bin' out_start_smp=89851346 inp_gap_smp=509489 out_zeros_smp=149.
[Thd 129002555425792 CPU 0 8/16/26 16:59:12.211] Done imap0: 140 of 259.
[Thd 129002555425792 CPU 0 8/16/26 16:59:12.341] Gap before file 'Lav69_d1.0_g0_t140.imec0.ap.bin' out_start_smp=90540893 inp_gap_smp=290315 out_zeros_smp=149.
[Thd 129002555425792 CPU 0 8/16/26 16:59:19.001] Gap before file 'Lav69_d1.0_g0_t142.imec0.ap.bin' out_start_smp=91795945 inp_gap_smp=186553 out_zeros_smp=149.
[Thd 129002555425792 CPU 0 8/16/26 16:59:25.773] Gap before file 'Lav69_d1.0_g0_t144.imec0.ap.bin' out_start_smp=93040821 inp_gap_smp=100952520 out_zeros_smp=149.
[Thd 129002555425792 CPU 0 8/16/26 16:59:29.404] Gap before file 'Lav69_d1.0_g0_t145.imec0.ap.bin' out_start_smp=93730367 inp_gap_smp=1897096 out_zeros_smp=149.
[Thd 129002555425792 CPU 0 8/16/26 16:59:33.009] Gap before file 'Lav69_d1.0_g0_t146.imec0.ap.bin' out_start_smp=94419914 inp_gap_smp=30700420 out_zeros_smp=149.
[Thd 129002555425792 CPU 0 8/16/26 16:59:39.423] Gap before file 'Lav69_d1.0_g0_t148.imec0.ap.bin' out_start_smp=95649181 inp_gap_smp=16903659 out_zeros_smp=149.
[Thd 129002555425792 CPU 0 8/16/26 16:59:43.025] Gap before file 'Lav69_d1.0_g0_t149.imec0.ap.bin' out_start_smp=96338728 inp_gap_smp=3814377 out_zeros_smp=149.
[Thd 129002555425792 CPU 0 8/16/26 16:59:56.759] Gap before file 'Lav69_d1.0_g0_t153.imec0.ap.bin' out_start_smp=98874513 inp_gap_smp=124148 out_zeros_smp=149.
[Thd 129002555425792 CPU 0 8/16/26 17:00:00.535] Gap before file 'Lav69_d1.0_g0_t154.imec0.ap.bin' out_start_smp=99564060 inp_gap_smp=9556792 out_zeros_smp=149.
[Thd 129002555425792 CPU 0 8/16/26 17:00:07.481] Gap before file 'Lav69_d1.0_g0_t156.imec0.ap.bin' out_start_smp=100823820 inp_gap_smp=500074 out_zeros_smp=149.
[Thd 129002555425792 CPU 0 8/16/26 17:00:11.342] Gap before file 'Lav69_d1.0_g0_t157.imec0.ap.bin' out_start_smp=101513366 inp_gap_smp=1545345 out_zeros_smp=149.
[Thd 129002555425792 CPU 0 8/16/26 17:00:15.034] Gap before file 'Lav69_d1.0_g0_t158.imec0.ap.bin' out_start_smp=102202913 inp_gap_smp=643614 out_zeros_smp=149.
[Thd 129002555425792 CPU 0 8/16/26 17:00:22.018] Done imap0: 160 of 259.
[Thd 129002555425792 CPU 0 8/16/26 17:00:24.934] Gap before file 'Lav69_d1.0_g0_t161.imec0.ap.bin' out_start_smp=104096027 inp_gap_smp=64890 out_zeros_smp=149.
[Thd 129002555425792 CPU 0 8/16/26 17:00:28.623] Gap before file 'Lav69_d1.0_g0_t162.imec0.ap.bin' out_start_smp=104785573 inp_gap_smp=850315 out_zeros_smp=149.
[Thd 129002555425792 CPU 0 8/16/26 17:00:38.221] Gap before file 'Lav69_d1.0_g0_t165.imec0.ap.bin' out_start_smp=106628746 inp_gap_smp=5597 out_zeros_smp=149.
[Thd 129002555425792 CPU 0 8/16/26 17:00:44.940] Gap before file 'Lav69_d1.0_g0_t167.imec0.ap.bin' out_start_smp=107910320 inp_gap_smp=215425 out_zeros_smp=149.
[Thd 129002555425792 CPU 0 8/16/26 17:00:48.546] Gap before file 'Lav69_d1.0_g0_t168.imec0.ap.bin' out_start_smp=108599867 inp_gap_smp=65630 out_zeros_smp=149.
[Thd 129002555425792 CPU 0 8/16/26 17:00:52.161] Gap before file 'Lav69_d1.0_g0_t169.imec0.ap.bin' out_start_smp=109289414 inp_gap_smp=535185 out_zeros_smp=149.
[Thd 129002555425792 CPU 0 8/16/26 17:00:58.753] Gap before file 'Lav69_d1.0_g0_t171.imec0.ap.bin' out_start_smp=110558500 inp_gap_smp=35260 out_zeros_smp=149.
[Thd 129002555425792 CPU 0 8/16/26 17:01:02.416] Gap before file 'Lav69_d1.0_g0_t172.imec0.ap.bin' out_start_smp=111248047 inp_gap_smp=4170828 out_zeros_smp=149.
[Thd 129002555425792 CPU 0 8/16/26 17:01:06.009] Gap before file 'Lav69_d1.0_g0_t173.imec0.ap.bin' out_start_smp=111937594 inp_gap_smp=461905 out_zeros_smp=149.
[Thd 129002555425792 CPU 0 8/16/26 17:01:09.595] Gap before file 'Lav69_d1.0_g0_t174.imec0.ap.bin' out_start_smp=112627141 inp_gap_smp=37953655 out_zeros_smp=149.
[Thd 129002555425792 CPU 0 8/16/26 17:01:13.194] Gap before file 'Lav69_d1.0_g0_t175.imec0.ap.bin' out_start_smp=113316688 inp_gap_smp=1504756 out_zeros_smp=149.
[Thd 129002555425792 CPU 0 8/16/26 17:01:16.774] Gap before file 'Lav69_d1.0_g0_t176.imec0.ap.bin' out_start_smp=114006235 inp_gap_smp=121793 out_zeros_smp=149.
[Thd 129002555425792 CPU 0 8/16/26 17:01:20.357] Gap before file 'Lav69_d1.0_g0_t177.imec0.ap.bin' out_start_smp=114695782 inp_gap_smp=188925 out_zeros_smp=149.
[Thd 129002555425792 CPU 0 8/16/26 17:01:29.450] Done imap0: 180 of 259.
[Thd 129002555425792 CPU 0 8/16/26 17:01:29.553] Gap before file 'Lav69_d1.0_g0_t180.imec0.ap.bin' out_start_smp=116455457 inp_gap_smp=273938 out_zeros_smp=149.
[Thd 129002555425792 CPU 0 8/16/26 17:01:33.258] Gap before file 'Lav69_d1.0_g0_t181.imec0.ap.bin' out_start_smp=117145003 inp_gap_smp=273890 out_zeros_smp=149.
[Thd 129002555425792 CPU 0 8/16/26 17:01:43.811] Gap before file 'Lav69_d1.0_g0_t184.imec0.ap.bin' out_start_smp=119098183 inp_gap_smp=27411 out_zeros_smp=149.
[Thd 129002555425792 CPU 0 8/16/26 17:01:47.401] Gap before file 'Lav69_d1.0_g0_t185.imec0.ap.bin' out_start_smp=119787729 inp_gap_smp=173268 out_zeros_smp=149.
[Thd 129002555425792 CPU 0 8/16/26 17:01:56.577] Gap before file 'Lav69_d1.0_g0_t188.imec0.ap.bin' out_start_smp=121555275 inp_gap_smp=1195899 out_zeros_smp=149.
[Thd 129002555425792 CPU 0 8/16/26 17:02:02.873] Gap before file 'Lav69_d1.0_g0_t190.imec0.ap.bin' out_start_smp=122754920 inp_gap_smp=454086 out_zeros_smp=149.
[Thd 129002555425792 CPU 0 8/16/26 17:02:12.123] Gap before file 'Lav69_d1.0_g0_t193.imec0.ap.bin' out_start_smp=124527110 inp_gap_smp=6584967 out_zeros_smp=149.
[Thd 129002555425792 CPU 0 8/16/26 17:02:15.747] Gap before file 'Lav69_d1.0_g0_t194.imec0.ap.bin' out_start_smp=125216657 inp_gap_smp=3656773 out_zeros_smp=149.
[Thd 129002555425792 CPU 0 8/16/26 17:02:19.381] Gap before file 'Lav69_d1.0_g0_t195.imec0.ap.bin' out_start_smp=125906204 inp_gap_smp=1228660 out_zeros_smp=149.
[Thd 129002555425792 CPU 0 8/16/26 17:02:28.994] Gap before file 'Lav69_d1.0_g0_t198.imec0.ap.bin' out_start_smp=127748607 inp_gap_smp=3834637 out_zeros_smp=149.
[Thd 129002555425792 CPU 0 8/16/26 17:02:32.589] Gap before file 'Lav69_d1.0_g0_t199.imec0.ap.bin' out_start_smp=128438153 inp_gap_smp=74988 out_zeros_smp=149.
[Thd 129002555425792 CPU 0 8/16/26 17:02:36.123] Done imap0: 200 of 259.
[Thd 129002555425792 CPU 0 8/16/26 17:02:42.380] Gap before file 'Lav69_d1.0_g0_t202.imec0.ap.bin' out_start_smp=130300844 inp_gap_smp=43795 out_zeros_smp=149.
[Thd 129002555425792 CPU 0 8/16/26 17:02:48.814] Gap before file 'Lav69_d1.0_g0_t204.imec0.ap.bin' out_start_smp=131525468 inp_gap_smp=253669 out_zeros_smp=149.
[Thd 129002555425792 CPU 0 8/16/26 17:03:00.645] Gap before file 'Lav69_d1.0_g0_t208.imec0.ap.bin' out_start_smp=133810901 inp_gap_smp=59409 out_zeros_smp=149.
[Thd 129002555425792 CPU 0 8/16/26 17:03:13.025] Gap before file 'Lav69_d1.0_g0_t212.imec0.ap.bin' out_start_smp=136193060 inp_gap_smp=3734011 out_zeros_smp=149.
[Thd 129002555425792 CPU 0 8/16/26 17:03:16.621] Gap before file 'Lav69_d1.0_g0_t213.imec0.ap.bin' out_start_smp=136882607 inp_gap_smp=234131 out_zeros_smp=149.
[Thd 129002555425792 CPU 0 8/16/26 17:03:20.216] Gap before file 'Lav69_d1.0_g0_t214.imec0.ap.bin' out_start_smp=137572154 inp_gap_smp=158469 out_zeros_smp=149.
[Thd 129002555425792 CPU 0 8/16/26 17:03:26.552] Gap before file 'Lav69_d1.0_g0_t216.imec0.ap.bin' out_start_smp=138784278 inp_gap_smp=43818 out_zeros_smp=149.
[Thd 129002555425792 CPU 0 8/16/26 17:03:30.148] Gap before file 'Lav69_d1.0_g0_t217.imec0.ap.bin' out_start_smp=139473825 inp_gap_smp=14159 out_zeros_smp=149.
[Thd 129002555425792 CPU 0 8/16/26 17:03:33.739] Gap before file 'Lav69_d1.0_g0_t218.imec0.ap.bin' out_start_smp=140163372 inp_gap_smp=43093927 out_zeros_smp=149.
[Thd 129002555425792 CPU 0 8/16/26 17:03:37.332] Gap before file 'Lav69_d1.0_g0_t219.imec0.ap.bin' out_start_smp=140852919 inp_gap_smp=9276782 out_zeros_smp=149.
[Thd 129002555425792 CPU 0 8/16/26 17:03:40.800] Done imap0: 220 of 259.
[Thd 129002555425792 CPU 0 8/16/26 17:03:40.929] Gap before file 'Lav69_d1.0_g0_t220.imec0.ap.bin' out_start_smp=141542465 inp_gap_smp=1920493 out_zeros_smp=149.
[Thd 129002555425792 CPU 0 8/16/26 17:03:44.531] Gap before file 'Lav69_d1.0_g0_t221.imec0.ap.bin' out_start_smp=142232011 inp_gap_smp=17561224 out_zeros_smp=149.
[Thd 129002555425792 CPU 0 8/16/26 17:03:48.204] Gap before file 'Lav69_d1.0_g0_t222.imec0.ap.bin' out_start_smp=142921558 inp_gap_smp=294135 out_zeros_smp=149.
[Thd 129002555425792 CPU 0 8/16/26 17:03:51.779] Gap before file 'Lav69_d1.0_g0_t223.imec0.ap.bin' out_start_smp=143611105 inp_gap_smp=10343796 out_zeros_smp=149.
[Thd 129002555425792 CPU 0 8/16/26 17:03:55.362] Gap before file 'Lav69_d1.0_g0_t224.imec0.ap.bin' out_start_smp=144300652 inp_gap_smp=364405 out_zeros_smp=149.
[Thd 129002555425792 CPU 0 8/16/26 17:04:08.993] Gap before file 'Lav69_d1.0_g0_t228.imec0.ap.bin' out_start_smp=146921479 inp_gap_smp=241189 out_zeros_smp=149.
[Thd 129002555425792 CPU 0 8/16/26 17:04:15.734] Gap before file 'Lav69_d1.0_g0_t230.imec0.ap.bin' out_start_smp=148203805 inp_gap_smp=550816 out_zeros_smp=149.
[Thd 129002555425792 CPU 0 8/16/26 17:04:19.424] Gap before file 'Lav69_d1.0_g0_t231.imec0.ap.bin' out_start_smp=148893352 inp_gap_smp=613976 out_zeros_smp=149.
[Thd 129002555425792 CPU 0 8/16/26 17:04:23.070] Gap before file 'Lav69_d1.0_g0_t232.imec0.ap.bin' out_start_smp=149582899 inp_gap_smp=70325 out_zeros_smp=149.
[Thd 129002555425792 CPU 0 8/16/26 17:04:26.671] Gap before file 'Lav69_d1.0_g0_t233.imec0.ap.bin' out_start_smp=150272446 inp_gap_smp=298881 out_zeros_smp=149.
[Thd 129002555425792 CPU 0 8/16/26 17:04:30.282] Gap before file 'Lav69_d1.0_g0_t234.imec0.ap.bin' out_start_smp=150961993 inp_gap_smp=1255173 out_zeros_smp=149.
[Thd 129002555425792 CPU 0 8/16/26 17:04:33.897] Gap before file 'Lav69_d1.0_g0_t235.imec0.ap.bin' out_start_smp=151651540 inp_gap_smp=30804150 out_zeros_smp=149.
[Thd 129002555425792 CPU 0 8/16/26 17:04:37.627] Gap before file 'Lav69_d1.0_g0_t236.imec0.ap.bin' out_start_smp=152341086 inp_gap_smp=2627184 out_zeros_smp=149.
[Thd 129002555425792 CPU 0 8/16/26 17:04:41.257] Gap before file 'Lav69_d1.0_g0_t237.imec0.ap.bin' out_start_smp=153030633 inp_gap_smp=2092081 out_zeros_smp=149.
[Thd 129002555425792 CPU 0 8/16/26 17:04:44.886] Gap before file 'Lav69_d1.0_g0_t238.imec0.ap.bin' out_start_smp=153720180 inp_gap_smp=2503984 out_zeros_smp=149.
[Thd 129002555425792 CPU 0 8/16/26 17:04:48.597] Gap before file 'Lav69_d1.0_g0_t239.imec0.ap.bin' out_start_smp=154409727 inp_gap_smp=375291 out_zeros_smp=149.
[Thd 129002555425792 CPU 0 8/16/26 17:04:52.084] Done imap0: 240 of 259.
[Thd 129002555425792 CPU 0 8/16/26 17:04:52.218] Gap before file 'Lav69_d1.0_g0_t240.imec0.ap.bin' out_start_smp=155099274 inp_gap_smp=521190 out_zeros_smp=149.
[Thd 129002555425792 CPU 0 8/16/26 17:04:55.861] Gap before file 'Lav69_d1.0_g0_t241.imec0.ap.bin' out_start_smp=155788820 inp_gap_smp=802718 out_zeros_smp=149.
[Thd 129002555425792 CPU 0 8/16/26 17:04:59.473] Gap before file 'Lav69_d1.0_g0_t242.imec0.ap.bin' out_start_smp=156478367 inp_gap_smp=72689 out_zeros_smp=149.
[Thd 129002555425792 CPU 0 8/16/26 17:05:03.085] Gap before file 'Lav69_d1.0_g0_t243.imec0.ap.bin' out_start_smp=157167913 inp_gap_smp=512604 out_zeros_smp=149.
[Thd 129002555425792 CPU 0 8/16/26 17:05:06.727] Gap before file 'Lav69_d1.0_g0_t244.imec0.ap.bin' out_start_smp=157857460 inp_gap_smp=247404 out_zeros_smp=149.
[Thd 129002555425792 CPU 0 8/16/26 17:05:10.327] Gap before file 'Lav69_d1.0_g0_t245.imec0.ap.bin' out_start_smp=158547006 inp_gap_smp=30017931 out_zeros_smp=149.
[Thd 129002555425792 CPU 0 8/16/26 17:05:16.867] Gap before file 'Lav69_d1.0_g0_t247.imec0.ap.bin' out_start_smp=159781739 inp_gap_smp=203695 out_zeros_smp=149.
[Thd 129002555425792 CPU 0 8/16/26 17:05:20.594] Gap before file 'Lav69_d1.0_g0_t248.imec0.ap.bin' out_start_smp=160471285 inp_gap_smp=170157 out_zeros_smp=149.
[Thd 129002555425792 CPU 0 8/16/26 17:05:24.195] Gap before file 'Lav69_d1.0_g0_t249.imec0.ap.bin' out_start_smp=161160831 inp_gap_smp=1163894 out_zeros_smp=149.
[Thd 129002555425792 CPU 0 8/16/26 17:05:31.372] Gap before file 'Lav69_d1.0_g0_t251.imec0.ap.bin' out_start_smp=162534469 inp_gap_smp=286371 out_zeros_smp=149.
[Thd 129002555425792 CPU 0 8/16/26 17:05:34.986] Gap before file 'Lav69_d1.0_g0_t252.imec0.ap.bin' out_start_smp=163224016 inp_gap_smp=144435 out_zeros_smp=149.
[Thd 129002555425792 CPU 0 8/16/26 17:05:41.399] Gap before file 'Lav69_d1.0_g0_t254.imec0.ap.bin' out_start_smp=164462677 inp_gap_smp=30562 out_zeros_smp=149.
[Thd 129002555425792 CPU 0 8/16/26 17:05:45.029] Gap before file 'Lav69_d1.0_g0_t255.imec0.ap.bin' out_start_smp=165152223 inp_gap_smp=10687792 out_zeros_smp=149.
[Thd 129002555425792 CPU 0 8/16/26 17:05:48.641] Gap before file 'Lav69_d1.0_g0_t256.imec0.ap.bin' out_start_smp=165841770 inp_gap_smp=2231705 out_zeros_smp=149.
[Thd 129002555425792 CPU 0 8/16/26 17:05:52.382] Gap before file 'Lav69_d1.0_g0_t257.imec0.ap.bin' out_start_smp=166531317 inp_gap_smp=7860287 out_zeros_smp=149.
[Thd 129002555425792 CPU 0 8/16/26 17:05:59.387] 
[Thd 131544905352192 CPU 0 8/17/26 13:21:38.615] ++++++++++++++++++++++++
[Thd 131544905352192 CPU 0 8/17/26 13:21:38.616] Command (raw):
[Thd 131544905352192 CPU 0 8/17/26 13:21:38.616] CatGT -dir=/mnt/work0/kbsuresh/rawData/Lav69 -run=Lav69_d1.0 -prb=0 -gtlist={0,0,258} -chnexcl={0;23,237} -dest=/mnt/work0/kbsuresh/pass_1/Lav69/Lav69_d1.0 -apfilter=butter,12,300,9000 -gblcar -zerofillmax=5 -ap -ni -prb_fld -pass1_force_ni_ob_bin -out_prb_fld
[Thd 131544905352192 CPU 0 8/17/26 13:21:38.617] Command (active):
[Thd 131544905352192 CPU 0 8/17/26 13:21:38.617] CatGT -dir=/mnt/work0/kbsuresh/rawData/Lav69 -run=Lav69_d1.0 -gtlist={0,0,258} -prb_fld -ni -ap -prb=0 -zerofillmax=5 -apfilter=butter,12,300,9000 -gblcar -chnexcl={0;23,237} -pass1_force_ni_ob_bin -dest=/mnt/work0/kbsuresh/pass_1/Lav69/Lav69_d1.0 -out_prb_fld
[Thd 131544844859072 CPU 0 8/17/26 13:21:38.922] Gap before file 'Lav69_d1.0_g0_t1.nidq.bin' out_start_smp=919191 inp_gap_smp=45859893 out_zeros_smp=199.
[Thd 131544844859072 CPU 0 8/17/26 13:21:38.928] Gap before file 'Lav69_d1.0_g0_t3.nidq.bin' out_start_smp=2640367 inp_gap_smp=2841474 out_zeros_smp=199.
[Thd 131544844859072 CPU 0 8/17/26 13:21:38.939] Gap before file 'Lav69_d1.0_g0_t7.nidq.bin' out_start_smp=5952792 inp_gap_smp=505559 out_zeros_smp=199.
[Thd 131544844859072 CPU 0 8/17/26 13:21:38.953] Gap before file 'Lav69_d1.0_g0_t12.nidq.bin' out_start_smp=9988032 inp_gap_smp=754130 out_zeros_smp=199.
[Thd 131544844859072 CPU 0 8/17/26 13:21:38.961] Gap before file 'Lav69_d1.0_g0_t15.nidq.bin' out_start_smp=12545453 inp_gap_smp=146781 out_zeros_smp=199.
[Thd 131544844859072 CPU 0 8/17/26 13:21:38.964] Gap before file 'Lav69_d1.0_g0_t16.nidq.bin' out_start_smp=13464843 inp_gap_smp=11988209 out_zeros_smp=199.
[Thd 131544844859072 CPU 0 8/17/26 13:21:38.967] Gap before file 'Lav69_d1.0_g0_t17.nidq.bin' out_start_smp=14384234 inp_gap_smp=59440 out_zeros_smp=199.
[Thd 131544844859072 CPU 0 8/17/26 13:21:38.973] Gap before file 'Lav69_d1.0_g0_t19.nidq.bin' out_start_smp=16038908 inp_gap_smp=698004 out_zeros_smp=199.
[Thd 131544844859072 CPU 0 8/17/26 13:21:38.975] Done nidq: 20 of 259.
[Thd 131544844859072 CPU 0 8/17/26 13:21:38.979] Gap before file 'Lav69_d1.0_g0_t21.nidq.bin' out_start_smp=17661326 inp_gap_smp=736474 out_zeros_smp=199.
[Thd 131544844859072 CPU 0 8/17/26 13:21:38.981] Gap before file 'Lav69_d1.0_g0_t22.nidq.bin' out_start_smp=18580717 inp_gap_smp=118776 out_zeros_smp=199.
[Thd 131544844859072 CPU 0 8/17/26 13:21:38.984] Gap before file 'Lav69_d1.0_g0_t23.nidq.bin' out_start_smp=19500107 inp_gap_smp=115587 out_zeros_smp=199.
[Thd 131544844859072 CPU 0 8/17/26 13:21:38.987] Gap before file 'Lav69_d1.0_g0_t24.nidq.bin' out_start_smp=20419498 inp_gap_smp=2023979 out_zeros_smp=199.
[Thd 131544844859072 CPU 0 8/17/26 13:21:38.989] Gap before file 'Lav69_d1.0_g0_t25.nidq.bin' out_start_smp=21338889 inp_gap_smp=1235687 out_zeros_smp=199.
[Thd 131544844859072 CPU 0 8/17/26 13:21:38.992] Gap before file 'Lav69_d1.0_g0_t26.nidq.bin' out_start_smp=22258280 inp_gap_smp=500382 out_zeros_smp=199.
[Thd 131544844859072 CPU 0 8/17/26 13:21:38.995] Gap before file 'Lav69_d1.0_g0_t27.nidq.bin' out_start_smp=23177670 inp_gap_smp=2587687 out_zeros_smp=199.
[Thd 131544844859072 CPU 0 8/17/26 13:21:39.002] Gap before file 'Lav69_d1.0_g0_t30.nidq.bin' out_start_smp=25632109 inp_gap_smp=5321813 out_zeros_smp=199.
[Thd 131544844859072 CPU 0 8/17/26 13:21:39.005] Gap before file 'Lav69_d1.0_g0_t31.nidq.bin' out_start_smp=26551500 inp_gap_smp=2349514 out_zeros_smp=199.
[Thd 131544844859072 CPU 0 8/17/26 13:21:39.011] Gap before file 'Lav69_d1.0_g0_t33.nidq.bin' out_start_smp=28211331 inp_gap_smp=737571 out_zeros_smp=199.
[Thd 131544844859072 CPU 0 8/17/26 13:21:39.013] Gap before file 'Lav69_d1.0_g0_t34.nidq.bin' out_start_smp=29130721 inp_gap_smp=148846 out_zeros_smp=199.
[Thd 131544844859072 CPU 0 8/17/26 13:21:39.017] Gap before file 'Lav69_d1.0_g0_t35.nidq.bin' out_start_smp=30050112 inp_gap_smp=4017721 out_zeros_smp=199.
[Thd 131544844859072 CPU 0 8/17/26 13:21:39.019] Gap before file 'Lav69_d1.0_g0_t36.nidq.bin' out_start_smp=30969503 inp_gap_smp=180034 out_zeros_smp=199.
[Thd 131544844859072 CPU 0 8/17/26 13:21:39.028] Gap before file 'Lav69_d1.0_g0_t39.nidq.bin' out_start_smp=33605976 inp_gap_smp=3274029 out_zeros_smp=199.
[Thd 131544844859072 CPU 0 8/17/26 13:21:39.030] Done nidq: 40 of 259.
[Thd 131544844859072 CPU 0 8/17/26 13:21:39.037] Gap before file 'Lav69_d1.0_g0_t43.nidq.bin' out_start_smp=36785296 inp_gap_smp=3847107 out_zeros_smp=199.
[Thd 131544844859072 CPU 0 8/17/26 13:21:39.041] Gap before file 'Lav69_d1.0_g0_t45.nidq.bin' out_start_smp=38387977 inp_gap_smp=1161 out_zeros_smp=199.
[Thd 131544844859072 CPU 0 8/17/26 13:21:39.045] Gap before file 'Lav69_d1.0_g0_t46.nidq.bin' out_start_smp=39307367 inp_gap_smp=8501 out_zeros_smp=199.
[Thd 131544844859072 CPU 0 8/17/26 13:21:39.055] Gap before file 'Lav69_d1.0_g0_t50.nidq.bin' out_start_smp=42413893 inp_gap_smp=4023917 out_zeros_smp=199.
[Thd 131544844859072 CPU 0 8/17/26 13:21:39.067] Gap before file 'Lav69_d1.0_g0_t55.nidq.bin' out_start_smp=46441819 inp_gap_smp=98938 out_zeros_smp=199.
[Thd 131544844859072 CPU 0 8/17/26 13:21:39.069] Gap before file 'Lav69_d1.0_g0_t56.nidq.bin' out_start_smp=47361210 inp_gap_smp=25043304 out_zeros_smp=199.
[Thd 131544844859072 CPU 0 8/17/26 13:21:39.072] Gap before file 'Lav69_d1.0_g0_t57.nidq.bin' out_start_smp=48280600 inp_gap_smp=151972 out_zeros_smp=199.
[Thd 131544844859072 CPU 0 8/17/26 13:21:39.074] Gap before file 'Lav69_d1.0_g0_t58.nidq.bin' out_start_smp=49199991 inp_gap_smp=193764979 out_zeros_smp=199.
[Thd 131544844859072 CPU 0 8/17/26 13:21:39.077] Gap before file 'Lav69_d1.0_g0_t59.nidq.bin' out_start_smp=50119381 inp_gap_smp=42762 out_zeros_smp=199.
[Thd 131544844859072 CPU 0 8/17/26 13:21:39.080] Done nidq: 60 of 259.
[Thd 131544844859072 CPU 0 8/17/26 13:21:39.089] Gap before file 'Lav69_d1.0_g0_t63.nidq.bin' out_start_smp=53458875 inp_gap_smp=756263 out_zeros_smp=199.
[Thd 131544844859072 CPU 0 8/17/26 13:21:39.093] Gap before file 'Lav69_d1.0_g0_t64.nidq.bin' out_start_smp=54378266 inp_gap_smp=350588 out_zeros_smp=199.
[Thd 131544844859072 CPU 0 8/17/26 13:21:39.097] Gap before file 'Lav69_d1.0_g0_t65.nidq.bin' out_start_smp=55297656 inp_gap_smp=77125 out_zeros_smp=199.
[Thd 131544844859072 CPU 0 8/17/26 13:21:39.104] Gap before file 'Lav69_d1.0_g0_t67.nidq.bin' out_start_smp=56940876 inp_gap_smp=5093054 out_zeros_smp=199.
[Thd 131544844859072 CPU 0 8/17/26 13:21:39.106] Gap before file 'Lav69_d1.0_g0_t68.nidq.bin' out_start_smp=57860267 inp_gap_smp=26734310 out_zeros_smp=199.
[Thd 131544844859072 CPU 0 8/17/26 13:21:39.109] Gap before file 'Lav69_d1.0_g0_t69.nidq.bin' out_start_smp=58779658 inp_gap_smp=15684292 out_zeros_smp=199.
[Thd 131544844859072 CPU 0 8/17/26 13:21:39.111] Gap before file 'Lav69_d1.0_g0_t70.nidq.bin' out_start_smp=59699049 inp_gap_smp=14161815 out_zeros_smp=199.
[Thd 131544844859072 CPU 0 8/17/26 13:21:39.114] Gap before file 'Lav69_d1.0_g0_t71.nidq.bin' out_start_smp=60618440 inp_gap_smp=406791 out_zeros_smp=199.
[Thd 131544844859072 CPU 0 8/17/26 13:21:39.121] Gap before file 'Lav69_d1.0_g0_t74.nidq.bin' out_start_smp=63215372 inp_gap_smp=14820120 out_zeros_smp=199.
[Thd 131544844859072 CPU 0 8/17/26 13:21:39.128] Gap before file 'Lav69_d1.0_g0_t77.nidq.bin' out_start_smp=65572034 inp_gap_smp=88530 out_zeros_smp=199.
[Thd 131544844859072 CPU 0 8/17/26 13:21:39.131] Gap before file 'Lav69_d1.0_g0_t78.nidq.bin' out_start_smp=66491425 inp_gap_smp=18875 out_zeros_smp=199.
[Thd 131544844859072 CPU 0 8/17/26 13:21:39.133] Gap before file 'Lav69_d1.0_g0_t79.nidq.bin' out_start_smp=67410816 inp_gap_smp=375638 out_zeros_smp=199.
[Thd 131544844859072 CPU 0 8/17/26 13:21:39.135] Done nidq: 80 of 259.
[Thd 131544844859072 CPU 0 8/17/26 13:21:39.138] Gap before file 'Lav69_d1.0_g0_t81.nidq.bin' out_start_smp=69083138 inp_gap_smp=637668 out_zeros_smp=199.
[Thd 131544844859072 CPU 0 8/17/26 13:21:39.141] Gap before file 'Lav69_d1.0_g0_t82.nidq.bin' out_start_smp=70002528 inp_gap_smp=494226 out_zeros_smp=199.
[Thd 131544844859072 CPU 0 8/17/26 13:21:39.145] Gap before file 'Lav69_d1.0_g0_t84.nidq.bin' out_start_smp=71640528 inp_gap_smp=347551 out_zeros_smp=199.
[Thd 131544844859072 CPU 0 8/17/26 13:21:39.150] Gap before file 'Lav69_d1.0_g0_t86.nidq.bin' out_start_smp=73378344 inp_gap_smp=387076 out_zeros_smp=199.
[Thd 131544844859072 CPU 0 8/17/26 13:21:39.152] Gap before file 'Lav69_d1.0_g0_t87.nidq.bin' out_start_smp=74297735 inp_gap_smp=545104 out_zeros_smp=199.
[Thd 131544844859072 CPU 0 8/17/26 13:21:39.156] Gap before file 'Lav69_d1.0_g0_t89.nidq.bin' out_start_smp=75916013 inp_gap_smp=157186 out_zeros_smp=199.
[Thd 131544844859072 CPU 0 8/17/26 13:21:39.161] Gap before file 'Lav69_d1.0_g0_t91.nidq.bin' out_start_smp=77523927 inp_gap_smp=144665 out_zeros_smp=199.
[Thd 131544844859072 CPU 0 8/17/26 13:21:39.168] Gap before file 'Lav69_d1.0_g0_t94.nidq.bin' out_start_smp=80044939 inp_gap_smp=158281 out_zeros_smp=199.
[Thd 131544844859072 CPU 0 8/17/26 13:21:39.174] Gap before file 'Lav69_d1.0_g0_t96.nidq.bin' out_start_smp=81726615 inp_gap_smp=709433 out_zeros_smp=199.
[Thd 131544844859072 CPU 0 8/17/26 13:21:39.177] Gap before file 'Lav69_d1.0_g0_t97.nidq.bin' out_start_smp=82646006 inp_gap_smp=94832 out_zeros_smp=199.
[Thd 131544844859072 CPU 0 8/17/26 13:21:39.182] Gap before file 'Lav69_d1.0_g0_t99.nidq.bin' out_start_smp=84295479 inp_gap_smp=246627 out_zeros_smp=199.
[Thd 131544844859072 CPU 0 8/17/26 13:21:39.185] Done nidq: 100 of 259.
[Thd 131544844859072 CPU 0 8/17/26 13:21:39.185] Gap before file 'Lav69_d1.0_g0_t100.nidq.bin' out_start_smp=85214869 inp_gap_smp=328801 out_zeros_smp=199.
[Thd 131544844859072 CPU 0 8/17/26 13:21:39.189] Gap before file 'Lav69_d1.0_g0_t101.nidq.bin' out_start_smp=86134260 inp_gap_smp=999565 out_zeros_smp=199.
[Thd 131544844859072 CPU 0 8/17/26 13:21:39.194] Gap before file 'Lav69_d1.0_g0_t103.nidq.bin' out_start_smp=87889811 inp_gap_smp=247709 out_zeros_smp=199.
[Thd 131544844859072 CPU 0 8/17/26 13:21:39.197] Gap before file 'Lav69_d1.0_g0_t104.nidq.bin' out_start_smp=88809202 inp_gap_smp=970469 out_zeros_smp=199.
[Thd 131544844859072 CPU 0 8/17/26 13:21:39.200] Gap before file 'Lav69_d1.0_g0_t105.nidq.bin' out_start_smp=89728593 inp_gap_smp=7333640 out_zeros_smp=199.
[Thd 131544844859072 CPU 0 8/17/26 13:21:39.203] Gap before file 'Lav69_d1.0_g0_t106.nidq.bin' out_start_smp=90647983 inp_gap_smp=56595815 out_zeros_smp=199.
[Thd 131544844859072 CPU 0 8/17/26 13:21:39.209] Gap before file 'Lav69_d1.0_g0_t108.nidq.bin' out_start_smp=92460659 inp_gap_smp=614848 out_zeros_smp=199.
[Thd 131544844859072 CPU 0 8/17/26 13:21:39.211] Gap before file 'Lav69_d1.0_g0_t109.nidq.bin' out_start_smp=93380050 inp_gap_smp=54804814 out_zeros_smp=199.
[Thd 131544844859072 CPU 0 8/17/26 13:21:39.213] Gap before file 'Lav69_d1.0_g0_t110.nidq.bin' out_start_smp=94299440 inp_gap_smp=95672999 out_zeros_smp=199.
[Thd 131544844859072 CPU 0 8/17/26 13:21:39.216] Gap before file 'Lav69_d1.0_g0_t111.nidq.bin' out_start_smp=95218830 inp_gap_smp=40032515 out_zeros_smp=199.
[Thd 131544844859072 CPU 0 8/17/26 13:21:39.219] Gap before file 'Lav69_d1.0_g0_t112.nidq.bin' out_start_smp=96138220 inp_gap_smp=46575023 out_zeros_smp=199.
[Thd 131544844859072 CPU 0 8/17/26 13:21:39.224] Gap before file 'Lav69_d1.0_g0_t114.nidq.bin' out_start_smp=97767974 inp_gap_smp=89402341 out_zeros_smp=199.
[Thd 131544844859072 CPU 0 8/17/26 13:21:39.227] Gap before file 'Lav69_d1.0_g0_t115.nidq.bin' out_start_smp=98687364 inp_gap_smp=188395 out_zeros_smp=199.
[Thd 131544844859072 CPU 0 8/17/26 13:21:39.229] Gap before file 'Lav69_d1.0_g0_t116.nidq.bin' out_start_smp=99606755 inp_gap_smp=60191039 out_zeros_smp=199.
[Thd 131544844859072 CPU 0 8/17/26 13:21:39.235] Gap before file 'Lav69_d1.0_g0_t118.nidq.bin' out_start_smp=101344573 inp_gap_smp=1939747 out_zeros_smp=199.
[Thd 131544844859072 CPU 0 8/17/26 13:21:39.238] Gap before file 'Lav69_d1.0_g0_t119.nidq.bin' out_start_smp=102263963 inp_gap_smp=65019733 out_zeros_smp=199.
[Thd 131544844859072 CPU 0 8/17/26 13:21:39.241] Done nidq: 120 of 259.
[Thd 131544844859072 CPU 0 8/17/26 13:21:39.241] Gap before file 'Lav69_d1.0_g0_t120.nidq.bin' out_start_smp=103183353 inp_gap_smp=5352 out_zeros_smp=199.
[Thd 131544844859072 CPU 0 8/17/26 13:21:39.244] Gap before file 'Lav69_d1.0_g0_t121.nidq.bin' out_start_smp=104102744 inp_gap_smp=36934562 out_zeros_smp=199.
[Thd 131544844859072 CPU 0 8/17/26 13:21:39.249] Gap before file 'Lav69_d1.0_g0_t123.nidq.bin' out_start_smp=105916603 inp_gap_smp=25171139 out_zeros_smp=199.
[Thd 131544844859072 CPU 0 8/17/26 13:21:39.252] Gap before file 'Lav69_d1.0_g0_t124.nidq.bin' out_start_smp=106835994 inp_gap_smp=14888710 out_zeros_smp=199.
[Thd 131544844859072 CPU 0 8/17/26 13:21:39.259] Gap before file 'Lav69_d1.0_g0_t127.nidq.bin' out_start_smp=109306096 inp_gap_smp=10129679 out_zeros_smp=199.
[Thd 131544844859072 CPU 0 8/17/26 13:21:39.262] Gap before file 'Lav69_d1.0_g0_t128.nidq.bin' out_start_smp=110225486 inp_gap_smp=63834583 out_zeros_smp=199.
[Thd 131544844859072 CPU 0 8/17/26 13:21:39.265] Gap before file 'Lav69_d1.0_g0_t129.nidq.bin' out_start_smp=111144877 inp_gap_smp=78576106 out_zeros_smp=199.
[Thd 131544844859072 CPU 0 8/17/26 13:21:39.272] Gap before file 'Lav69_d1.0_g0_t131.nidq.bin' out_start_smp=112950294 inp_gap_smp=2122832 out_zeros_smp=199.
[Thd 131544844859072 CPU 0 8/17/26 13:21:39.276] Gap before file 'Lav69_d1.0_g0_t132.nidq.bin' out_start_smp=113869685 inp_gap_smp=35007456 out_zeros_smp=199.
[Thd 131544844859072 CPU 0 8/17/26 13:21:39.279] Gap before file 'Lav69_d1.0_g0_t133.nidq.bin' out_start_smp=114789076 inp_gap_smp=13424406 out_zeros_smp=199.
[Thd 131544844859072 CPU 0 8/17/26 13:21:39.284] Gap before file 'Lav69_d1.0_g0_t135.nidq.bin' out_start_smp=116577952 inp_gap_smp=365178 out_zeros_smp=199.
[Thd 131544844859072 CPU 0 8/17/26 13:21:39.288] Gap before file 'Lav69_d1.0_g0_t137.nidq.bin' out_start_smp=118186840 inp_gap_smp=182197 out_zeros_smp=199.
[Thd 131544844859072 CPU 0 8/17/26 13:21:39.294] Gap before file 'Lav69_d1.0_g0_t139.nidq.bin' out_start_smp=119800906 inp_gap_smp=679304 out_zeros_smp=199.
[Thd 131544844859072 CPU 0 8/17/26 13:21:39.296] Done nidq: 140 of 259.
[Thd 131544844859072 CPU 0 8/17/26 13:21:39.296] Gap before file 'Lav69_d1.0_g0_t140.nidq.bin' out_start_smp=120720297 inp_gap_smp=387076 out_zeros_smp=199.
[Thd 131544844859072 CPU 0 8/17/26 13:21:39.302] Gap before file 'Lav69_d1.0_g0_t142.nidq.bin' out_start_smp=122393685 inp_gap_smp=248728 out_zeros_smp=199.
[Thd 131544844859072 CPU 0 8/17/26 13:21:39.307] Gap before file 'Lav69_d1.0_g0_t144.nidq.bin' out_start_smp=124053505 inp_gap_smp=134601692 out_zeros_smp=199.
[Thd 131544844859072 CPU 0 8/17/26 13:21:39.309] Gap before file 'Lav69_d1.0_g0_t145.nidq.bin' out_start_smp=124972895 inp_gap_smp=2529424 out_zeros_smp=199.
[Thd 131544844859072 CPU 0 8/17/26 13:21:39.312] Gap before file 'Lav69_d1.0_g0_t146.nidq.bin' out_start_smp=125892286 inp_gap_smp=40933394 out_zeros_smp=199.
[Thd 131544844859072 CPU 0 8/17/26 13:21:39.318] Gap before file 'Lav69_d1.0_g0_t148.nidq.bin' out_start_smp=127531296 inp_gap_smp=22537930 out_zeros_smp=199.
[Thd 131544844859072 CPU 0 8/17/26 13:21:39.321] Gap before file 'Lav69_d1.0_g0_t149.nidq.bin' out_start_smp=128450687 inp_gap_smp=5085766 out_zeros_smp=199.
[Thd 131544844859072 CPU 0 8/17/26 13:21:39.332] Gap before file 'Lav69_d1.0_g0_t153.nidq.bin' out_start_smp=131831698 inp_gap_smp=165521 out_zeros_smp=199.
[Thd 131544844859072 CPU 0 8/17/26 13:21:39.335] Gap before file 'Lav69_d1.0_g0_t154.nidq.bin' out_start_smp=132751089 inp_gap_smp=12742227 out_zeros_smp=199.
[Thd 131544844859072 CPU 0 8/17/26 13:21:39.340] Gap before file 'Lav69_d1.0_g0_t156.nidq.bin' out_start_smp=134430754 inp_gap_smp=666753 out_zeros_smp=199.
[Thd 131544844859072 CPU 0 8/17/26 13:21:39.343] Gap before file 'Lav69_d1.0_g0_t157.nidq.bin' out_start_smp=135350144 inp_gap_smp=2060428 out_zeros_smp=199.
[Thd 131544844859072 CPU 0 8/17/26 13:21:39.346] Gap before file 'Lav69_d1.0_g0_t158.nidq.bin' out_start_smp=136269535 inp_gap_smp=858134 out_zeros_smp=199.
[Thd 131544844859072 CPU 0 8/17/26 13:21:39.350] Done nidq: 160 of 259.
[Thd 131544844859072 CPU 0 8/17/26 13:21:39.353] Gap before file 'Lav69_d1.0_g0_t161.nidq.bin' out_start_smp=138793663 inp_gap_smp=86512 out_zeros_smp=199.
[Thd 131544844859072 CPU 0 8/17/26 13:21:39.356] Gap before file 'Lav69_d1.0_g0_t162.nidq.bin' out_start_smp=139713053 inp_gap_smp=1133734 out_zeros_smp=199.
[Thd 131544844859072 CPU 0 8/17/26 13:21:39.364] Gap before file 'Lav69_d1.0_g0_t165.nidq.bin' out_start_smp=142170592 inp_gap_smp=7455 out_zeros_smp=199.
[Thd 131544844859072 CPU 0 8/17/26 13:21:39.369] Gap before file 'Lav69_d1.0_g0_t167.nidq.bin' out_start_smp=143879342 inp_gap_smp=287225 out_zeros_smp=199.
[Thd 131544844859072 CPU 0 8/17/26 13:21:39.372] Gap before file 'Lav69_d1.0_g0_t168.nidq.bin' out_start_smp=144798733 inp_gap_smp=87499 out_zeros_smp=199.
[Thd 131544844859072 CPU 0 8/17/26 13:21:39.375] Gap before file 'Lav69_d1.0_g0_t169.nidq.bin' out_start_smp=145718124 inp_gap_smp=713566 out_zeros_smp=199.
[Thd 131544844859072 CPU 0 8/17/26 13:21:39.380] Gap before file 'Lav69_d1.0_g0_t171.nidq.bin' out_start_smp=147410225 inp_gap_smp=47006 out_zeros_smp=199.
[Thd 131544844859072 CPU 0 8/17/26 13:21:39.383] Gap before file 'Lav69_d1.0_g0_t172.nidq.bin' out_start_smp=148329616 inp_gap_smp=5561031 out_zeros_smp=199.
[Thd 131544844859072 CPU 0 8/17/26 13:21:39.386] Gap before file 'Lav69_d1.0_g0_t173.nidq.bin' out_start_smp=149249007 inp_gap_smp=615862 out_zeros_smp=199.
[Thd 131544844859072 CPU 0 8/17/26 13:21:39.389] Gap before file 'Lav69_d1.0_g0_t174.nidq.bin' out_start_smp=150168398 inp_gap_smp=50604266 out_zeros_smp=199.
[Thd 131544844859072 CPU 0 8/17/26 13:21:39.392] Gap before file 'Lav69_d1.0_g0_t175.nidq.bin' out_start_smp=151087789 inp_gap_smp=2006313 out_zeros_smp=199.
[Thd 131544844859072 CPU 0 8/17/26 13:21:39.394] Gap before file 'Lav69_d1.0_g0_t176.nidq.bin' out_start_smp=152007180 inp_gap_smp=162383 out_zeros_smp=199.
[Thd 131544844859072 CPU 0 8/17/26 13:21:39.397] Gap before file 'Lav69_d1.0_g0_t177.nidq.bin' out_start_smp=152926571 inp_gap_smp=251891 out_zeros_smp=199.
[Thd 131544844859072 CPU 0 8/17/26 13:21:39.404] Done nidq: 180 of 259.
[Thd 131544844859072 CPU 0 8/17/26 13:21:39.404] Gap before file 'Lav69_d1.0_g0_t180.nidq.bin' out_start_smp=155272782 inp_gap_smp=365239 out_zeros_smp=199.
[Thd 131544844859072 CPU 0 8/17/26 13:21:39.407] Gap before file 'Lav69_d1.0_g0_t181.nidq.bin' out_start_smp=156192172 inp_gap_smp=365177 out_zeros_smp=199.
[Thd 131544844859072 CPU 0 8/17/26 13:21:39.416] Gap before file 'Lav69_d1.0_g0_t184.nidq.bin' out_start_smp=158796386 inp_gap_smp=36542 out_zeros_smp=199.
[Thd 131544844859072 CPU 0 8/17/26 13:21:39.419] Gap before file 'Lav69_d1.0_g0_t185.nidq.bin' out_start_smp=159715776 inp_gap_smp=231015 out_zeros_smp=199.
[Thd 131544844859072 CPU 0 8/17/26 13:21:39.426] Gap before file 'Lav69_d1.0_g0_t188.nidq.bin' out_start_smp=162072482 inp_gap_smp=1594505 out_zeros_smp=199.
[Thd 131544844859072 CPU 0 8/17/26 13:21:39.431] Gap before file 'Lav69_d1.0_g0_t190.nidq.bin' out_start_smp=163671997 inp_gap_smp=605434 out_zeros_smp=199.
[Thd 131544844859072 CPU 0 8/17/26 13:21:39.441] Gap before file 'Lav69_d1.0_g0_t193.nidq.bin' out_start_smp=166034895 inp_gap_smp=8779849 out_zeros_smp=199.
[Thd 131544844859072 CPU 0 8/17/26 13:21:39.444] Gap before file 'Lav69_d1.0_g0_t194.nidq.bin' out_start_smp=166954286 inp_gap_smp=4875633 out_zeros_smp=199.
[Thd 131544844859072 CPU 0 8/17/26 13:21:39.447] Gap before file 'Lav69_d1.0_g0_t195.nidq.bin' out_start_smp=167873677 inp_gap_smp=1638186 out_zeros_smp=199.
[Thd 131544844859072 CPU 0 8/17/26 13:21:39.454] Gap before file 'Lav69_d1.0_g0_t198.nidq.bin' out_start_smp=170330191 inp_gap_smp=5112781 out_zeros_smp=199.
[Thd 131544844859072 CPU 0 8/17/26 13:21:39.457] Gap before file 'Lav69_d1.0_g0_t199.nidq.bin' out_start_smp=171249581 inp_gap_smp=99978 out_zeros_smp=199.
[Thd 131544844859072 CPU 0 8/17/26 13:21:39.460] Done nidq: 200 of 259.
[Thd 131544844859072 CPU 0 8/17/26 13:21:39.464] Gap before file 'Lav69_d1.0_g0_t202.nidq.bin' out_start_smp=173733145 inp_gap_smp=58386 out_zeros_smp=199.
[Thd 131544844859072 CPU 0 8/17/26 13:21:39.469] Gap before file 'Lav69_d1.0_g0_t204.nidq.bin' out_start_smp=175365964 inp_gap_smp=338215 out_zeros_smp=199.
[Thd 131544844859072 CPU 0 8/17/26 13:21:39.478] Gap before file 'Lav69_d1.0_g0_t208.nidq.bin' out_start_smp=178413179 inp_gap_smp=79204 out_zeros_smp=199.
[Thd 131544844859072 CPU 0 8/17/26 13:21:39.489] Gap before file 'Lav69_d1.0_g0_t212.nidq.bin' out_start_smp=181589359 inp_gap_smp=4978616 out_zeros_smp=199.
[Thd 131544844859072 CPU 0 8/17/26 13:21:39.492] Gap before file 'Lav69_d1.0_g0_t213.nidq.bin' out_start_smp=182508750 inp_gap_smp=312166 out_zeros_smp=199.
[Thd 131544844859072 CPU 0 8/17/26 13:21:39.494] Gap before file 'Lav69_d1.0_g0_t214.nidq.bin' out_start_smp=183428141 inp_gap_smp=211283 out_zeros_smp=199.
[Thd 131544844859072 CPU 0 8/17/26 13:21:39.499] Gap before file 'Lav69_d1.0_g0_t216.nidq.bin' out_start_smp=185044293 inp_gap_smp=58416 out_zeros_smp=199.
[Thd 131544844859072 CPU 0 8/17/26 13:21:39.502] Gap before file 'Lav69_d1.0_g0_t217.nidq.bin' out_start_smp=185963684 inp_gap_smp=18874 out_zeros_smp=199.
[Thd 131544844859072 CPU 0 8/17/26 13:21:39.505] Gap before file 'Lav69_d1.0_g0_t218.nidq.bin' out_start_smp=186883075 inp_gap_smp=57457859 out_zeros_smp=199.
[Thd 131544844859072 CPU 0 8/17/26 13:21:39.507] Gap before file 'Lav69_d1.0_g0_t219.nidq.bin' out_start_smp=187802466 inp_gap_smp=12368889 out_zeros_smp=199.
[Thd 131544844859072 CPU 0 8/17/26 13:21:39.509] Done nidq: 220 of 259.
[Thd 131544844859072 CPU 0 8/17/26 13:21:39.509] Gap before file 'Lav69_d1.0_g0_t220.nidq.bin' out_start_smp=188721856 inp_gap_smp=2560620 out_zeros_smp=199.
[Thd 131544844859072 CPU 0 8/17/26 13:21:39.512] Gap before file 'Lav69_d1.0_g0_t221.nidq.bin' out_start_smp=189641246 inp_gap_smp=23414677 out_zeros_smp=199.
[Thd 131544844859072 CPU 0 8/17/26 13:21:39.515] Gap before file 'Lav69_d1.0_g0_t222.nidq.bin' out_start_smp=190560637 inp_gap_smp=392170 out_zeros_smp=199.
[Thd 131544844859072 CPU 0 8/17/26 13:21:39.518] Gap before file 'Lav69_d1.0_g0_t223.nidq.bin' out_start_smp=191480028 inp_gap_smp=13791551 out_zeros_smp=199.
[Thd 131544844859072 CPU 0 8/17/26 13:21:39.520] Gap before file 'Lav69_d1.0_g0_t224.nidq.bin' out_start_smp=192399419 inp_gap_smp=485860 out_zeros_smp=199.
[Thd 131544844859072 CPU 0 8/17/26 13:21:39.531] Gap before file 'Lav69_d1.0_g0_t228.nidq.bin' out_start_smp=195893820 inp_gap_smp=321576 out_zeros_smp=199.
[Thd 131544844859072 CPU 0 8/17/26 13:21:39.536] Gap before file 'Lav69_d1.0_g0_t230.nidq.bin' out_start_smp=197603574 inp_gap_smp=734404 out_zeros_smp=199.
[Thd 131544844859072 CPU 0 8/17/26 13:21:39.539] Gap before file 'Lav69_d1.0_g0_t231.nidq.bin' out_start_smp=198522965 inp_gap_smp=818620 out_zeros_smp=199.
[Thd 131544844859072 CPU 0 8/17/26 13:21:39.542] Gap before file 'Lav69_d1.0_g0_t232.nidq.bin' out_start_smp=199442356 inp_gap_smp=93760 out_zeros_smp=199.
[Thd 131544844859072 CPU 0 8/17/26 13:21:39.544] Gap before file 'Lav69_d1.0_g0_t233.nidq.bin' out_start_smp=200361747 inp_gap_smp=398498 out_zeros_smp=199.
[Thd 131544844859072 CPU 0 8/17/26 13:21:39.546] Gap before file 'Lav69_d1.0_g0_t234.nidq.bin' out_start_smp=201281138 inp_gap_smp=1673537 out_zeros_smp=199.
[Thd 131544844859072 CPU 0 8/17/26 13:21:39.549] Gap before file 'Lav69_d1.0_g0_t235.nidq.bin' out_start_smp=202200529 inp_gap_smp=41071692 out_zeros_smp=199.
[Thd 131544844859072 CPU 0 8/17/26 13:21:39.551] Gap before file 'Lav69_d1.0_g0_t236.nidq.bin' out_start_smp=203119919 inp_gap_smp=3502864 out_zeros_smp=199.
[Thd 131544844859072 CPU 0 8/17/26 13:21:39.554] Gap before file 'Lav69_d1.0_g0_t237.nidq.bin' out_start_smp=204039310 inp_gap_smp=2789403 out_zeros_smp=199.
[Thd 131544844859072 CPU 0 8/17/26 13:21:39.556] Gap before file 'Lav69_d1.0_g0_t238.nidq.bin' out_start_smp=204958701 inp_gap_smp=3338600 out_zeros_smp=199.
[Thd 131544844859072 CPU 0 8/17/26 13:21:39.559] Gap before file 'Lav69_d1.0_g0_t239.nidq.bin' out_start_smp=205878092 inp_gap_smp=500376 out_zeros_smp=199.
[Thd 131544844859072 CPU 0 8/17/26 13:21:39.561] Done nidq: 240 of 259.
[Thd 131544844859072 CPU 0 8/17/26 13:21:39.561] Gap before file 'Lav69_d1.0_g0_t240.nidq.bin' out_start_smp=206797483 inp_gap_smp=694907 out_zeros_smp=199.
[Thd 131544844859072 CPU 0 8/17/26 13:21:39.564] Gap before file 'Lav69_d1.0_g0_t241.nidq.bin' out_start_smp=207716873 inp_gap_smp=1070272 out_zeros_smp=199.
[Thd 131544844859072 CPU 0 8/17/26 13:21:39.566] Gap before file 'Lav69_d1.0_g0_t242.nidq.bin' out_start_smp=208636264 inp_gap_smp=96910 out_zeros_smp=199.
[Thd 131544844859072 CPU 0 8/17/26 13:21:39.568] Gap before file 'Lav69_d1.0_g0_t243.nidq.bin' out_start_smp=209555654 inp_gap_smp=683457 out_zeros_smp=199.
[Thd 131544844859072 CPU 0 8/17/26 13:21:39.570] Gap before file 'Lav69_d1.0_g0_t244.nidq.bin' out_start_smp=210475045 inp_gap_smp=329862 out_zeros_smp=199.
[Thd 131544844859072 CPU 0 8/17/26 13:21:39.573] Gap before file 'Lav69_d1.0_g0_t245.nidq.bin' out_start_smp=211394435 inp_gap_smp=40023412 out_zeros_smp=199.
[Thd 131544844859072 CPU 0 8/17/26 13:21:39.577] Gap before file 'Lav69_d1.0_g0_t247.nidq.bin' out_start_smp=213040733 inp_gap_smp=271584 out_zeros_smp=199.
[Thd 131544844859072 CPU 0 8/17/26 13:21:39.579] Gap before file 'Lav69_d1.0_g0_t248.nidq.bin' out_start_smp=213960123 inp_gap_smp=226868 out_zeros_smp=199.
[Thd 131544844859072 CPU 0 8/17/26 13:21:39.582] Gap before file 'Lav69_d1.0_g0_t249.nidq.bin' out_start_smp=214879513 inp_gap_smp=1551832 out_zeros_smp=199.
[Thd 131544844859072 CPU 0 8/17/26 13:21:39.587] Gap before file 'Lav69_d1.0_g0_t251.nidq.bin' out_start_smp=216711014 inp_gap_smp=381818 out_zeros_smp=199.
[Thd 131544844859072 CPU 0 8/17/26 13:21:39.590] Gap before file 'Lav69_d1.0_g0_t252.nidq.bin' out_start_smp=217630405 inp_gap_smp=192570 out_zeros_smp=199.
[Thd 131544844859072 CPU 0 8/17/26 13:21:39.595] Gap before file 'Lav69_d1.0_g0_t254.nidq.bin' out_start_smp=219281941 inp_gap_smp=40742 out_zeros_smp=199.
[Thd 131544844859072 CPU 0 8/17/26 13:21:39.598] Gap before file 'Lav69_d1.0_g0_t255.nidq.bin' out_start_smp=220201331 inp_gap_smp=14250208 out_zeros_smp=199.
[Thd 131544844859072 CPU 0 8/17/26 13:21:39.600] Gap before file 'Lav69_d1.0_g0_t256.nidq.bin' out_start_smp=221120722 inp_gap_smp=2975564 out_zeros_smp=199.
[Thd 131544844859072 CPU 0 8/17/26 13:21:39.602] Gap before file 'Lav69_d1.0_g0_t257.nidq.bin' out_start_smp=222040113 inp_gap_smp=10480247 out_zeros_smp=199.
[Thd 131544905352192 CPU 0 8/17/26 13:21:42.717] Gap before file 'Lav69_d1.0_g0_t1.imec0.ap.bin' out_start_smp=689397 inp_gap_smp=34395351 out_zeros_smp=149.
[Thd 136750053884928 CPU 0 8/17/26 13:29:00.438] ++++++++++++++++++++++++
[Thd 136750053884928 CPU 0 8/17/26 13:29:00.438] Command (raw):
[Thd 136750053884928 CPU 0 8/17/26 13:29:00.438] CatGT -dir=/mnt/work0/kbsuresh/rawData/Lav69 -run=Lav69_d1.0 -prb=0 -gtlist={0,0,258} -chnexcl={0;23,237} -dest=/mnt/work0/kbsuresh/pass_1/Lav69/Lav69_d1.0 -apfilter=butter,12,300,9000 -gblcar -zerofillmax=5 -ap -ni -prb_fld -pass1_force_ni_ob_bin -out_prb_fld
[Thd 136750053884928 CPU 0 8/17/26 13:29:00.439] Command (active):
[Thd 136750053884928 CPU 0 8/17/26 13:29:00.439] CatGT -dir=/mnt/work0/kbsuresh/rawData/Lav69 -run=Lav69_d1.0 -gtlist={0,0,258} -prb_fld -ni -ap -prb=0 -zerofillmax=5 -apfilter=butter,12,300,9000 -gblcar -chnexcl={0;23,237} -pass1_force_ni_ob_bin -dest=/mnt/work0/kbsuresh/pass_1/Lav69/Lav69_d1.0 -out_prb_fld
[Thd 136749990803136 CPU 0 8/17/26 13:29:00.813] Gap before file 'Lav69_d1.0_g0_t1.nidq.bin' out_start_smp=919191 inp_gap_smp=45859893 out_zeros_smp=199.
[Thd 136749990803136 CPU 0 8/17/26 13:29:00.816] Gap before file 'Lav69_d1.0_g0_t3.nidq.bin' out_start_smp=2640367 inp_gap_smp=2841474 out_zeros_smp=199.
[Thd 136749990803136 CPU 0 8/17/26 13:29:00.823] Gap before file 'Lav69_d1.0_g0_t7.nidq.bin' out_start_smp=5952792 inp_gap_smp=505559 out_zeros_smp=199.
[Thd 136749990803136 CPU 0 8/17/26 13:29:00.831] Gap before file 'Lav69_d1.0_g0_t12.nidq.bin' out_start_smp=9988032 inp_gap_smp=754130 out_zeros_smp=199.
[Thd 136749990803136 CPU 0 8/17/26 13:29:00.836] Gap before file 'Lav69_d1.0_g0_t15.nidq.bin' out_start_smp=12545453 inp_gap_smp=146781 out_zeros_smp=199.
[Thd 136749990803136 CPU 0 8/17/26 13:29:00.838] Gap before file 'Lav69_d1.0_g0_t16.nidq.bin' out_start_smp=13464843 inp_gap_smp=11988209 out_zeros_smp=199.
[Thd 136749990803136 CPU 0 8/17/26 13:29:00.840] Gap before file 'Lav69_d1.0_g0_t17.nidq.bin' out_start_smp=14384234 inp_gap_smp=59440 out_zeros_smp=199.
[Thd 136749990803136 CPU 0 8/17/26 13:29:00.844] Gap before file 'Lav69_d1.0_g0_t19.nidq.bin' out_start_smp=16038908 inp_gap_smp=698004 out_zeros_smp=199.
[Thd 136749990803136 CPU 0 8/17/26 13:29:00.845] Done nidq: 20 of 259.
[Thd 136749990803136 CPU 0 8/17/26 13:29:00.847] Gap before file 'Lav69_d1.0_g0_t21.nidq.bin' out_start_smp=17661326 inp_gap_smp=736474 out_zeros_smp=199.
[Thd 136749990803136 CPU 0 8/17/26 13:29:00.849] Gap before file 'Lav69_d1.0_g0_t22.nidq.bin' out_start_smp=18580717 inp_gap_smp=118776 out_zeros_smp=199.
[Thd 136749990803136 CPU 0 8/17/26 13:29:00.851] Gap before file 'Lav69_d1.0_g0_t23.nidq.bin' out_start_smp=19500107 inp_gap_smp=115587 out_zeros_smp=199.
[Thd 136749990803136 CPU 0 8/17/26 13:29:00.852] Gap before file 'Lav69_d1.0_g0_t24.nidq.bin' out_start_smp=20419498 inp_gap_smp=2023979 out_zeros_smp=199.
[Thd 136749990803136 CPU 0 8/17/26 13:29:00.854] Gap before file 'Lav69_d1.0_g0_t25.nidq.bin' out_start_smp=21338889 inp_gap_smp=1235687 out_zeros_smp=199.
[Thd 136749990803136 CPU 0 8/17/26 13:29:00.856] Gap before file 'Lav69_d1.0_g0_t26.nidq.bin' out_start_smp=22258280 inp_gap_smp=500382 out_zeros_smp=199.
[Thd 136749990803136 CPU 0 8/17/26 13:29:00.858] Gap before file 'Lav69_d1.0_g0_t27.nidq.bin' out_start_smp=23177670 inp_gap_smp=2587687 out_zeros_smp=199.
[Thd 136749990803136 CPU 0 8/17/26 13:29:00.862] Gap before file 'Lav69_d1.0_g0_t30.nidq.bin' out_start_smp=25632109 inp_gap_smp=5321813 out_zeros_smp=199.
[Thd 136749990803136 CPU 0 8/17/26 13:29:00.864] Gap before file 'Lav69_d1.0_g0_t31.nidq.bin' out_start_smp=26551500 inp_gap_smp=2349514 out_zeros_smp=199.
[Thd 136749990803136 CPU 0 8/17/26 13:29:00.867] Gap before file 'Lav69_d1.0_g0_t33.nidq.bin' out_start_smp=28211331 inp_gap_smp=737571 out_zeros_smp=199.
[Thd 136749990803136 CPU 0 8/17/26 13:29:00.869] Gap before file 'Lav69_d1.0_g0_t34.nidq.bin' out_start_smp=29130721 inp_gap_smp=148846 out_zeros_smp=199.
[Thd 136749990803136 CPU 0 8/17/26 13:29:00.871] Gap before file 'Lav69_d1.0_g0_t35.nidq.bin' out_start_smp=30050112 inp_gap_smp=4017721 out_zeros_smp=199.
[Thd 136749990803136 CPU 0 8/17/26 13:29:00.872] Gap before file 'Lav69_d1.0_g0_t36.nidq.bin' out_start_smp=30969503 inp_gap_smp=180034 out_zeros_smp=199.
[Thd 136749990803136 CPU 0 8/17/26 13:29:00.877] Gap before file 'Lav69_d1.0_g0_t39.nidq.bin' out_start_smp=33605976 inp_gap_smp=3274029 out_zeros_smp=199.
[Thd 136749990803136 CPU 0 8/17/26 13:29:00.879] Done nidq: 40 of 259.
[Thd 136749990803136 CPU 0 8/17/26 13:29:00.883] Gap before file 'Lav69_d1.0_g0_t43.nidq.bin' out_start_smp=36785296 inp_gap_smp=3847107 out_zeros_smp=199.
[Thd 136749990803136 CPU 0 8/17/26 13:29:00.886] Gap before file 'Lav69_d1.0_g0_t45.nidq.bin' out_start_smp=38387977 inp_gap_smp=1161 out_zeros_smp=199.
[Thd 136749990803136 CPU 0 8/17/26 13:29:00.888] Gap before file 'Lav69_d1.0_g0_t46.nidq.bin' out_start_smp=39307367 inp_gap_smp=8501 out_zeros_smp=199.
[Thd 136749990803136 CPU 0 8/17/26 13:29:00.894] Gap before file 'Lav69_d1.0_g0_t50.nidq.bin' out_start_smp=42413893 inp_gap_smp=4023917 out_zeros_smp=199.
[Thd 136749990803136 CPU 0 8/17/26 13:29:00.901] Gap before file 'Lav69_d1.0_g0_t55.nidq.bin' out_start_smp=46441819 inp_gap_smp=98938 out_zeros_smp=199.
[Thd 136749990803136 CPU 0 8/17/26 13:29:00.903] Gap before file 'Lav69_d1.0_g0_t56.nidq.bin' out_start_smp=47361210 inp_gap_smp=25043304 out_zeros_smp=199.
[Thd 136749990803136 CPU 0 8/17/26 13:29:00.905] Gap before file 'Lav69_d1.0_g0_t57.nidq.bin' out_start_smp=48280600 inp_gap_smp=151972 out_zeros_smp=199.
[Thd 136749990803136 CPU 0 8/17/26 13:29:00.907] Gap before file 'Lav69_d1.0_g0_t58.nidq.bin' out_start_smp=49199991 inp_gap_smp=193764979 out_zeros_smp=199.
[Thd 136749990803136 CPU 0 8/17/26 13:29:00.908] Gap before file 'Lav69_d1.0_g0_t59.nidq.bin' out_start_smp=50119381 inp_gap_smp=42762 out_zeros_smp=199.
[Thd 136749990803136 CPU 0 8/17/26 13:29:00.910] Done nidq: 60 of 259.
[Thd 136749990803136 CPU 0 8/17/26 13:29:00.914] Gap before file 'Lav69_d1.0_g0_t63.nidq.bin' out_start_smp=53458875 inp_gap_smp=756263 out_zeros_smp=199.
[Thd 136749990803136 CPU 0 8/17/26 13:29:00.916] Gap before file 'Lav69_d1.0_g0_t64.nidq.bin' out_start_smp=54378266 inp_gap_smp=350588 out_zeros_smp=199.
[Thd 136749990803136 CPU 0 8/17/26 13:29:00.918] Gap before file 'Lav69_d1.0_g0_t65.nidq.bin' out_start_smp=55297656 inp_gap_smp=77125 out_zeros_smp=199.
[Thd 136749990803136 CPU 0 8/17/26 13:29:00.921] Gap before file 'Lav69_d1.0_g0_t67.nidq.bin' out_start_smp=56940876 inp_gap_smp=5093054 out_zeros_smp=199.
[Thd 136749990803136 CPU 0 8/17/26 13:29:00.923] Gap before file 'Lav69_d1.0_g0_t68.nidq.bin' out_start_smp=57860267 inp_gap_smp=26734310 out_zeros_smp=199.
[Thd 136749990803136 CPU 0 8/17/26 13:29:00.924] Gap before file 'Lav69_d1.0_g0_t69.nidq.bin' out_start_smp=58779658 inp_gap_smp=15684292 out_zeros_smp=199.
[Thd 136749990803136 CPU 0 8/17/26 13:29:00.926] Gap before file 'Lav69_d1.0_g0_t70.nidq.bin' out_start_smp=59699049 inp_gap_smp=14161815 out_zeros_smp=199.
[Thd 136749990803136 CPU 0 8/17/26 13:29:00.928] Gap before file 'Lav69_d1.0_g0_t71.nidq.bin' out_start_smp=60618440 inp_gap_smp=406791 out_zeros_smp=199.
[Thd 136749990803136 CPU 0 8/17/26 13:29:00.933] Gap before file 'Lav69_d1.0_g0_t74.nidq.bin' out_start_smp=63215372 inp_gap_smp=14820120 out_zeros_smp=199.
[Thd 136749990803136 CPU 0 8/17/26 13:29:00.937] Gap before file 'Lav69_d1.0_g0_t77.nidq.bin' out_start_smp=65572034 inp_gap_smp=88530 out_zeros_smp=199.
[Thd 136749990803136 CPU 0 8/17/26 13:29:00.939] Gap before file 'Lav69_d1.0_g0_t78.nidq.bin' out_start_smp=66491425 inp_gap_smp=18875 out_zeros_smp=199.
[Thd 136749990803136 CPU 0 8/17/26 13:29:00.941] Gap before file 'Lav69_d1.0_g0_t79.nidq.bin' out_start_smp=67410816 inp_gap_smp=375638 out_zeros_smp=199.
[Thd 136749990803136 CPU 0 8/17/26 13:29:00.942] Done nidq: 80 of 259.
[Thd 136749990803136 CPU 0 8/17/26 13:29:00.944] Gap before file 'Lav69_d1.0_g0_t81.nidq.bin' out_start_smp=69083138 inp_gap_smp=637668 out_zeros_smp=199.
[Thd 136749990803136 CPU 0 8/17/26 13:29:00.946] Gap before file 'Lav69_d1.0_g0_t82.nidq.bin' out_start_smp=70002528 inp_gap_smp=494226 out_zeros_smp=199.
[Thd 136749990803136 CPU 0 8/17/26 13:29:00.949] Gap before file 'Lav69_d1.0_g0_t84.nidq.bin' out_start_smp=71640528 inp_gap_smp=347551 out_zeros_smp=199.
[Thd 136749990803136 CPU 0 8/17/26 13:29:00.952] Gap before file 'Lav69_d1.0_g0_t86.nidq.bin' out_start_smp=73378344 inp_gap_smp=387076 out_zeros_smp=199.
[Thd 136749990803136 CPU 0 8/17/26 13:29:00.954] Gap before file 'Lav69_d1.0_g0_t87.nidq.bin' out_start_smp=74297735 inp_gap_smp=545104 out_zeros_smp=199.
[Thd 136749990803136 CPU 0 8/17/26 13:29:00.957] Gap before file 'Lav69_d1.0_g0_t89.nidq.bin' out_start_smp=75916013 inp_gap_smp=157186 out_zeros_smp=199.
[Thd 136749990803136 CPU 0 8/17/26 13:29:00.960] Gap before file 'Lav69_d1.0_g0_t91.nidq.bin' out_start_smp=77523927 inp_gap_smp=144665 out_zeros_smp=199.
[Thd 136749990803136 CPU 0 8/17/26 13:29:00.965] Gap before file 'Lav69_d1.0_g0_t94.nidq.bin' out_start_smp=80044939 inp_gap_smp=158281 out_zeros_smp=199.
[Thd 136749990803136 CPU 0 8/17/26 13:29:00.969] Gap before file 'Lav69_d1.0_g0_t96.nidq.bin' out_start_smp=81726615 inp_gap_smp=709433 out_zeros_smp=199.
[Thd 136749990803136 CPU 0 8/17/26 13:29:00.970] Gap before file 'Lav69_d1.0_g0_t97.nidq.bin' out_start_smp=82646006 inp_gap_smp=94832 out_zeros_smp=199.
[Thd 136749990803136 CPU 0 8/17/26 13:29:00.973] Gap before file 'Lav69_d1.0_g0_t99.nidq.bin' out_start_smp=84295479 inp_gap_smp=246627 out_zeros_smp=199.
[Thd 136749990803136 CPU 0 8/17/26 13:29:00.975] Done nidq: 100 of 259.
[Thd 136749990803136 CPU 0 8/17/26 13:29:00.975] Gap before file 'Lav69_d1.0_g0_t100.nidq.bin' out_start_smp=85214869 inp_gap_smp=328801 out_zeros_smp=199.
[Thd 136749990803136 CPU 0 8/17/26 13:29:00.977] Gap before file 'Lav69_d1.0_g0_t101.nidq.bin' out_start_smp=86134260 inp_gap_smp=999565 out_zeros_smp=199.
[Thd 136749990803136 CPU 0 8/17/26 13:29:00.980] Gap before file 'Lav69_d1.0_g0_t103.nidq.bin' out_start_smp=87889811 inp_gap_smp=247709 out_zeros_smp=199.
[Thd 136749990803136 CPU 0 8/17/26 13:29:00.982] Gap before file 'Lav69_d1.0_g0_t104.nidq.bin' out_start_smp=88809202 inp_gap_smp=970469 out_zeros_smp=199.
[Thd 136749990803136 CPU 0 8/17/26 13:29:00.984] Gap before file 'Lav69_d1.0_g0_t105.nidq.bin' out_start_smp=89728593 inp_gap_smp=7333640 out_zeros_smp=199.
[Thd 136749990803136 CPU 0 8/17/26 13:29:00.985] Gap before file 'Lav69_d1.0_g0_t106.nidq.bin' out_start_smp=90647983 inp_gap_smp=56595815 out_zeros_smp=199.
[Thd 136749990803136 CPU 0 8/17/26 13:29:00.989] Gap before file 'Lav69_d1.0_g0_t108.nidq.bin' out_start_smp=92460659 inp_gap_smp=614848 out_zeros_smp=199.
[Thd 136749990803136 CPU 0 8/17/26 13:29:00.991] Gap before file 'Lav69_d1.0_g0_t109.nidq.bin' out_start_smp=93380050 inp_gap_smp=54804814 out_zeros_smp=199.
[Thd 136749990803136 CPU 0 8/17/26 13:29:00.992] Gap before file 'Lav69_d1.0_g0_t110.nidq.bin' out_start_smp=94299440 inp_gap_smp=95672999 out_zeros_smp=199.
[Thd 136749990803136 CPU 0 8/17/26 13:29:00.994] Gap before file 'Lav69_d1.0_g0_t111.nidq.bin' out_start_smp=95218830 inp_gap_smp=40032515 out_zeros_smp=199.
[Thd 136749990803136 CPU 0 8/17/26 13:29:00.996] Gap before file 'Lav69_d1.0_g0_t112.nidq.bin' out_start_smp=96138220 inp_gap_smp=46575023 out_zeros_smp=199.
[Thd 136749990803136 CPU 0 8/17/26 13:29:00.999] Gap before file 'Lav69_d1.0_g0_t114.nidq.bin' out_start_smp=97767974 inp_gap_smp=89402341 out_zeros_smp=199.
[Thd 136749990803136 CPU 0 8/17/26 13:29:01.001] Gap before file 'Lav69_d1.0_g0_t115.nidq.bin' out_start_smp=98687364 inp_gap_smp=188395 out_zeros_smp=199.
[Thd 136749990803136 CPU 0 8/17/26 13:29:01.002] Gap before file 'Lav69_d1.0_g0_t116.nidq.bin' out_start_smp=99606755 inp_gap_smp=60191039 out_zeros_smp=199.
[Thd 136749990803136 CPU 0 8/17/26 13:29:01.006] Gap before file 'Lav69_d1.0_g0_t118.nidq.bin' out_start_smp=101344573 inp_gap_smp=1939747 out_zeros_smp=199.
[Thd 136749990803136 CPU 0 8/17/26 13:29:01.007] Gap before file 'Lav69_d1.0_g0_t119.nidq.bin' out_start_smp=102263963 inp_gap_smp=65019733 out_zeros_smp=199.
[Thd 136749990803136 CPU 0 8/17/26 13:29:01.009] Done nidq: 120 of 259.
[Thd 136749990803136 CPU 0 8/17/26 13:29:01.009] Gap before file 'Lav69_d1.0_g0_t120.nidq.bin' out_start_smp=103183353 inp_gap_smp=5352 out_zeros_smp=199.
[Thd 136749990803136 CPU 0 8/17/26 13:29:01.011] Gap before file 'Lav69_d1.0_g0_t121.nidq.bin' out_start_smp=104102744 inp_gap_smp=36934562 out_zeros_smp=199.
[Thd 136749990803136 CPU 0 8/17/26 13:29:01.014] Gap before file 'Lav69_d1.0_g0_t123.nidq.bin' out_start_smp=105916603 inp_gap_smp=25171139 out_zeros_smp=199.
[Thd 136749990803136 CPU 0 8/17/26 13:29:01.016] Gap before file 'Lav69_d1.0_g0_t124.nidq.bin' out_start_smp=106835994 inp_gap_smp=14888710 out_zeros_smp=199.
[Thd 136749990803136 CPU 0 8/17/26 13:29:01.021] Gap before file 'Lav69_d1.0_g0_t127.nidq.bin' out_start_smp=109306096 inp_gap_smp=10129679 out_zeros_smp=199.
[Thd 136749990803136 CPU 0 8/17/26 13:29:01.022] Gap before file 'Lav69_d1.0_g0_t128.nidq.bin' out_start_smp=110225486 inp_gap_smp=63834583 out_zeros_smp=199.
[Thd 136749990803136 CPU 0 8/17/26 13:29:01.024] Gap before file 'Lav69_d1.0_g0_t129.nidq.bin' out_start_smp=111144877 inp_gap_smp=78576106 out_zeros_smp=199.
[Thd 136749990803136 CPU 0 8/17/26 13:29:01.027] Gap before file 'Lav69_d1.0_g0_t131.nidq.bin' out_start_smp=112950294 inp_gap_smp=2122832 out_zeros_smp=199.
[Thd 136749990803136 CPU 0 8/17/26 13:29:01.029] Gap before file 'Lav69_d1.0_g0_t132.nidq.bin' out_start_smp=113869685 inp_gap_smp=35007456 out_zeros_smp=199.
[Thd 136749990803136 CPU 0 8/17/26 13:29:01.031] Gap before file 'Lav69_d1.0_g0_t133.nidq.bin' out_start_smp=114789076 inp_gap_smp=13424406 out_zeros_smp=199.
[Thd 136749990803136 CPU 0 8/17/26 13:29:01.034] Gap before file 'Lav69_d1.0_g0_t135.nidq.bin' out_start_smp=116577952 inp_gap_smp=365178 out_zeros_smp=199.
[Thd 136749990803136 CPU 0 8/17/26 13:29:01.037] Gap before file 'Lav69_d1.0_g0_t137.nidq.bin' out_start_smp=118186840 inp_gap_smp=182197 out_zeros_smp=199.
[Thd 136749990803136 CPU 0 8/17/26 13:29:01.040] Gap before file 'Lav69_d1.0_g0_t139.nidq.bin' out_start_smp=119800906 inp_gap_smp=679304 out_zeros_smp=199.
[Thd 136749990803136 CPU 0 8/17/26 13:29:01.042] Done nidq: 140 of 259.
[Thd 136749990803136 CPU 0 8/17/26 13:29:01.042] Gap before file 'Lav69_d1.0_g0_t140.nidq.bin' out_start_smp=120720297 inp_gap_smp=387076 out_zeros_smp=199.
[Thd 136749990803136 CPU 0 8/17/26 13:29:01.045] Gap before file 'Lav69_d1.0_g0_t142.nidq.bin' out_start_smp=122393685 inp_gap_smp=248728 out_zeros_smp=199.
[Thd 136749990803136 CPU 0 8/17/26 13:29:01.048] Gap before file 'Lav69_d1.0_g0_t144.nidq.bin' out_start_smp=124053505 inp_gap_smp=134601692 out_zeros_smp=199.
[Thd 136749990803136 CPU 0 8/17/26 13:29:01.050] Gap before file 'Lav69_d1.0_g0_t145.nidq.bin' out_start_smp=124972895 inp_gap_smp=2529424 out_zeros_smp=199.
[Thd 136749990803136 CPU 0 8/17/26 13:29:01.052] Gap before file 'Lav69_d1.0_g0_t146.nidq.bin' out_start_smp=125892286 inp_gap_smp=40933394 out_zeros_smp=199.
[Thd 136749990803136 CPU 0 8/17/26 13:29:01.055] Gap before file 'Lav69_d1.0_g0_t148.nidq.bin' out_start_smp=127531296 inp_gap_smp=22537930 out_zeros_smp=199.
[Thd 136749990803136 CPU 0 8/17/26 13:29:01.056] Gap before file 'Lav69_d1.0_g0_t149.nidq.bin' out_start_smp=128450687 inp_gap_smp=5085766 out_zeros_smp=199.
[Thd 136749990803136 CPU 0 8/17/26 13:29:01.063] Gap before file 'Lav69_d1.0_g0_t153.nidq.bin' out_start_smp=131831698 inp_gap_smp=165521 out_zeros_smp=199.
[Thd 136749990803136 CPU 0 8/17/26 13:29:01.064] Gap before file 'Lav69_d1.0_g0_t154.nidq.bin' out_start_smp=132751089 inp_gap_smp=12742227 out_zeros_smp=199.
[Thd 136749990803136 CPU 0 8/17/26 13:29:01.067] Gap before file 'Lav69_d1.0_g0_t156.nidq.bin' out_start_smp=134430754 inp_gap_smp=666753 out_zeros_smp=199.
[Thd 136749990803136 CPU 0 8/17/26 13:29:01.069] Gap before file 'Lav69_d1.0_g0_t157.nidq.bin' out_start_smp=135350144 inp_gap_smp=2060428 out_zeros_smp=199.
[Thd 136749990803136 CPU 0 8/17/26 13:29:01.071] Gap before file 'Lav69_d1.0_g0_t158.nidq.bin' out_start_smp=136269535 inp_gap_smp=858134 out_zeros_smp=199.
[Thd 136749990803136 CPU 0 8/17/26 13:29:01.074] Done nidq: 160 of 259.
[Thd 136749990803136 CPU 0 8/17/26 13:29:01.076] Gap before file 'Lav69_d1.0_g0_t161.nidq.bin' out_start_smp=138793663 inp_gap_smp=86512 out_zeros_smp=199.
[Thd 136749990803136 CPU 0 8/17/26 13:29:01.077] Gap before file 'Lav69_d1.0_g0_t162.nidq.bin' out_start_smp=139713053 inp_gap_smp=1133734 out_zeros_smp=199.
[Thd 136749990803136 CPU 0 8/17/26 13:29:01.082] Gap before file 'Lav69_d1.0_g0_t165.nidq.bin' out_start_smp=142170592 inp_gap_smp=7455 out_zeros_smp=199.
[Thd 136749990803136 CPU 0 8/17/26 13:29:01.085] Gap before file 'Lav69_d1.0_g0_t167.nidq.bin' out_start_smp=143879342 inp_gap_smp=287225 out_zeros_smp=199.
[Thd 136749990803136 CPU 0 8/17/26 13:29:01.087] Gap before file 'Lav69_d1.0_g0_t168.nidq.bin' out_start_smp=144798733 inp_gap_smp=87499 out_zeros_smp=199.
[Thd 136749990803136 CPU 0 8/17/26 13:29:01.089] Gap before file 'Lav69_d1.0_g0_t169.nidq.bin' out_start_smp=145718124 inp_gap_smp=713566 out_zeros_smp=199.
[Thd 136749990803136 CPU 0 8/17/26 13:29:01.092] Gap before file 'Lav69_d1.0_g0_t171.nidq.bin' out_start_smp=147410225 inp_gap_smp=47006 out_zeros_smp=199.
[Thd 136749990803136 CPU 0 8/17/26 13:29:01.094] Gap before file 'Lav69_d1.0_g0_t172.nidq.bin' out_start_smp=148329616 inp_gap_smp=5561031 out_zeros_smp=199.
[Thd 136749990803136 CPU 0 8/17/26 13:29:01.095] Gap before file 'Lav69_d1.0_g0_t173.nidq.bin' out_start_smp=149249007 inp_gap_smp=615862 out_zeros_smp=199.
[Thd 136749990803136 CPU 0 8/17/26 13:29:01.097] Gap before file 'Lav69_d1.0_g0_t174.nidq.bin' out_start_smp=150168398 inp_gap_smp=50604266 out_zeros_smp=199.
[Thd 136749990803136 CPU 0 8/17/26 13:29:01.099] Gap before file 'Lav69_d1.0_g0_t175.nidq.bin' out_start_smp=151087789 inp_gap_smp=2006313 out_zeros_smp=199.
[Thd 136749990803136 CPU 0 8/17/26 13:29:01.100] Gap before file 'Lav69_d1.0_g0_t176.nidq.bin' out_start_smp=152007180 inp_gap_smp=162383 out_zeros_smp=199.
[Thd 136749990803136 CPU 0 8/17/26 13:29:01.102] Gap before file 'Lav69_d1.0_g0_t177.nidq.bin' out_start_smp=152926571 inp_gap_smp=251891 out_zeros_smp=199.
[Thd 136749990803136 CPU 0 8/17/26 13:29:01.107] Done nidq: 180 of 259.
[Thd 136749990803136 CPU 0 8/17/26 13:29:01.107] Gap before file 'Lav69_d1.0_g0_t180.nidq.bin' out_start_smp=155272782 inp_gap_smp=365239 out_zeros_smp=199.
[Thd 136749990803136 CPU 0 8/17/26 13:29:01.109] Gap before file 'Lav69_d1.0_g0_t181.nidq.bin' out_start_smp=156192172 inp_gap_smp=365177 out_zeros_smp=199.
[Thd 136749990803136 CPU 0 8/17/26 13:29:01.113] Gap before file 'Lav69_d1.0_g0_t184.nidq.bin' out_start_smp=158796386 inp_gap_smp=36542 out_zeros_smp=199.
[Thd 136749990803136 CPU 0 8/17/26 13:29:01.115] Gap before file 'Lav69_d1.0_g0_t185.nidq.bin' out_start_smp=159715776 inp_gap_smp=231015 out_zeros_smp=199.
[Thd 136749990803136 CPU 0 8/17/26 13:29:01.120] Gap before file 'Lav69_d1.0_g0_t188.nidq.bin' out_start_smp=162072482 inp_gap_smp=1594505 out_zeros_smp=199.
[Thd 136749990803136 CPU 0 8/17/26 13:29:01.123] Gap before file 'Lav69_d1.0_g0_t190.nidq.bin' out_start_smp=163671997 inp_gap_smp=605434 out_zeros_smp=199.
[Thd 136749990803136 CPU 0 8/17/26 13:29:01.128] Gap before file 'Lav69_d1.0_g0_t193.nidq.bin' out_start_smp=166034895 inp_gap_smp=8779849 out_zeros_smp=199.
[Thd 136749990803136 CPU 0 8/17/26 13:29:01.129] Gap before file 'Lav69_d1.0_g0_t194.nidq.bin' out_start_smp=166954286 inp_gap_smp=4875633 out_zeros_smp=199.
[Thd 136749990803136 CPU 0 8/17/26 13:29:01.131] Gap before file 'Lav69_d1.0_g0_t195.nidq.bin' out_start_smp=167873677 inp_gap_smp=1638186 out_zeros_smp=199.
[Thd 136749990803136 CPU 0 8/17/26 13:29:01.137] Gap before file 'Lav69_d1.0_g0_t198.nidq.bin' out_start_smp=170330191 inp_gap_smp=5112781 out_zeros_smp=199.
[Thd 136749990803136 CPU 0 8/17/26 13:29:01.138] Gap before file 'Lav69_d1.0_g0_t199.nidq.bin' out_start_smp=171249581 inp_gap_smp=99978 out_zeros_smp=199.
[Thd 136749990803136 CPU 0 8/17/26 13:29:01.140] Done nidq: 200 of 259.
[Thd 136749990803136 CPU 0 8/17/26 13:29:01.143] Gap before file 'Lav69_d1.0_g0_t202.nidq.bin' out_start_smp=173733145 inp_gap_smp=58386 out_zeros_smp=199.
[Thd 136749990803136 CPU 0 8/17/26 13:29:01.146] Gap before file 'Lav69_d1.0_g0_t204.nidq.bin' out_start_smp=175365964 inp_gap_smp=338215 out_zeros_smp=199.
[Thd 136749990803136 CPU 0 8/17/26 13:29:01.152] Gap before file 'Lav69_d1.0_g0_t208.nidq.bin' out_start_smp=178413179 inp_gap_smp=79204 out_zeros_smp=199.
[Thd 136749990803136 CPU 0 8/17/26 13:29:01.158] Gap before file 'Lav69_d1.0_g0_t212.nidq.bin' out_start_smp=181589359 inp_gap_smp=4978616 out_zeros_smp=199.
[Thd 136749990803136 CPU 0 8/17/26 13:29:01.159] Gap before file 'Lav69_d1.0_g0_t213.nidq.bin' out_start_smp=182508750 inp_gap_smp=312166 out_zeros_smp=199.
[Thd 136749990803136 CPU 0 8/17/26 13:29:01.161] Gap before file 'Lav69_d1.0_g0_t214.nidq.bin' out_start_smp=183428141 inp_gap_smp=211283 out_zeros_smp=199.
[Thd 136749990803136 CPU 0 8/17/26 13:29:01.164] Gap before file 'Lav69_d1.0_g0_t216.nidq.bin' out_start_smp=185044293 inp_gap_smp=58416 out_zeros_smp=199.
[Thd 136749990803136 CPU 0 8/17/26 13:29:01.166] Gap before file 'Lav69_d1.0_g0_t217.nidq.bin' out_start_smp=185963684 inp_gap_smp=18874 out_zeros_smp=199.
[Thd 136749990803136 CPU 0 8/17/26 13:29:01.168] Gap before file 'Lav69_d1.0_g0_t218.nidq.bin' out_start_smp=186883075 inp_gap_smp=57457859 out_zeros_smp=199.
[Thd 136749990803136 CPU 0 8/17/26 13:29:01.170] Gap before file 'Lav69_d1.0_g0_t219.nidq.bin' out_start_smp=187802466 inp_gap_smp=12368889 out_zeros_smp=199.
[Thd 136749990803136 CPU 0 8/17/26 13:29:01.171] Done nidq: 220 of 259.
[Thd 136749990803136 CPU 0 8/17/26 13:29:01.171] Gap before file 'Lav69_d1.0_g0_t220.nidq.bin' out_start_smp=188721856 inp_gap_smp=2560620 out_zeros_smp=199.
[Thd 136749990803136 CPU 0 8/17/26 13:29:01.173] Gap before file 'Lav69_d1.0_g0_t221.nidq.bin' out_start_smp=189641246 inp_gap_smp=23414677 out_zeros_smp=199.
[Thd 136749990803136 CPU 0 8/17/26 13:29:01.175] Gap before file 'Lav69_d1.0_g0_t222.nidq.bin' out_start_smp=190560637 inp_gap_smp=392170 out_zeros_smp=199.
[Thd 136749990803136 CPU 0 8/17/26 13:29:01.176] Gap before file 'Lav69_d1.0_g0_t223.nidq.bin' out_start_smp=191480028 inp_gap_smp=13791551 out_zeros_smp=199.
[Thd 136749990803136 CPU 0 8/17/26 13:29:01.178] Gap before file 'Lav69_d1.0_g0_t224.nidq.bin' out_start_smp=192399419 inp_gap_smp=485860 out_zeros_smp=199.
[Thd 136749990803136 CPU 0 8/17/26 13:29:01.185] Gap before file 'Lav69_d1.0_g0_t228.nidq.bin' out_start_smp=195893820 inp_gap_smp=321576 out_zeros_smp=199.
[Thd 136749990803136 CPU 0 8/17/26 13:29:01.188] Gap before file 'Lav69_d1.0_g0_t230.nidq.bin' out_start_smp=197603574 inp_gap_smp=734404 out_zeros_smp=199.
[Thd 136749990803136 CPU 0 8/17/26 13:29:01.190] Gap before file 'Lav69_d1.0_g0_t231.nidq.bin' out_start_smp=198522965 inp_gap_smp=818620 out_zeros_smp=199.
[Thd 136749990803136 CPU 0 8/17/26 13:29:01.191] Gap before file 'Lav69_d1.0_g0_t232.nidq.bin' out_start_smp=199442356 inp_gap_smp=93760 out_zeros_smp=199.
[Thd 136749990803136 CPU 0 8/17/26 13:29:01.193] Gap before file 'Lav69_d1.0_g0_t233.nidq.bin' out_start_smp=200361747 inp_gap_smp=398498 out_zeros_smp=199.
[Thd 136749990803136 CPU 0 8/17/26 13:29:01.195] Gap before file 'Lav69_d1.0_g0_t234.nidq.bin' out_start_smp=201281138 inp_gap_smp=1673537 out_zeros_smp=199.
[Thd 136749990803136 CPU 0 8/17/26 13:29:01.197] Gap before file 'Lav69_d1.0_g0_t235.nidq.bin' out_start_smp=202200529 inp_gap_smp=41071692 out_zeros_smp=199.
[Thd 136749990803136 CPU 0 8/17/26 13:29:01.199] Gap before file 'Lav69_d1.0_g0_t236.nidq.bin' out_start_smp=203119919 inp_gap_smp=3502864 out_zeros_smp=199.
[Thd 136749990803136 CPU 0 8/17/26 13:29:01.200] Gap before file 'Lav69_d1.0_g0_t237.nidq.bin' out_start_smp=204039310 inp_gap_smp=2789403 out_zeros_smp=199.
[Thd 136749990803136 CPU 0 8/17/26 13:29:01.202] Gap before file 'Lav69_d1.0_g0_t238.nidq.bin' out_start_smp=204958701 inp_gap_smp=3338600 out_zeros_smp=199.
[Thd 136749990803136 CPU 0 8/17/26 13:29:01.204] Gap before file 'Lav69_d1.0_g0_t239.nidq.bin' out_start_smp=205878092 inp_gap_smp=500376 out_zeros_smp=199.
[Thd 136749990803136 CPU 0 8/17/26 13:29:01.206] Done nidq: 240 of 259.
[Thd 136749990803136 CPU 0 8/17/26 13:29:01.206] Gap before file 'Lav69_d1.0_g0_t240.nidq.bin' out_start_smp=206797483 inp_gap_smp=694907 out_zeros_smp=199.
[Thd 136749990803136 CPU 0 8/17/26 13:29:01.207] Gap before file 'Lav69_d1.0_g0_t241.nidq.bin' out_start_smp=207716873 inp_gap_smp=1070272 out_zeros_smp=199.
[Thd 136749990803136 CPU 0 8/17/26 13:29:01.209] Gap before file 'Lav69_d1.0_g0_t242.nidq.bin' out_start_smp=208636264 inp_gap_smp=96910 out_zeros_smp=199.
[Thd 136749990803136 CPU 0 8/17/26 13:29:01.211] Gap before file 'Lav69_d1.0_g0_t243.nidq.bin' out_start_smp=209555654 inp_gap_smp=683457 out_zeros_smp=199.
[Thd 136749990803136 CPU 0 8/17/26 13:29:01.213] Gap before file 'Lav69_d1.0_g0_t244.nidq.bin' out_start_smp=210475045 inp_gap_smp=329862 out_zeros_smp=199.
[Thd 136749990803136 CPU 0 8/17/26 13:29:01.214] Gap before file 'Lav69_d1.0_g0_t245.nidq.bin' out_start_smp=211394435 inp_gap_smp=40023412 out_zeros_smp=199.
[Thd 136749990803136 CPU 0 8/17/26 13:29:01.217] Gap before file 'Lav69_d1.0_g0_t247.nidq.bin' out_start_smp=213040733 inp_gap_smp=271584 out_zeros_smp=199.
[Thd 136749990803136 CPU 0 8/17/26 13:29:01.219] Gap before file 'Lav69_d1.0_g0_t248.nidq.bin' out_start_smp=213960123 inp_gap_smp=226868 out_zeros_smp=199.
[Thd 136749990803136 CPU 0 8/17/26 13:29:01.221] Gap before file 'Lav69_d1.0_g0_t249.nidq.bin' out_start_smp=214879513 inp_gap_smp=1551832 out_zeros_smp=199.
[Thd 136749990803136 CPU 0 8/17/26 13:29:01.224] Gap before file 'Lav69_d1.0_g0_t251.nidq.bin' out_start_smp=216711014 inp_gap_smp=381818 out_zeros_smp=199.
[Thd 136749990803136 CPU 0 8/17/26 13:29:01.226] Gap before file 'Lav69_d1.0_g0_t252.nidq.bin' out_start_smp=217630405 inp_gap_smp=192570 out_zeros_smp=199.
[Thd 136749990803136 CPU 0 8/17/26 13:29:01.229] Gap before file 'Lav69_d1.0_g0_t254.nidq.bin' out_start_smp=219281941 inp_gap_smp=40742 out_zeros_smp=199.
[Thd 136749990803136 CPU 0 8/17/26 13:29:01.231] Gap before file 'Lav69_d1.0_g0_t255.nidq.bin' out_start_smp=220201331 inp_gap_smp=14250208 out_zeros_smp=199.
[Thd 136749990803136 CPU 0 8/17/26 13:29:01.232] Gap before file 'Lav69_d1.0_g0_t256.nidq.bin' out_start_smp=221120722 inp_gap_smp=2975564 out_zeros_smp=199.
[Thd 136749990803136 CPU 0 8/17/26 13:29:01.234] Gap before file 'Lav69_d1.0_g0_t257.nidq.bin' out_start_smp=222040113 inp_gap_smp=10480247 out_zeros_smp=199.
[Thd 136750053884928 CPU 0 8/17/26 13:29:04.294] Gap before file 'Lav69_d1.0_g0_t1.imec0.ap.bin' out_start_smp=689397 inp_gap_smp=34395351 out_zeros_smp=149.
[Thd 136750053884928 CPU 0 8/17/26 13:29:10.812] Gap before file 'Lav69_d1.0_g0_t3.imec0.ap.bin' out_start_smp=1980289 inp_gap_smp=2131136 out_zeros_smp=149.
[Thd 136750053884928 CPU 0 8/17/26 13:29:23.675] Gap before file 'Lav69_d1.0_g0_t7.imec0.ap.bin' out_start_smp=4464631 inp_gap_smp=379179 out_zeros_smp=149.
[Thd 136750053884928 CPU 0 8/17/26 13:29:39.369] Gap before file 'Lav69_d1.0_g0_t12.imec0.ap.bin' out_start_smp=7491091 inp_gap_smp=565609 out_zeros_smp=149.
[Thd 136750053884928 CPU 0 8/17/26 13:29:49.280] Gap before file 'Lav69_d1.0_g0_t15.imec0.ap.bin' out_start_smp=9409174 inp_gap_smp=110092 out_zeros_smp=149.
[Thd 136750053884928 CPU 0 8/17/26 13:29:52.867] Gap before file 'Lav69_d1.0_g0_t16.imec0.ap.bin' out_start_smp=10098720 inp_gap_smp=8991264 out_zeros_smp=149.
[Thd 136750053884928 CPU 0 8/17/26 13:29:56.435] Gap before file 'Lav69_d1.0_g0_t17.imec0.ap.bin' out_start_smp=10788267 inp_gap_smp=44584 out_zeros_smp=149.
[Thd 136750053884928 CPU 0 8/17/26 13:30:03.050] Gap before file 'Lav69_d1.0_g0_t19.imec0.ap.bin' out_start_smp=12029283 inp_gap_smp=523513 out_zeros_smp=149.
[Thd 136750053884928 CPU 0 8/17/26 13:30:06.568] Done imap0: 20 of 259.
[Thd 136750053884928 CPU 0 8/17/26 13:30:09.533] Gap before file 'Lav69_d1.0_g0_t21.imec0.ap.bin' out_start_smp=13246105 inp_gap_smp=552365 out_zeros_smp=149.
[Thd 136750053884928 CPU 0 8/17/26 13:30:13.206] Gap before file 'Lav69_d1.0_g0_t22.imec0.ap.bin' out_start_smp=13935652 inp_gap_smp=89088 out_zeros_smp=149.
[Thd 136750053884928 CPU 0 8/17/26 13:30:16.807] Gap before file 'Lav69_d1.0_g0_t23.imec0.ap.bin' out_start_smp=14625198 inp_gap_smp=86695 out_zeros_smp=149.
[Thd 136750053884928 CPU 0 8/17/26 13:30:20.417] Gap before file 'Lav69_d1.0_g0_t24.imec0.ap.bin' out_start_smp=15314745 inp_gap_smp=1518004 out_zeros_smp=149.
[Thd 136750053884928 CPU 0 8/17/26 13:30:24.088] Gap before file 'Lav69_d1.0_g0_t25.imec0.ap.bin' out_start_smp=16004292 inp_gap_smp=926780 out_zeros_smp=149.
[Thd 136750053884928 CPU 0 8/17/26 13:30:27.666] Gap before file 'Lav69_d1.0_g0_t26.imec0.ap.bin' out_start_smp=16693839 inp_gap_smp=375296 out_zeros_smp=149.
[Thd 136750053884928 CPU 0 8/17/26 13:30:31.320] Gap before file 'Lav69_d1.0_g0_t27.imec0.ap.bin' out_start_smp=17383385 inp_gap_smp=1940791 out_zeros_smp=149.
[Thd 136750053884928 CPU 0 8/17/26 13:30:40.876] Gap before file 'Lav69_d1.0_g0_t30.imec0.ap.bin' out_start_smp=19224232 inp_gap_smp=3991408 out_zeros_smp=149.
[Thd 136750053884928 CPU 0 8/17/26 13:30:44.468] Gap before file 'Lav69_d1.0_g0_t31.imec0.ap.bin' out_start_smp=19913779 inp_gap_smp=1762159 out_zeros_smp=149.
[Thd 136750053884928 CPU 0 8/17/26 13:30:50.995] Gap before file 'Lav69_d1.0_g0_t33.imec0.ap.bin' out_start_smp=21158662 inp_gap_smp=553189 out_zeros_smp=149.
[Thd 136750053884928 CPU 0 8/17/26 13:30:54.582] Gap before file 'Lav69_d1.0_g0_t34.imec0.ap.bin' out_start_smp=21848208 inp_gap_smp=111640 out_zeros_smp=149.
[Thd 136750053884928 CPU 0 8/17/26 13:30:58.247] Gap before file 'Lav69_d1.0_g0_t35.imec0.ap.bin' out_start_smp=22537755 inp_gap_smp=3013327 out_zeros_smp=149.
[Thd 136750053884928 CPU 0 8/17/26 13:31:01.867] Gap before file 'Lav69_d1.0_g0_t36.imec0.ap.bin' out_start_smp=23227302 inp_gap_smp=135031 out_zeros_smp=149.
[Thd 136750053884928 CPU 0 8/17/26 13:31:12.155] Gap before file 'Lav69_d1.0_g0_t39.imec0.ap.bin' out_start_smp=25204674 inp_gap_smp=2455551 out_zeros_smp=149.
[Thd 136750053884928 CPU 0 8/17/26 13:31:15.611] Done imap0: 40 of 259.
[Thd 136750053884928 CPU 0 8/17/26 13:31:24.612] Gap before file 'Lav69_d1.0_g0_t43.imec0.ap.bin' out_start_smp=27589186 inp_gap_smp=2885366 out_zeros_smp=149.
[Thd 136750053884928 CPU 0 8/17/26 13:31:30.913] Gap before file 'Lav69_d1.0_g0_t45.imec0.ap.bin' out_start_smp=28791206 inp_gap_smp=874 out_zeros_smp=149.
[Thd 136750053884928 CPU 0 8/17/26 13:31:34.487] Gap before file 'Lav69_d1.0_g0_t46.imec0.ap.bin' out_start_smp=29480752 inp_gap_smp=6380 out_zeros_smp=149.
[Thd 136750053884928 CPU 0 8/17/26 13:31:46.564] Gap before file 'Lav69_d1.0_g0_t50.imec0.ap.bin' out_start_smp=31810667 inp_gap_smp=3017977 out_zeros_smp=149.
[Thd 136750053884928 CPU 0 8/17/26 13:32:02.438] Gap before file 'Lav69_d1.0_g0_t55.imec0.ap.bin' out_start_smp=34831641 inp_gap_smp=74207 out_zeros_smp=149.
[Thd 136750053884928 CPU 0 8/17/26 13:32:06.036] Gap before file 'Lav69_d1.0_g0_t56.imec0.ap.bin' out_start_smp=35521188 inp_gap_smp=18782691 out_zeros_smp=149.
[Thd 136750053884928 CPU 0 8/17/26 13:32:09.646] Gap before file 'Lav69_d1.0_g0_t57.imec0.ap.bin' out_start_smp=36210734 inp_gap_smp=113985 out_zeros_smp=149.
[Thd 136750053884928 CPU 0 8/17/26 13:32:13.235] Gap before file 'Lav69_d1.0_g0_t58.imec0.ap.bin' out_start_smp=36900281 inp_gap_smp=145325355 out_zeros_smp=149.
[Thd 136750053884928 CPU 0 8/17/26 13:32:16.806] Gap before file 'Lav69_d1.0_g0_t59.imec0.ap.bin' out_start_smp=37589827 inp_gap_smp=32075 out_zeros_smp=149.
[Thd 136750053884928 CPU 0 8/17/26 13:32:20.252] Done imap0: 60 of 259.
[Thd 136750053884928 CPU 0 8/17/26 13:32:29.763] Gap before file 'Lav69_d1.0_g0_t63.imec0.ap.bin' out_start_smp=40094472 inp_gap_smp=567208 out_zeros_smp=149.
[Thd 136750053884928 CPU 0 8/17/26 13:32:33.444] Gap before file 'Lav69_d1.0_g0_t64.imec0.ap.bin' out_start_smp=40784019 inp_gap_smp=262947 out_zeros_smp=149.
[Thd 136750053884928 CPU 0 8/17/26 13:32:37.025] Gap before file 'Lav69_d1.0_g0_t65.imec0.ap.bin' out_start_smp=41473565 inp_gap_smp=57848 out_zeros_smp=149.
[Thd 136750053884928 CPU 0 8/17/26 13:32:43.462] Gap before file 'Lav69_d1.0_g0_t67.imec0.ap.bin' out_start_smp=42705989 inp_gap_smp=3819838 out_zeros_smp=149.
[Thd 136750053884928 CPU 0 8/17/26 13:32:47.077] Gap before file 'Lav69_d1.0_g0_t68.imec0.ap.bin' out_start_smp=43395536 inp_gap_smp=20050961 out_zeros_smp=149.
[Thd 136750053884928 CPU 0 8/17/26 13:32:50.683] Gap before file 'Lav69_d1.0_g0_t69.imec0.ap.bin' out_start_smp=44085083 inp_gap_smp=11763357 out_zeros_smp=149.
[Thd 136750053884928 CPU 0 8/17/26 13:32:54.283] Gap before file 'Lav69_d1.0_g0_t70.imec0.ap.bin' out_start_smp=44774630 inp_gap_smp=10621483 out_zeros_smp=149.
[Thd 136750053884928 CPU 0 8/17/26 13:32:57.876] Gap before file 'Lav69_d1.0_g0_t71.imec0.ap.bin' out_start_smp=45464177 inp_gap_smp=305100 out_zeros_smp=149.
[Thd 136750053884928 CPU 0 8/17/26 13:33:08.088] Gap before file 'Lav69_d1.0_g0_t74.imec0.ap.bin' out_start_smp=47411894 inp_gap_smp=11115220 out_zeros_smp=149.
[Thd 136750053884928 CPU 0 8/17/26 13:33:17.249] Gap before file 'Lav69_d1.0_g0_t77.imec0.ap.bin' out_start_smp=49179405 inp_gap_smp=66403 out_zeros_smp=149.
[Thd 136750053884928 CPU 0 8/17/26 13:33:20.831] Gap before file 'Lav69_d1.0_g0_t78.imec0.ap.bin' out_start_smp=49868952 inp_gap_smp=14159 out_zeros_smp=149.
[Thd 136750053884928 CPU 0 8/17/26 13:33:24.411] Gap before file 'Lav69_d1.0_g0_t79.imec0.ap.bin' out_start_smp=50558499 inp_gap_smp=281736 out_zeros_smp=149.
[Thd 136750053884928 CPU 0 8/17/26 13:33:27.848] Done imap0: 80 of 259.
[Thd 136750053884928 CPU 0 8/17/26 13:33:30.920] Gap before file 'Lav69_d1.0_g0_t81.imec0.ap.bin' out_start_smp=51812750 inp_gap_smp=478261 out_zeros_smp=149.
[Thd 136750053884928 CPU 0 8/17/26 13:33:34.562] Gap before file 'Lav69_d1.0_g0_t82.imec0.ap.bin' out_start_smp=52502296 inp_gap_smp=370676 out_zeros_smp=149.
[Thd 136750053884928 CPU 0 8/17/26 13:33:40.937] Gap before file 'Lav69_d1.0_g0_t84.imec0.ap.bin' out_start_smp=53730806 inp_gap_smp=260669 out_zeros_smp=149.
[Thd 136750053884928 CPU 0 8/17/26 13:33:47.757] Gap before file 'Lav69_d1.0_g0_t86.imec0.ap.bin' out_start_smp=55034178 inp_gap_smp=290314 out_zeros_smp=149.
[Thd 136750053884928 CPU 0 8/17/26 13:33:51.340] Gap before file 'Lav69_d1.0_g0_t87.imec0.ap.bin' out_start_smp=55723725 inp_gap_smp=408837 out_zeros_smp=149.
[Thd 136750053884928 CPU 0 8/17/26 13:33:57.680] Gap before file 'Lav69_d1.0_g0_t89.imec0.ap.bin' out_start_smp=56937442 inp_gap_smp=117895 out_zeros_smp=149.
[Thd 136750053884928 CPU 0 8/17/26 13:34:03.918] Gap before file 'Lav69_d1.0_g0_t91.imec0.ap.bin' out_start_smp=58143386 inp_gap_smp=108504 out_zeros_smp=149.
[Thd 136750053884928 CPU 0 8/17/26 13:34:13.824] Gap before file 'Lav69_d1.0_g0_t94.imec0.ap.bin' out_start_smp=60034163 inp_gap_smp=118715 out_zeros_smp=149.
[Thd 136750053884928 CPU 0 8/17/26 13:34:20.396] Gap before file 'Lav69_d1.0_g0_t96.imec0.ap.bin' out_start_smp=61295430 inp_gap_smp=532085 out_zeros_smp=149.
[Thd 136750053884928 CPU 0 8/17/26 13:34:23.990] Gap before file 'Lav69_d1.0_g0_t97.imec0.ap.bin' out_start_smp=61984977 inp_gap_smp=71129 out_zeros_smp=149.
[Thd 136750053884928 CPU 0 8/17/26 13:34:30.403] Gap before file 'Lav69_d1.0_g0_t99.imec0.ap.bin' out_start_smp=63222092 inp_gap_smp=184975 out_zeros_smp=149.
[Thd 136750053884928 CPU 0 8/17/26 13:34:33.872] Done imap0: 100 of 259.
[Thd 136750053884928 CPU 0 8/17/26 13:34:34.003] Gap before file 'Lav69_d1.0_g0_t100.imec0.ap.bin' out_start_smp=63911638 inp_gap_smp=246608 out_zeros_smp=149.
[Thd 136750053884928 CPU 0 8/17/26 13:34:37.657] Gap before file 'Lav69_d1.0_g0_t101.imec0.ap.bin' out_start_smp=64601185 inp_gap_smp=749687 out_zeros_smp=149.
[Thd 136750053884928 CPU 0 8/17/26 13:34:44.535] Gap before file 'Lav69_d1.0_g0_t103.imec0.ap.bin' out_start_smp=65917858 inp_gap_smp=185787 out_zeros_smp=149.
[Thd 136750053884928 CPU 0 8/17/26 13:34:48.231] Gap before file 'Lav69_d1.0_g0_t104.imec0.ap.bin' out_start_smp=66607405 inp_gap_smp=727865 out_zeros_smp=149.
[Thd 127061736334336 CPU 0 8/17/26 13:35:35.973] ++++++++++++++++++++++++
[Thd 127061736334336 CPU 0 8/17/26 13:35:35.973] Command (raw):
[Thd 127061736334336 CPU 0 8/17/26 13:35:35.973] CatGT -dir=/mnt/work0/kbsuresh/rawData/Lav69 -run=Lav69_d1.0 -prb=0 -gtlist={0,0,258} -chnexcl={0;23,237} -dest=/mnt/work0/kbsuresh/pass_1/Lav69/Lav69_d1.0 -apfilter=butter,12,300,9000 -gblcar -zerofillmax=5 -ap -ni -prb_fld -pass1_force_ni_ob_bin -out_prb_fld
[Thd 127061736334336 CPU 0 8/17/26 13:35:35.973] Command (active):
[Thd 127061736334336 CPU 0 8/17/26 13:35:35.973] CatGT -dir=/mnt/work0/kbsuresh/rawData/Lav69 -run=Lav69_d1.0 -gtlist={0,0,258} -prb_fld -ni -ap -prb=0 -zerofillmax=5 -apfilter=butter,12,300,9000 -gblcar -chnexcl={0;23,237} -pass1_force_ni_ob_bin -dest=/mnt/work0/kbsuresh/pass_1/Lav69/Lav69_d1.0 -out_prb_fld
[Thd 127061672851136 CPU 0 8/17/26 13:35:36.295] Gap before file 'Lav69_d1.0_g0_t1.nidq.bin' out_start_smp=919191 inp_gap_smp=45859893 out_zeros_smp=199.
[Thd 127061672851136 CPU 0 8/17/26 13:35:36.301] Gap before file 'Lav69_d1.0_g0_t3.nidq.bin' out_start_smp=2640367 inp_gap_smp=2841474 out_zeros_smp=199.
[Thd 127061672851136 CPU 0 8/17/26 13:35:36.314] Gap before file 'Lav69_d1.0_g0_t7.nidq.bin' out_start_smp=5952792 inp_gap_smp=505559 out_zeros_smp=199.
[Thd 127061672851136 CPU 0 8/17/26 13:35:36.328] Gap before file 'Lav69_d1.0_g0_t12.nidq.bin' out_start_smp=9988032 inp_gap_smp=754130 out_zeros_smp=199.
[Thd 127061672851136 CPU 0 8/17/26 13:35:36.336] Gap before file 'Lav69_d1.0_g0_t15.nidq.bin' out_start_smp=12545453 inp_gap_smp=146781 out_zeros_smp=199.
[Thd 127061672851136 CPU 0 8/17/26 13:35:36.339] Gap before file 'Lav69_d1.0_g0_t16.nidq.bin' out_start_smp=13464843 inp_gap_smp=11988209 out_zeros_smp=199.
[Thd 127061672851136 CPU 0 8/17/26 13:35:36.342] Gap before file 'Lav69_d1.0_g0_t17.nidq.bin' out_start_smp=14384234 inp_gap_smp=59440 out_zeros_smp=199.
[Thd 127061672851136 CPU 0 8/17/26 13:35:36.347] Gap before file 'Lav69_d1.0_g0_t19.nidq.bin' out_start_smp=16038908 inp_gap_smp=698004 out_zeros_smp=199.
[Thd 127061672851136 CPU 0 8/17/26 13:35:36.350] Done nidq: 20 of 259.
[Thd 127061672851136 CPU 0 8/17/26 13:35:36.353] Gap before file 'Lav69_d1.0_g0_t21.nidq.bin' out_start_smp=17661326 inp_gap_smp=736474 out_zeros_smp=199.
[Thd 127061672851136 CPU 0 8/17/26 13:35:36.355] Gap before file 'Lav69_d1.0_g0_t22.nidq.bin' out_start_smp=18580717 inp_gap_smp=118776 out_zeros_smp=199.
[Thd 127061672851136 CPU 0 8/17/26 13:35:36.358] Gap before file 'Lav69_d1.0_g0_t23.nidq.bin' out_start_smp=19500107 inp_gap_smp=115587 out_zeros_smp=199.
[Thd 127061672851136 CPU 0 8/17/26 13:35:36.361] Gap before file 'Lav69_d1.0_g0_t24.nidq.bin' out_start_smp=20419498 inp_gap_smp=2023979 out_zeros_smp=199.
[Thd 127061672851136 CPU 0 8/17/26 13:35:36.363] Gap before file 'Lav69_d1.0_g0_t25.nidq.bin' out_start_smp=21338889 inp_gap_smp=1235687 out_zeros_smp=199.
[Thd 127061672851136 CPU 0 8/17/26 13:35:36.366] Gap before file 'Lav69_d1.0_g0_t26.nidq.bin' out_start_smp=22258280 inp_gap_smp=500382 out_zeros_smp=199.
[Thd 127061672851136 CPU 0 8/17/26 13:35:36.369] Gap before file 'Lav69_d1.0_g0_t27.nidq.bin' out_start_smp=23177670 inp_gap_smp=2587687 out_zeros_smp=199.
[Thd 127061672851136 CPU 0 8/17/26 13:35:36.376] Gap before file 'Lav69_d1.0_g0_t30.nidq.bin' out_start_smp=25632109 inp_gap_smp=5321813 out_zeros_smp=199.
[Thd 127061672851136 CPU 0 8/17/26 13:35:36.379] Gap before file 'Lav69_d1.0_g0_t31.nidq.bin' out_start_smp=26551500 inp_gap_smp=2349514 out_zeros_smp=199.
[Thd 127061672851136 CPU 0 8/17/26 13:35:36.384] Gap before file 'Lav69_d1.0_g0_t33.nidq.bin' out_start_smp=28211331 inp_gap_smp=737571 out_zeros_smp=199.
[Thd 127061672851136 CPU 0 8/17/26 13:35:36.387] Gap before file 'Lav69_d1.0_g0_t34.nidq.bin' out_start_smp=29130721 inp_gap_smp=148846 out_zeros_smp=199.
[Thd 127061672851136 CPU 0 8/17/26 13:35:36.389] Gap before file 'Lav69_d1.0_g0_t35.nidq.bin' out_start_smp=30050112 inp_gap_smp=4017721 out_zeros_smp=199.
[Thd 127061672851136 CPU 0 8/17/26 13:35:36.392] Gap before file 'Lav69_d1.0_g0_t36.nidq.bin' out_start_smp=30969503 inp_gap_smp=180034 out_zeros_smp=199.
[Thd 127061672851136 CPU 0 8/17/26 13:35:36.401] Gap before file 'Lav69_d1.0_g0_t39.nidq.bin' out_start_smp=33605976 inp_gap_smp=3274029 out_zeros_smp=199.
[Thd 127061672851136 CPU 0 8/17/26 13:35:36.403] Done nidq: 40 of 259.
[Thd 127061672851136 CPU 0 8/17/26 13:35:36.410] Gap before file 'Lav69_d1.0_g0_t43.nidq.bin' out_start_smp=36785296 inp_gap_smp=3847107 out_zeros_smp=199.
[Thd 127061672851136 CPU 0 8/17/26 13:35:36.414] Gap before file 'Lav69_d1.0_g0_t45.nidq.bin' out_start_smp=38387977 inp_gap_smp=1161 out_zeros_smp=199.
[Thd 127061672851136 CPU 0 8/17/26 13:35:36.417] Gap before file 'Lav69_d1.0_g0_t46.nidq.bin' out_start_smp=39307367 inp_gap_smp=8501 out_zeros_smp=199.
[Thd 127061672851136 CPU 0 8/17/26 13:35:36.426] Gap before file 'Lav69_d1.0_g0_t50.nidq.bin' out_start_smp=42413893 inp_gap_smp=4023917 out_zeros_smp=199.
[Thd 127061672851136 CPU 0 8/17/26 13:35:36.438] Gap before file 'Lav69_d1.0_g0_t55.nidq.bin' out_start_smp=46441819 inp_gap_smp=98938 out_zeros_smp=199.
[Thd 127061672851136 CPU 0 8/17/26 13:35:36.440] Gap before file 'Lav69_d1.0_g0_t56.nidq.bin' out_start_smp=47361210 inp_gap_smp=25043304 out_zeros_smp=199.
[Thd 127061672851136 CPU 0 8/17/26 13:35:36.442] Gap before file 'Lav69_d1.0_g0_t57.nidq.bin' out_start_smp=48280600 inp_gap_smp=151972 out_zeros_smp=199.
[Thd 127061672851136 CPU 0 8/17/26 13:35:36.445] Gap before file 'Lav69_d1.0_g0_t58.nidq.bin' out_start_smp=49199991 inp_gap_smp=193764979 out_zeros_smp=199.
[Thd 127061672851136 CPU 0 8/17/26 13:35:36.448] Gap before file 'Lav69_d1.0_g0_t59.nidq.bin' out_start_smp=50119381 inp_gap_smp=42762 out_zeros_smp=199.
[Thd 127061672851136 CPU 0 8/17/26 13:35:36.450] Done nidq: 60 of 259.
[Thd 127061672851136 CPU 0 8/17/26 13:35:36.458] Gap before file 'Lav69_d1.0_g0_t63.nidq.bin' out_start_smp=53458875 inp_gap_smp=756263 out_zeros_smp=199.
[Thd 127061672851136 CPU 0 8/17/26 13:35:36.461] Gap before file 'Lav69_d1.0_g0_t64.nidq.bin' out_start_smp=54378266 inp_gap_smp=350588 out_zeros_smp=199.
[Thd 127061672851136 CPU 0 8/17/26 13:35:36.463] Gap before file 'Lav69_d1.0_g0_t65.nidq.bin' out_start_smp=55297656 inp_gap_smp=77125 out_zeros_smp=199.
[Thd 127061672851136 CPU 0 8/17/26 13:35:36.469] Gap before file 'Lav69_d1.0_g0_t67.nidq.bin' out_start_smp=56940876 inp_gap_smp=5093054 out_zeros_smp=199.
[Thd 127061672851136 CPU 0 8/17/26 13:35:36.471] Gap before file 'Lav69_d1.0_g0_t68.nidq.bin' out_start_smp=57860267 inp_gap_smp=26734310 out_zeros_smp=199.
[Thd 127061672851136 CPU 0 8/17/26 13:35:36.473] Gap before file 'Lav69_d1.0_g0_t69.nidq.bin' out_start_smp=58779658 inp_gap_smp=15684292 out_zeros_smp=199.
[Thd 127061672851136 CPU 0 8/17/26 13:35:36.475] Gap before file 'Lav69_d1.0_g0_t70.nidq.bin' out_start_smp=59699049 inp_gap_smp=14161815 out_zeros_smp=199.
[Thd 127061672851136 CPU 0 8/17/26 13:35:36.478] Gap before file 'Lav69_d1.0_g0_t71.nidq.bin' out_start_smp=60618440 inp_gap_smp=406791 out_zeros_smp=199.
[Thd 127061672851136 CPU 0 8/17/26 13:35:36.485] Gap before file 'Lav69_d1.0_g0_t74.nidq.bin' out_start_smp=63215372 inp_gap_smp=14820120 out_zeros_smp=199.
[Thd 127061672851136 CPU 0 8/17/26 13:35:36.492] Gap before file 'Lav69_d1.0_g0_t77.nidq.bin' out_start_smp=65572034 inp_gap_smp=88530 out_zeros_smp=199.
[Thd 127061672851136 CPU 0 8/17/26 13:35:36.495] Gap before file 'Lav69_d1.0_g0_t78.nidq.bin' out_start_smp=66491425 inp_gap_smp=18875 out_zeros_smp=199.
[Thd 127061672851136 CPU 0 8/17/26 13:35:36.497] Gap before file 'Lav69_d1.0_g0_t79.nidq.bin' out_start_smp=67410816 inp_gap_smp=375638 out_zeros_smp=199.
[Thd 127061672851136 CPU 0 8/17/26 13:35:36.500] Done nidq: 80 of 259.
[Thd 127061672851136 CPU 0 8/17/26 13:35:36.502] Gap before file 'Lav69_d1.0_g0_t81.nidq.bin' out_start_smp=69083138 inp_gap_smp=637668 out_zeros_smp=199.
[Thd 127061672851136 CPU 0 8/17/26 13:35:36.505] Gap before file 'Lav69_d1.0_g0_t82.nidq.bin' out_start_smp=70002528 inp_gap_smp=494226 out_zeros_smp=199.
[Thd 127061672851136 CPU 0 8/17/26 13:35:36.510] Gap before file 'Lav69_d1.0_g0_t84.nidq.bin' out_start_smp=71640528 inp_gap_smp=347551 out_zeros_smp=199.
[Thd 127061672851136 CPU 0 8/17/26 13:35:36.515] Gap before file 'Lav69_d1.0_g0_t86.nidq.bin' out_start_smp=73378344 inp_gap_smp=387076 out_zeros_smp=199.
[Thd 127061672851136 CPU 0 8/17/26 13:35:36.518] Gap before file 'Lav69_d1.0_g0_t87.nidq.bin' out_start_smp=74297735 inp_gap_smp=545104 out_zeros_smp=199.
[Thd 127061672851136 CPU 0 8/17/26 13:35:36.522] Gap before file 'Lav69_d1.0_g0_t89.nidq.bin' out_start_smp=75916013 inp_gap_smp=157186 out_zeros_smp=199.
[Thd 127061672851136 CPU 0 8/17/26 13:35:36.527] Gap before file 'Lav69_d1.0_g0_t91.nidq.bin' out_start_smp=77523927 inp_gap_smp=144665 out_zeros_smp=199.
[Thd 127061672851136 CPU 0 8/17/26 13:35:36.535] Gap before file 'Lav69_d1.0_g0_t94.nidq.bin' out_start_smp=80044939 inp_gap_smp=158281 out_zeros_smp=199.
[Thd 127061672851136 CPU 0 8/17/26 13:35:36.541] Gap before file 'Lav69_d1.0_g0_t96.nidq.bin' out_start_smp=81726615 inp_gap_smp=709433 out_zeros_smp=199.
[Thd 127061672851136 CPU 0 8/17/26 13:35:36.544] Gap before file 'Lav69_d1.0_g0_t97.nidq.bin' out_start_smp=82646006 inp_gap_smp=94832 out_zeros_smp=199.
[Thd 127061672851136 CPU 0 8/17/26 13:35:36.549] Gap before file 'Lav69_d1.0_g0_t99.nidq.bin' out_start_smp=84295479 inp_gap_smp=246627 out_zeros_smp=199.
[Thd 127061672851136 CPU 0 8/17/26 13:35:36.552] Done nidq: 100 of 259.
[Thd 127061672851136 CPU 0 8/17/26 13:35:36.552] Gap before file 'Lav69_d1.0_g0_t100.nidq.bin' out_start_smp=85214869 inp_gap_smp=328801 out_zeros_smp=199.
[Thd 127061672851136 CPU 0 8/17/26 13:35:36.555] Gap before file 'Lav69_d1.0_g0_t101.nidq.bin' out_start_smp=86134260 inp_gap_smp=999565 out_zeros_smp=199.
[Thd 127061672851136 CPU 0 8/17/26 13:35:36.561] Gap before file 'Lav69_d1.0_g0_t103.nidq.bin' out_start_smp=87889811 inp_gap_smp=247709 out_zeros_smp=199.
[Thd 127061672851136 CPU 0 8/17/26 13:35:36.564] Gap before file 'Lav69_d1.0_g0_t104.nidq.bin' out_start_smp=88809202 inp_gap_smp=970469 out_zeros_smp=199.
[Thd 127061672851136 CPU 0 8/17/26 13:35:36.567] Gap before file 'Lav69_d1.0_g0_t105.nidq.bin' out_start_smp=89728593 inp_gap_smp=7333640 out_zeros_smp=199.
[Thd 127061672851136 CPU 0 8/17/26 13:35:36.570] Gap before file 'Lav69_d1.0_g0_t106.nidq.bin' out_start_smp=90647983 inp_gap_smp=56595815 out_zeros_smp=199.
[Thd 127061672851136 CPU 0 8/17/26 13:35:36.576] Gap before file 'Lav69_d1.0_g0_t108.nidq.bin' out_start_smp=92460659 inp_gap_smp=614848 out_zeros_smp=199.
[Thd 127061672851136 CPU 0 8/17/26 13:35:36.579] Gap before file 'Lav69_d1.0_g0_t109.nidq.bin' out_start_smp=93380050 inp_gap_smp=54804814 out_zeros_smp=199.
[Thd 127061672851136 CPU 0 8/17/26 13:35:36.581] Gap before file 'Lav69_d1.0_g0_t110.nidq.bin' out_start_smp=94299440 inp_gap_smp=95672999 out_zeros_smp=199.
[Thd 127061672851136 CPU 0 8/17/26 13:35:36.584] Gap before file 'Lav69_d1.0_g0_t111.nidq.bin' out_start_smp=95218830 inp_gap_smp=40032515 out_zeros_smp=199.
[Thd 127061672851136 CPU 0 8/17/26 13:35:36.587] Gap before file 'Lav69_d1.0_g0_t112.nidq.bin' out_start_smp=96138220 inp_gap_smp=46575023 out_zeros_smp=199.
[Thd 127061672851136 CPU 0 8/17/26 13:35:36.592] Gap before file 'Lav69_d1.0_g0_t114.nidq.bin' out_start_smp=97767974 inp_gap_smp=89402341 out_zeros_smp=199.
[Thd 127061672851136 CPU 0 8/17/26 13:35:36.595] Gap before file 'Lav69_d1.0_g0_t115.nidq.bin' out_start_smp=98687364 inp_gap_smp=188395 out_zeros_smp=199.
[Thd 127061672851136 CPU 0 8/17/26 13:35:36.598] Gap before file 'Lav69_d1.0_g0_t116.nidq.bin' out_start_smp=99606755 inp_gap_smp=60191039 out_zeros_smp=199.
[Thd 127061672851136 CPU 0 8/17/26 13:35:36.603] Gap before file 'Lav69_d1.0_g0_t118.nidq.bin' out_start_smp=101344573 inp_gap_smp=1939747 out_zeros_smp=199.
[Thd 127061672851136 CPU 0 8/17/26 13:35:36.606] Gap before file 'Lav69_d1.0_g0_t119.nidq.bin' out_start_smp=102263963 inp_gap_smp=65019733 out_zeros_smp=199.
[Thd 127061672851136 CPU 0 8/17/26 13:35:36.609] Done nidq: 120 of 259.
[Thd 127061672851136 CPU 0 8/17/26 13:35:36.609] Gap before file 'Lav69_d1.0_g0_t120.nidq.bin' out_start_smp=103183353 inp_gap_smp=5352 out_zeros_smp=199.
[Thd 127061672851136 CPU 0 8/17/26 13:35:36.612] Gap before file 'Lav69_d1.0_g0_t121.nidq.bin' out_start_smp=104102744 inp_gap_smp=36934562 out_zeros_smp=199.
[Thd 127061672851136 CPU 0 8/17/26 13:35:36.618] Gap before file 'Lav69_d1.0_g0_t123.nidq.bin' out_start_smp=105916603 inp_gap_smp=25171139 out_zeros_smp=199.
[Thd 127061672851136 CPU 0 8/17/26 13:35:36.620] Gap before file 'Lav69_d1.0_g0_t124.nidq.bin' out_start_smp=106835994 inp_gap_smp=14888710 out_zeros_smp=199.
[Thd 127061672851136 CPU 0 8/17/26 13:35:36.628] Gap before file 'Lav69_d1.0_g0_t127.nidq.bin' out_start_smp=109306096 inp_gap_smp=10129679 out_zeros_smp=199.
[Thd 127061672851136 CPU 0 8/17/26 13:35:36.631] Gap before file 'Lav69_d1.0_g0_t128.nidq.bin' out_start_smp=110225486 inp_gap_smp=63834583 out_zeros_smp=199.
[Thd 127061672851136 CPU 0 8/17/26 13:35:36.633] Gap before file 'Lav69_d1.0_g0_t129.nidq.bin' out_start_smp=111144877 inp_gap_smp=78576106 out_zeros_smp=199.
[Thd 127061672851136 CPU 0 8/17/26 13:35:36.639] Gap before file 'Lav69_d1.0_g0_t131.nidq.bin' out_start_smp=112950294 inp_gap_smp=2122832 out_zeros_smp=199.
[Thd 127061672851136 CPU 0 8/17/26 13:35:36.642] Gap before file 'Lav69_d1.0_g0_t132.nidq.bin' out_start_smp=113869685 inp_gap_smp=35007456 out_zeros_smp=199.
[Thd 127061672851136 CPU 0 8/17/26 13:35:36.645] Gap before file 'Lav69_d1.0_g0_t133.nidq.bin' out_start_smp=114789076 inp_gap_smp=13424406 out_zeros_smp=199.
[Thd 127061672851136 CPU 0 8/17/26 13:35:36.650] Gap before file 'Lav69_d1.0_g0_t135.nidq.bin' out_start_smp=116577952 inp_gap_smp=365178 out_zeros_smp=199.
[Thd 127061672851136 CPU 0 8/17/26 13:35:36.655] Gap before file 'Lav69_d1.0_g0_t137.nidq.bin' out_start_smp=118186840 inp_gap_smp=182197 out_zeros_smp=199.
[Thd 127061672851136 CPU 0 8/17/26 13:35:36.660] Gap before file 'Lav69_d1.0_g0_t139.nidq.bin' out_start_smp=119800906 inp_gap_smp=679304 out_zeros_smp=199.
[Thd 127061672851136 CPU 0 8/17/26 13:35:36.662] Done nidq: 140 of 259.
[Thd 127061672851136 CPU 0 8/17/26 13:35:36.663] Gap before file 'Lav69_d1.0_g0_t140.nidq.bin' out_start_smp=120720297 inp_gap_smp=387076 out_zeros_smp=199.
[Thd 127061672851136 CPU 0 8/17/26 13:35:36.668] Gap before file 'Lav69_d1.0_g0_t142.nidq.bin' out_start_smp=122393685 inp_gap_smp=248728 out_zeros_smp=199.
[Thd 127061672851136 CPU 0 8/17/26 13:35:36.673] Gap before file 'Lav69_d1.0_g0_t144.nidq.bin' out_start_smp=124053505 inp_gap_smp=134601692 out_zeros_smp=199.
[Thd 127061672851136 CPU 0 8/17/26 13:35:36.675] Gap before file 'Lav69_d1.0_g0_t145.nidq.bin' out_start_smp=124972895 inp_gap_smp=2529424 out_zeros_smp=199.
[Thd 127061672851136 CPU 0 8/17/26 13:35:36.678] Gap before file 'Lav69_d1.0_g0_t146.nidq.bin' out_start_smp=125892286 inp_gap_smp=40933394 out_zeros_smp=199.
[Thd 127061672851136 CPU 0 8/17/26 13:35:36.684] Gap before file 'Lav69_d1.0_g0_t148.nidq.bin' out_start_smp=127531296 inp_gap_smp=22537930 out_zeros_smp=199.
[Thd 127061672851136 CPU 0 8/17/26 13:35:36.687] Gap before file 'Lav69_d1.0_g0_t149.nidq.bin' out_start_smp=128450687 inp_gap_smp=5085766 out_zeros_smp=199.
[Thd 127061672851136 CPU 0 8/17/26 13:35:36.698] Gap before file 'Lav69_d1.0_g0_t153.nidq.bin' out_start_smp=131831698 inp_gap_smp=165521 out_zeros_smp=199.
[Thd 127061672851136 CPU 0 8/17/26 13:35:36.701] Gap before file 'Lav69_d1.0_g0_t154.nidq.bin' out_start_smp=132751089 inp_gap_smp=12742227 out_zeros_smp=199.
[Thd 127061672851136 CPU 0 8/17/26 13:35:36.706] Gap before file 'Lav69_d1.0_g0_t156.nidq.bin' out_start_smp=134430754 inp_gap_smp=666753 out_zeros_smp=199.
[Thd 127061672851136 CPU 0 8/17/26 13:35:36.709] Gap before file 'Lav69_d1.0_g0_t157.nidq.bin' out_start_smp=135350144 inp_gap_smp=2060428 out_zeros_smp=199.
[Thd 127061672851136 CPU 0 8/17/26 13:35:36.711] Gap before file 'Lav69_d1.0_g0_t158.nidq.bin' out_start_smp=136269535 inp_gap_smp=858134 out_zeros_smp=199.
[Thd 127061672851136 CPU 0 8/17/26 13:35:36.716] Done nidq: 160 of 259.
[Thd 127061672851136 CPU 0 8/17/26 13:35:36.719] Gap before file 'Lav69_d1.0_g0_t161.nidq.bin' out_start_smp=138793663 inp_gap_smp=86512 out_zeros_smp=199.
[Thd 127061672851136 CPU 0 8/17/26 13:35:36.721] Gap before file 'Lav69_d1.0_g0_t162.nidq.bin' out_start_smp=139713053 inp_gap_smp=1133734 out_zeros_smp=199.
[Thd 127061672851136 CPU 0 8/17/26 13:35:36.730] Gap before file 'Lav69_d1.0_g0_t165.nidq.bin' out_start_smp=142170592 inp_gap_smp=7455 out_zeros_smp=199.
[Thd 127061672851136 CPU 0 8/17/26 13:35:36.735] Gap before file 'Lav69_d1.0_g0_t167.nidq.bin' out_start_smp=143879342 inp_gap_smp=287225 out_zeros_smp=199.
[Thd 127061672851136 CPU 0 8/17/26 13:35:36.738] Gap before file 'Lav69_d1.0_g0_t168.nidq.bin' out_start_smp=144798733 inp_gap_smp=87499 out_zeros_smp=199.
[Thd 127061672851136 CPU 0 8/17/26 13:35:36.740] Gap before file 'Lav69_d1.0_g0_t169.nidq.bin' out_start_smp=145718124 inp_gap_smp=713566 out_zeros_smp=199.
[Thd 127061672851136 CPU 0 8/17/26 13:35:36.746] Gap before file 'Lav69_d1.0_g0_t171.nidq.bin' out_start_smp=147410225 inp_gap_smp=47006 out_zeros_smp=199.
[Thd 127061672851136 CPU 0 8/17/26 13:35:36.748] Gap before file 'Lav69_d1.0_g0_t172.nidq.bin' out_start_smp=148329616 inp_gap_smp=5561031 out_zeros_smp=199.
[Thd 127061672851136 CPU 0 8/17/26 13:35:36.751] Gap before file 'Lav69_d1.0_g0_t173.nidq.bin' out_start_smp=149249007 inp_gap_smp=615862 out_zeros_smp=199.
[Thd 127061672851136 CPU 0 8/17/26 13:35:36.754] Gap before file 'Lav69_d1.0_g0_t174.nidq.bin' out_start_smp=150168398 inp_gap_smp=50604266 out_zeros_smp=199.
[Thd 127061672851136 CPU 0 8/17/26 13:35:36.757] Gap before file 'Lav69_d1.0_g0_t175.nidq.bin' out_start_smp=151087789 inp_gap_smp=2006313 out_zeros_smp=199.
[Thd 127061672851136 CPU 0 8/17/26 13:35:36.760] Gap before file 'Lav69_d1.0_g0_t176.nidq.bin' out_start_smp=152007180 inp_gap_smp=162383 out_zeros_smp=199.
[Thd 127061672851136 CPU 0 8/17/26 13:35:36.762] Gap before file 'Lav69_d1.0_g0_t177.nidq.bin' out_start_smp=152926571 inp_gap_smp=251891 out_zeros_smp=199.
[Thd 127061672851136 CPU 0 8/17/26 13:35:36.769] Done nidq: 180 of 259.
[Thd 127061672851136 CPU 0 8/17/26 13:35:36.769] Gap before file 'Lav69_d1.0_g0_t180.nidq.bin' out_start_smp=155272782 inp_gap_smp=365239 out_zeros_smp=199.
[Thd 127061672851136 CPU 0 8/17/26 13:35:36.772] Gap before file 'Lav69_d1.0_g0_t181.nidq.bin' out_start_smp=156192172 inp_gap_smp=365177 out_zeros_smp=199.
[Thd 127061672851136 CPU 0 8/17/26 13:35:36.781] Gap before file 'Lav69_d1.0_g0_t184.nidq.bin' out_start_smp=158796386 inp_gap_smp=36542 out_zeros_smp=199.
[Thd 127061672851136 CPU 0 8/17/26 13:35:36.784] Gap before file 'Lav69_d1.0_g0_t185.nidq.bin' out_start_smp=159715776 inp_gap_smp=231015 out_zeros_smp=199.
[Thd 127061672851136 CPU 0 8/17/26 13:35:36.791] Gap before file 'Lav69_d1.0_g0_t188.nidq.bin' out_start_smp=162072482 inp_gap_smp=1594505 out_zeros_smp=199.
[Thd 127061672851136 CPU 0 8/17/26 13:35:36.796] Gap before file 'Lav69_d1.0_g0_t190.nidq.bin' out_start_smp=163671997 inp_gap_smp=605434 out_zeros_smp=199.
[Thd 127061672851136 CPU 0 8/17/26 13:35:36.803] Gap before file 'Lav69_d1.0_g0_t193.nidq.bin' out_start_smp=166034895 inp_gap_smp=8779849 out_zeros_smp=199.
[Thd 127061672851136 CPU 0 8/17/26 13:35:36.805] Gap before file 'Lav69_d1.0_g0_t194.nidq.bin' out_start_smp=166954286 inp_gap_smp=4875633 out_zeros_smp=199.
[Thd 127061672851136 CPU 0 8/17/26 13:35:36.808] Gap before file 'Lav69_d1.0_g0_t195.nidq.bin' out_start_smp=167873677 inp_gap_smp=1638186 out_zeros_smp=199.
[Thd 127061672851136 CPU 0 8/17/26 13:35:36.815] Gap before file 'Lav69_d1.0_g0_t198.nidq.bin' out_start_smp=170330191 inp_gap_smp=5112781 out_zeros_smp=199.
[Thd 127061672851136 CPU 0 8/17/26 13:35:36.817] Gap before file 'Lav69_d1.0_g0_t199.nidq.bin' out_start_smp=171249581 inp_gap_smp=99978 out_zeros_smp=199.
[Thd 127061672851136 CPU 0 8/17/26 13:35:36.820] Done nidq: 200 of 259.
[Thd 127061672851136 CPU 0 8/17/26 13:35:36.825] Gap before file 'Lav69_d1.0_g0_t202.nidq.bin' out_start_smp=173733145 inp_gap_smp=58386 out_zeros_smp=199.
[Thd 127061672851136 CPU 0 8/17/26 13:35:36.830] Gap before file 'Lav69_d1.0_g0_t204.nidq.bin' out_start_smp=175365964 inp_gap_smp=338215 out_zeros_smp=199.
[Thd 127061672851136 CPU 0 8/17/26 13:35:36.839] Gap before file 'Lav69_d1.0_g0_t208.nidq.bin' out_start_smp=178413179 inp_gap_smp=79204 out_zeros_smp=199.
[Thd 127061672851136 CPU 0 8/17/26 13:35:36.849] Gap before file 'Lav69_d1.0_g0_t212.nidq.bin' out_start_smp=181589359 inp_gap_smp=4978616 out_zeros_smp=199.
[Thd 127061672851136 CPU 0 8/17/26 13:35:36.852] Gap before file 'Lav69_d1.0_g0_t213.nidq.bin' out_start_smp=182508750 inp_gap_smp=312166 out_zeros_smp=199.
[Thd 127061672851136 CPU 0 8/17/26 13:35:36.855] Gap before file 'Lav69_d1.0_g0_t214.nidq.bin' out_start_smp=183428141 inp_gap_smp=211283 out_zeros_smp=199.
[Thd 127061672851136 CPU 0 8/17/26 13:35:36.860] Gap before file 'Lav69_d1.0_g0_t216.nidq.bin' out_start_smp=185044293 inp_gap_smp=58416 out_zeros_smp=199.
[Thd 127061672851136 CPU 0 8/17/26 13:35:36.862] Gap before file 'Lav69_d1.0_g0_t217.nidq.bin' out_start_smp=185963684 inp_gap_smp=18874 out_zeros_smp=199.
[Thd 127061672851136 CPU 0 8/17/26 13:35:36.865] Gap before file 'Lav69_d1.0_g0_t218.nidq.bin' out_start_smp=186883075 inp_gap_smp=57457859 out_zeros_smp=199.
[Thd 127061672851136 CPU 0 8/17/26 13:35:36.867] Gap before file 'Lav69_d1.0_g0_t219.nidq.bin' out_start_smp=187802466 inp_gap_smp=12368889 out_zeros_smp=199.
[Thd 127061672851136 CPU 0 8/17/26 13:35:36.869] Done nidq: 220 of 259.
[Thd 127061672851136 CPU 0 8/17/26 13:35:36.869] Gap before file 'Lav69_d1.0_g0_t220.nidq.bin' out_start_smp=188721856 inp_gap_smp=2560620 out_zeros_smp=199.
[Thd 127061672851136 CPU 0 8/17/26 13:35:36.872] Gap before file 'Lav69_d1.0_g0_t221.nidq.bin' out_start_smp=189641246 inp_gap_smp=23414677 out_zeros_smp=199.
[Thd 127061672851136 CPU 0 8/17/26 13:35:36.874] Gap before file 'Lav69_d1.0_g0_t222.nidq.bin' out_start_smp=190560637 inp_gap_smp=392170 out_zeros_smp=199.
[Thd 127061672851136 CPU 0 8/17/26 13:35:36.877] Gap before file 'Lav69_d1.0_g0_t223.nidq.bin' out_start_smp=191480028 inp_gap_smp=13791551 out_zeros_smp=199.
[Thd 127061672851136 CPU 0 8/17/26 13:35:36.880] Gap before file 'Lav69_d1.0_g0_t224.nidq.bin' out_start_smp=192399419 inp_gap_smp=485860 out_zeros_smp=199.
[Thd 127061672851136 CPU 0 8/17/26 13:35:36.890] Gap before file 'Lav69_d1.0_g0_t228.nidq.bin' out_start_smp=195893820 inp_gap_smp=321576 out_zeros_smp=199.
[Thd 127061672851136 CPU 0 8/17/26 13:35:36.895] Gap before file 'Lav69_d1.0_g0_t230.nidq.bin' out_start_smp=197603574 inp_gap_smp=734404 out_zeros_smp=199.
[Thd 127061672851136 CPU 0 8/17/26 13:35:36.897] Gap before file 'Lav69_d1.0_g0_t231.nidq.bin' out_start_smp=198522965 inp_gap_smp=818620 out_zeros_smp=199.
[Thd 127061672851136 CPU 0 8/17/26 13:35:36.900] Gap before file 'Lav69_d1.0_g0_t232.nidq.bin' out_start_smp=199442356 inp_gap_smp=93760 out_zeros_smp=199.
[Thd 127061672851136 CPU 0 8/17/26 13:35:36.903] Gap before file 'Lav69_d1.0_g0_t233.nidq.bin' out_start_smp=200361747 inp_gap_smp=398498 out_zeros_smp=199.
[Thd 127061672851136 CPU 0 8/17/26 13:35:36.905] Gap before file 'Lav69_d1.0_g0_t234.nidq.bin' out_start_smp=201281138 inp_gap_smp=1673537 out_zeros_smp=199.
[Thd 127061672851136 CPU 0 8/17/26 13:35:36.907] Gap before file 'Lav69_d1.0_g0_t235.nidq.bin' out_start_smp=202200529 inp_gap_smp=41071692 out_zeros_smp=199.
[Thd 127061672851136 CPU 0 8/17/26 13:35:36.910] Gap before file 'Lav69_d1.0_g0_t236.nidq.bin' out_start_smp=203119919 inp_gap_smp=3502864 out_zeros_smp=199.
[Thd 127061672851136 CPU 0 8/17/26 13:35:36.913] Gap before file 'Lav69_d1.0_g0_t237.nidq.bin' out_start_smp=204039310 inp_gap_smp=2789403 out_zeros_smp=199.
[Thd 127061672851136 CPU 0 8/17/26 13:35:36.915] Gap before file 'Lav69_d1.0_g0_t238.nidq.bin' out_start_smp=204958701 inp_gap_smp=3338600 out_zeros_smp=199.
[Thd 127061672851136 CPU 0 8/17/26 13:35:36.918] Gap before file 'Lav69_d1.0_g0_t239.nidq.bin' out_start_smp=205878092 inp_gap_smp=500376 out_zeros_smp=199.
[Thd 127061672851136 CPU 0 8/17/26 13:35:36.920] Done nidq: 240 of 259.
[Thd 127061672851136 CPU 0 8/17/26 13:35:36.920] Gap before file 'Lav69_d1.0_g0_t240.nidq.bin' out_start_smp=206797483 inp_gap_smp=694907 out_zeros_smp=199.
[Thd 127061672851136 CPU 0 8/17/26 13:35:36.922] Gap before file 'Lav69_d1.0_g0_t241.nidq.bin' out_start_smp=207716873 inp_gap_smp=1070272 out_zeros_smp=199.
[Thd 127061672851136 CPU 0 8/17/26 13:35:36.925] Gap before file 'Lav69_d1.0_g0_t242.nidq.bin' out_start_smp=208636264 inp_gap_smp=96910 out_zeros_smp=199.
[Thd 127061672851136 CPU 0 8/17/26 13:35:36.927] Gap before file 'Lav69_d1.0_g0_t243.nidq.bin' out_start_smp=209555654 inp_gap_smp=683457 out_zeros_smp=199.
[Thd 127061672851136 CPU 0 8/17/26 13:35:36.929] Gap before file 'Lav69_d1.0_g0_t244.nidq.bin' out_start_smp=210475045 inp_gap_smp=329862 out_zeros_smp=199.
[Thd 127061672851136 CPU 0 8/17/26 13:35:36.932] Gap before file 'Lav69_d1.0_g0_t245.nidq.bin' out_start_smp=211394435 inp_gap_smp=40023412 out_zeros_smp=199.
[Thd 127061672851136 CPU 0 8/17/26 13:35:36.936] Gap before file 'Lav69_d1.0_g0_t247.nidq.bin' out_start_smp=213040733 inp_gap_smp=271584 out_zeros_smp=199.
[Thd 127061672851136 CPU 0 8/17/26 13:35:36.938] Gap before file 'Lav69_d1.0_g0_t248.nidq.bin' out_start_smp=213960123 inp_gap_smp=226868 out_zeros_smp=199.
[Thd 127061672851136 CPU 0 8/17/26 13:35:36.941] Gap before file 'Lav69_d1.0_g0_t249.nidq.bin' out_start_smp=214879513 inp_gap_smp=1551832 out_zeros_smp=199.
[Thd 127061672851136 CPU 0 8/17/26 13:35:36.946] Gap before file 'Lav69_d1.0_g0_t251.nidq.bin' out_start_smp=216711014 inp_gap_smp=381818 out_zeros_smp=199.
[Thd 127061672851136 CPU 0 8/17/26 13:35:36.949] Gap before file 'Lav69_d1.0_g0_t252.nidq.bin' out_start_smp=217630405 inp_gap_smp=192570 out_zeros_smp=199.
[Thd 127061672851136 CPU 0 8/17/26 13:35:36.954] Gap before file 'Lav69_d1.0_g0_t254.nidq.bin' out_start_smp=219281941 inp_gap_smp=40742 out_zeros_smp=199.
[Thd 127061672851136 CPU 0 8/17/26 13:35:36.957] Gap before file 'Lav69_d1.0_g0_t255.nidq.bin' out_start_smp=220201331 inp_gap_smp=14250208 out_zeros_smp=199.
[Thd 127061672851136 CPU 0 8/17/26 13:35:36.959] Gap before file 'Lav69_d1.0_g0_t256.nidq.bin' out_start_smp=221120722 inp_gap_smp=2975564 out_zeros_smp=199.
[Thd 127061672851136 CPU 0 8/17/26 13:35:36.962] Gap before file 'Lav69_d1.0_g0_t257.nidq.bin' out_start_smp=222040113 inp_gap_smp=10480247 out_zeros_smp=199.
[Thd 127061736334336 CPU 0 8/17/26 13:35:40.778] Gap before file 'Lav69_d1.0_g0_t1.imec0.ap.bin' out_start_smp=689397 inp_gap_smp=34395351 out_zeros_smp=149.
[Thd 127061736334336 CPU 0 8/17/26 13:35:47.454] Gap before file 'Lav69_d1.0_g0_t3.imec0.ap.bin' out_start_smp=1980289 inp_gap_smp=2131136 out_zeros_smp=149.
[Thd 127061736334336 CPU 0 8/17/26 13:36:00.312] Gap before file 'Lav69_d1.0_g0_t7.imec0.ap.bin' out_start_smp=4464631 inp_gap_smp=379179 out_zeros_smp=149.
[Thd 127061736334336 CPU 0 8/17/26 13:36:15.994] Gap before file 'Lav69_d1.0_g0_t12.imec0.ap.bin' out_start_smp=7491091 inp_gap_smp=565609 out_zeros_smp=149.
[Thd 127061736334336 CPU 0 8/17/26 13:36:25.899] Gap before file 'Lav69_d1.0_g0_t15.imec0.ap.bin' out_start_smp=9409174 inp_gap_smp=110092 out_zeros_smp=149.
[Thd 127061736334336 CPU 0 8/17/26 13:36:29.470] Gap before file 'Lav69_d1.0_g0_t16.imec0.ap.bin' out_start_smp=10098720 inp_gap_smp=8991264 out_zeros_smp=149.
[Thd 127061736334336 CPU 0 8/17/26 13:36:33.036] Gap before file 'Lav69_d1.0_g0_t17.imec0.ap.bin' out_start_smp=10788267 inp_gap_smp=44584 out_zeros_smp=149.
[Thd 127061736334336 CPU 0 8/17/26 13:36:39.523] Gap before file 'Lav69_d1.0_g0_t19.imec0.ap.bin' out_start_smp=12029283 inp_gap_smp=523513 out_zeros_smp=149.
[Thd 127061736334336 CPU 0 8/17/26 13:36:42.961] Done imap0: 20 of 259.
[Thd 127061736334336 CPU 0 8/17/26 13:36:45.929] Gap before file 'Lav69_d1.0_g0_t21.imec0.ap.bin' out_start_smp=13246105 inp_gap_smp=552365 out_zeros_smp=149.
[Thd 127061736334336 CPU 0 8/17/26 13:36:49.497] Gap before file 'Lav69_d1.0_g0_t22.imec0.ap.bin' out_start_smp=13935652 inp_gap_smp=89088 out_zeros_smp=149.
[Thd 127061736334336 CPU 0 8/17/26 13:36:53.072] Gap before file 'Lav69_d1.0_g0_t23.imec0.ap.bin' out_start_smp=14625198 inp_gap_smp=86695 out_zeros_smp=149.
[Thd 127061736334336 CPU 0 8/17/26 13:36:56.642] Gap before file 'Lav69_d1.0_g0_t24.imec0.ap.bin' out_start_smp=15314745 inp_gap_smp=1518004 out_zeros_smp=149.
[Thd 127061736334336 CPU 0 8/17/26 13:37:00.209] Gap before file 'Lav69_d1.0_g0_t25.imec0.ap.bin' out_start_smp=16004292 inp_gap_smp=926780 out_zeros_smp=149.
[Thd 127061736334336 CPU 0 8/17/26 13:37:03.768] Gap before file 'Lav69_d1.0_g0_t26.imec0.ap.bin' out_start_smp=16693839 inp_gap_smp=375296 out_zeros_smp=149.
[Thd 127061736334336 CPU 0 8/17/26 13:37:07.346] Gap before file 'Lav69_d1.0_g0_t27.imec0.ap.bin' out_start_smp=17383385 inp_gap_smp=1940791 out_zeros_smp=149.
[Thd 127061736334336 CPU 0 8/17/26 13:37:16.921] Gap before file 'Lav69_d1.0_g0_t30.imec0.ap.bin' out_start_smp=19224232 inp_gap_smp=3991408 out_zeros_smp=149.
[Thd 127061736334336 CPU 0 8/17/26 13:37:20.500] Gap before file 'Lav69_d1.0_g0_t31.imec0.ap.bin' out_start_smp=19913779 inp_gap_smp=1762159 out_zeros_smp=149.
[Thd 127061736334336 CPU 0 8/17/26 13:37:26.983] Gap before file 'Lav69_d1.0_g0_t33.imec0.ap.bin' out_start_smp=21158662 inp_gap_smp=553189 out_zeros_smp=149.
[Thd 127061736334336 CPU 0 8/17/26 13:37:30.573] Gap before file 'Lav69_d1.0_g0_t34.imec0.ap.bin' out_start_smp=21848208 inp_gap_smp=111640 out_zeros_smp=149.
[Thd 127061736334336 CPU 0 8/17/26 13:37:34.160] Gap before file 'Lav69_d1.0_g0_t35.imec0.ap.bin' out_start_smp=22537755 inp_gap_smp=3013327 out_zeros_smp=149.
[Thd 127061736334336 CPU 0 8/17/26 13:37:37.748] Gap before file 'Lav69_d1.0_g0_t36.imec0.ap.bin' out_start_smp=23227302 inp_gap_smp=135031 out_zeros_smp=149.
[Thd 127061736334336 CPU 0 8/17/26 13:37:48.036] Gap before file 'Lav69_d1.0_g0_t39.imec0.ap.bin' out_start_smp=25204674 inp_gap_smp=2455551 out_zeros_smp=149.
[Thd 127061736334336 CPU 0 8/17/26 13:37:51.541] Done imap0: 40 of 259.
[Thd 127061736334336 CPU 0 8/17/26 13:38:00.442] Gap before file 'Lav69_d1.0_g0_t43.imec0.ap.bin' out_start_smp=27589186 inp_gap_smp=2885366 out_zeros_smp=149.
[Thd 127061736334336 CPU 0 8/17/26 13:38:06.684] Gap before file 'Lav69_d1.0_g0_t45.imec0.ap.bin' out_start_smp=28791206 inp_gap_smp=874 out_zeros_smp=149.
[Thd 127061736334336 CPU 0 8/17/26 13:38:10.307] Gap before file 'Lav69_d1.0_g0_t46.imec0.ap.bin' out_start_smp=29480752 inp_gap_smp=6380 out_zeros_smp=149.
[Thd 127061736334336 CPU 0 8/17/26 13:38:22.483] Gap before file 'Lav69_d1.0_g0_t50.imec0.ap.bin' out_start_smp=31810667 inp_gap_smp=3017977 out_zeros_smp=149.
[Thd 127061736334336 CPU 0 8/17/26 13:38:38.147] Gap before file 'Lav69_d1.0_g0_t55.imec0.ap.bin' out_start_smp=34831641 inp_gap_smp=74207 out_zeros_smp=149.
[Thd 127061736334336 CPU 0 8/17/26 13:38:41.727] Gap before file 'Lav69_d1.0_g0_t56.imec0.ap.bin' out_start_smp=35521188 inp_gap_smp=18782691 out_zeros_smp=149.
[Thd 127061736334336 CPU 0 8/17/26 13:38:45.318] Gap before file 'Lav69_d1.0_g0_t57.imec0.ap.bin' out_start_smp=36210734 inp_gap_smp=113985 out_zeros_smp=149.
[Thd 127061736334336 CPU 0 8/17/26 13:38:48.887] Gap before file 'Lav69_d1.0_g0_t58.imec0.ap.bin' out_start_smp=36900281 inp_gap_smp=145325355 out_zeros_smp=149.
[Thd 127061736334336 CPU 0 8/17/26 13:38:52.510] Gap before file 'Lav69_d1.0_g0_t59.imec0.ap.bin' out_start_smp=37589827 inp_gap_smp=32075 out_zeros_smp=149.
[Thd 127061736334336 CPU 0 8/17/26 13:38:55.951] Done imap0: 60 of 259.
[Thd 127061736334336 CPU 0 8/17/26 13:39:05.439] Gap before file 'Lav69_d1.0_g0_t63.imec0.ap.bin' out_start_smp=40094472 inp_gap_smp=567208 out_zeros_smp=149.
[Thd 127061736334336 CPU 0 8/17/26 13:39:09.040] Gap before file 'Lav69_d1.0_g0_t64.imec0.ap.bin' out_start_smp=40784019 inp_gap_smp=262947 out_zeros_smp=149.
[Thd 127061736334336 CPU 0 8/17/26 13:39:12.612] Gap before file 'Lav69_d1.0_g0_t65.imec0.ap.bin' out_start_smp=41473565 inp_gap_smp=57848 out_zeros_smp=149.
[Thd 127061736334336 CPU 0 8/17/26 13:39:18.989] Gap before file 'Lav69_d1.0_g0_t67.imec0.ap.bin' out_start_smp=42705989 inp_gap_smp=3819838 out_zeros_smp=149.
[Thd 127061736334336 CPU 0 8/17/26 13:39:22.604] Gap before file 'Lav69_d1.0_g0_t68.imec0.ap.bin' out_start_smp=43395536 inp_gap_smp=20050961 out_zeros_smp=149.
[Thd 127061736334336 CPU 0 8/17/26 13:39:26.308] Gap before file 'Lav69_d1.0_g0_t69.imec0.ap.bin' out_start_smp=44085083 inp_gap_smp=11763357 out_zeros_smp=149.
[Thd 127061736334336 CPU 0 8/17/26 13:39:29.887] Gap before file 'Lav69_d1.0_g0_t70.imec0.ap.bin' out_start_smp=44774630 inp_gap_smp=10621483 out_zeros_smp=149.
[Thd 127061736334336 CPU 0 8/17/26 13:39:33.465] Gap before file 'Lav69_d1.0_g0_t71.imec0.ap.bin' out_start_smp=45464177 inp_gap_smp=305100 out_zeros_smp=149.
[Thd 127061736334336 CPU 0 8/17/26 13:39:43.559] Gap before file 'Lav69_d1.0_g0_t74.imec0.ap.bin' out_start_smp=47411894 inp_gap_smp=11115220 out_zeros_smp=149.
[Thd 127061736334336 CPU 0 8/17/26 13:39:52.687] Gap before file 'Lav69_d1.0_g0_t77.imec0.ap.bin' out_start_smp=49179405 inp_gap_smp=66403 out_zeros_smp=149.
[Thd 127061736334336 CPU 0 8/17/26 13:39:56.310] Gap before file 'Lav69_d1.0_g0_t78.imec0.ap.bin' out_start_smp=49868952 inp_gap_smp=14159 out_zeros_smp=149.
[Thd 127061736334336 CPU 0 8/17/26 13:39:59.874] Gap before file 'Lav69_d1.0_g0_t79.imec0.ap.bin' out_start_smp=50558499 inp_gap_smp=281736 out_zeros_smp=149.
[Thd 127061736334336 CPU 0 8/17/26 13:40:03.309] Done imap0: 80 of 259.
[Thd 127061736334336 CPU 0 8/17/26 13:40:06.368] Gap before file 'Lav69_d1.0_g0_t81.imec0.ap.bin' out_start_smp=51812750 inp_gap_smp=478261 out_zeros_smp=149.
[Thd 127061736334336 CPU 0 8/17/26 13:40:09.965] Gap before file 'Lav69_d1.0_g0_t82.imec0.ap.bin' out_start_smp=52502296 inp_gap_smp=370676 out_zeros_smp=149.
[Thd 127061736334336 CPU 0 8/17/26 13:40:16.325] Gap before file 'Lav69_d1.0_g0_t84.imec0.ap.bin' out_start_smp=53730806 inp_gap_smp=260669 out_zeros_smp=149.
[Thd 127061736334336 CPU 0 8/17/26 13:40:23.108] Gap before file 'Lav69_d1.0_g0_t86.imec0.ap.bin' out_start_smp=55034178 inp_gap_smp=290314 out_zeros_smp=149.
[Thd 127061736334336 CPU 0 8/17/26 13:40:26.686] Gap before file 'Lav69_d1.0_g0_t87.imec0.ap.bin' out_start_smp=55723725 inp_gap_smp=408837 out_zeros_smp=149.
[Thd 127061736334336 CPU 0 8/17/26 13:40:33.042] Gap before file 'Lav69_d1.0_g0_t89.imec0.ap.bin' out_start_smp=56937442 inp_gap_smp=117895 out_zeros_smp=149.
[Thd 127061736334336 CPU 0 8/17/26 13:40:39.256] Gap before file 'Lav69_d1.0_g0_t91.imec0.ap.bin' out_start_smp=58143386 inp_gap_smp=108504 out_zeros_smp=149.
[Thd 127061736334336 CPU 0 8/17/26 13:40:49.044] Gap before file 'Lav69_d1.0_g0_t94.imec0.ap.bin' out_start_smp=60034163 inp_gap_smp=118715 out_zeros_smp=149.
[Thd 127061736334336 CPU 0 8/17/26 13:40:55.574] Gap before file 'Lav69_d1.0_g0_t96.imec0.ap.bin' out_start_smp=61295430 inp_gap_smp=532085 out_zeros_smp=149.
[Thd 127061736334336 CPU 0 8/17/26 13:40:59.238] Gap before file 'Lav69_d1.0_g0_t97.imec0.ap.bin' out_start_smp=61984977 inp_gap_smp=71129 out_zeros_smp=149.
[Thd 127061736334336 CPU 0 8/17/26 13:41:05.654] Gap before file 'Lav69_d1.0_g0_t99.imec0.ap.bin' out_start_smp=63222092 inp_gap_smp=184975 out_zeros_smp=149.
[Thd 127061736334336 CPU 0 8/17/26 13:41:09.118] Done imap0: 100 of 259.
[Thd 127061736334336 CPU 0 8/17/26 13:41:09.248] Gap before file 'Lav69_d1.0_g0_t100.imec0.ap.bin' out_start_smp=63911638 inp_gap_smp=246608 out_zeros_smp=149.
[Thd 127061736334336 CPU 0 8/17/26 13:41:12.824] Gap before file 'Lav69_d1.0_g0_t101.imec0.ap.bin' out_start_smp=64601185 inp_gap_smp=749687 out_zeros_smp=149.
[Thd 127061736334336 CPU 0 8/17/26 13:41:19.662] Gap before file 'Lav69_d1.0_g0_t103.imec0.ap.bin' out_start_smp=65917858 inp_gap_smp=185787 out_zeros_smp=149.
[Thd 127061736334336 CPU 0 8/17/26 13:41:23.244] Gap before file 'Lav69_d1.0_g0_t104.imec0.ap.bin' out_start_smp=66607405 inp_gap_smp=727865 out_zeros_smp=149.
[Thd 127061736334336 CPU 0 8/17/26 13:41:26.822] Gap before file 'Lav69_d1.0_g0_t105.imec0.ap.bin' out_start_smp=67296952 inp_gap_smp=5500295 out_zeros_smp=149.
[Thd 127061736334336 CPU 0 8/17/26 13:41:30.455] Gap before file 'Lav69_d1.0_g0_t106.imec0.ap.bin' out_start_smp=67986498 inp_gap_smp=42447355 out_zeros_smp=149.
[Thd 127061736334336 CPU 0 8/17/26 13:41:37.557] Gap before file 'Lav69_d1.0_g0_t108.imec0.ap.bin' out_start_smp=69346016 inp_gap_smp=461144 out_zeros_smp=149.
[Thd 127061736334336 CPU 0 8/17/26 13:41:41.158] Gap before file 'Lav69_d1.0_g0_t109.imec0.ap.bin' out_start_smp=70035563 inp_gap_smp=41104076 out_zeros_smp=149.
[Thd 127061736334336 CPU 0 8/17/26 13:41:44.763] Gap before file 'Lav69_d1.0_g0_t110.imec0.ap.bin' out_start_smp=70725109 inp_gap_smp=71755580 out_zeros_smp=149.
[Thd 127061736334336 CPU 0 8/17/26 13:41:48.351] Gap before file 'Lav69_d1.0_g0_t111.imec0.ap.bin' out_start_smp=71414655 inp_gap_smp=30024736 out_zeros_smp=149.
[Thd 127061736334336 CPU 0 8/17/26 13:41:51.938] Gap before file 'Lav69_d1.0_g0_t112.imec0.ap.bin' out_start_smp=72104201 inp_gap_smp=34931670 out_zeros_smp=149.
[Thd 127061736334336 CPU 0 8/17/26 13:41:58.280] Gap before file 'Lav69_d1.0_g0_t114.imec0.ap.bin' out_start_smp=73326527 inp_gap_smp=67052527 out_zeros_smp=149.
[Thd 127061736334336 CPU 0 8/17/26 13:42:01.873] Gap before file 'Lav69_d1.0_g0_t115.imec0.ap.bin' out_start_smp=74016073 inp_gap_smp=141301 out_zeros_smp=149.
[Thd 127061736334336 CPU 0 8/17/26 13:42:05.534] Gap before file 'Lav69_d1.0_g0_t116.imec0.ap.bin' out_start_smp=74705620 inp_gap_smp=45143802 out_zeros_smp=149.
[Thd 127061736334336 CPU 0 8/17/26 13:42:12.348] Gap before file 'Lav69_d1.0_g0_t118.imec0.ap.bin' out_start_smp=76008995 inp_gap_smp=1454831 out_zeros_smp=149.
[Thd 127061736334336 CPU 0 8/17/26 13:42:15.931] Gap before file 'Lav69_d1.0_g0_t119.imec0.ap.bin' out_start_smp=76698541 inp_gap_smp=48765373 out_zeros_smp=149.
[Thd 127061736334336 CPU 0 8/17/26 13:42:19.395] Done imap0: 120 of 259.
[Thd 127061736334336 CPU 0 8/17/26 13:42:19.525] Gap before file 'Lav69_d1.0_g0_t120.imec0.ap.bin' out_start_smp=77388087 inp_gap_smp=4018 out_zeros_smp=149.
[Thd 127061736334336 CPU 0 8/17/26 13:42:23.094] Gap before file 'Lav69_d1.0_g0_t121.imec0.ap.bin' out_start_smp=78077634 inp_gap_smp=27701248 out_zeros_smp=149.
[Thd 127061736334336 CPU 0 8/17/26 13:42:30.132] Gap before file 'Lav69_d1.0_g0_t123.imec0.ap.bin' out_start_smp=79438039 inp_gap_smp=18878579 out_zeros_smp=149.
[Thd 127061736334336 CPU 0 8/17/26 13:42:33.740] Gap before file 'Lav69_d1.0_g0_t124.imec0.ap.bin' out_start_smp=80127586 inp_gap_smp=11166669 out_zeros_smp=149.
[Thd 127061736334336 CPU 0 8/17/26 13:42:43.450] Gap before file 'Lav69_d1.0_g0_t127.imec0.ap.bin' out_start_smp=81980179 inp_gap_smp=7597353 out_zeros_smp=149.
[Thd 127061736334336 CPU 0 8/17/26 13:42:47.035] Gap before file 'Lav69_d1.0_g0_t128.imec0.ap.bin' out_start_smp=82669725 inp_gap_smp=47876511 out_zeros_smp=149.
[Thd 127061736334336 CPU 0 8/17/26 13:42:50.616] Gap before file 'Lav69_d1.0_g0_t129.imec0.ap.bin' out_start_smp=83359272 inp_gap_smp=58932790 out_zeros_smp=149.
[Thd 127061736334336 CPU 0 8/17/26 13:42:57.655] Gap before file 'Lav69_d1.0_g0_t131.imec0.ap.bin' out_start_smp=84713347 inp_gap_smp=1592149 out_zeros_smp=149.
[Thd 127061736334336 CPU 0 8/17/26 13:43:01.254] Gap before file 'Lav69_d1.0_g0_t132.imec0.ap.bin' out_start_smp=85402894 inp_gap_smp=26255921 out_zeros_smp=149.
[Thd 127061736334336 CPU 0 8/17/26 13:43:04.843] Gap before file 'Lav69_d1.0_g0_t133.imec0.ap.bin' out_start_smp=86092441 inp_gap_smp=10068436 out_zeros_smp=149.
[Thd 127061736334336 CPU 0 8/17/26 13:43:11.932] Gap before file 'Lav69_d1.0_g0_t135.imec0.ap.bin' out_start_smp=87434110 inp_gap_smp=273891 out_zeros_smp=149.
[Thd 127061736334336 CPU 0 8/17/26 13:43:18.201] Gap before file 'Lav69_d1.0_g0_t137.imec0.ap.bin' out_start_smp=88640787 inp_gap_smp=136655 out_zeros_smp=149.
[Thd 127061736334336 CPU 0 8/17/26 13:43:24.528] Gap before file 'Lav69_d1.0_g0_t139.imec0.ap.bin' out_start_smp=89851346 inp_gap_smp=509489 out_zeros_smp=149.
[Thd 127061736334336 CPU 0 8/17/26 13:43:27.977] Done imap0: 140 of 259.
[Thd 127061736334336 CPU 0 8/17/26 13:43:28.107] Gap before file 'Lav69_d1.0_g0_t140.imec0.ap.bin' out_start_smp=90540893 inp_gap_smp=290315 out_zeros_smp=149.
[Thd 127061736334336 CPU 0 8/17/26 13:43:34.626] Gap before file 'Lav69_d1.0_g0_t142.imec0.ap.bin' out_start_smp=91795945 inp_gap_smp=186553 out_zeros_smp=149.
[Thd 127061736334336 CPU 0 8/17/26 13:43:41.223] Gap before file 'Lav69_d1.0_g0_t144.imec0.ap.bin' out_start_smp=93040821 inp_gap_smp=100952520 out_zeros_smp=149.
[Thd 127061736334336 CPU 0 8/17/26 13:43:44.837] Gap before file 'Lav69_d1.0_g0_t145.imec0.ap.bin' out_start_smp=93730367 inp_gap_smp=1897096 out_zeros_smp=149.
[Thd 127061736334336 CPU 0 8/17/26 13:43:48.421] Gap before file 'Lav69_d1.0_g0_t146.imec0.ap.bin' out_start_smp=94419914 inp_gap_smp=30700420 out_zeros_smp=149.
[Thd 127061736334336 CPU 0 8/17/26 13:43:54.787] Gap before file 'Lav69_d1.0_g0_t148.imec0.ap.bin' out_start_smp=95649181 inp_gap_smp=16903659 out_zeros_smp=149.
[Thd 127061736334336 CPU 0 8/17/26 13:43:58.372] Gap before file 'Lav69_d1.0_g0_t149.imec0.ap.bin' out_start_smp=96338728 inp_gap_smp=3814377 out_zeros_smp=149.
[Thd 127061736334336 CPU 0 8/17/26 13:44:11.594] Gap before file 'Lav69_d1.0_g0_t153.imec0.ap.bin' out_start_smp=98874513 inp_gap_smp=124148 out_zeros_smp=149.
[Thd 127061736334336 CPU 0 8/17/26 13:44:15.184] Gap before file 'Lav69_d1.0_g0_t154.imec0.ap.bin' out_start_smp=99564060 inp_gap_smp=9556792 out_zeros_smp=149.
[Thd 127061736334336 CPU 0 8/17/26 13:44:21.738] Gap before file 'Lav69_d1.0_g0_t156.imec0.ap.bin' out_start_smp=100823820 inp_gap_smp=500074 out_zeros_smp=149.
[Thd 127061736334336 CPU 0 8/17/26 13:44:25.325] Gap before file 'Lav69_d1.0_g0_t157.imec0.ap.bin' out_start_smp=101513366 inp_gap_smp=1545345 out_zeros_smp=149.
[Thd 127061736334336 CPU 0 8/17/26 13:44:28.915] Gap before file 'Lav69_d1.0_g0_t158.imec0.ap.bin' out_start_smp=102202913 inp_gap_smp=643614 out_zeros_smp=149.
[Thd 127061736334336 CPU 0 8/17/26 13:44:35.805] Done imap0: 160 of 259.
[Thd 127061736334336 CPU 0 8/17/26 13:44:38.717] Gap before file 'Lav69_d1.0_g0_t161.imec0.ap.bin' out_start_smp=104096027 inp_gap_smp=64890 out_zeros_smp=149.
[Thd 127061736334336 CPU 0 8/17/26 13:44:42.368] Gap before file 'Lav69_d1.0_g0_t162.imec0.ap.bin' out_start_smp=104785573 inp_gap_smp=850315 out_zeros_smp=149.
[Thd 127061736334336 CPU 0 8/17/26 13:44:51.896] Gap before file 'Lav69_d1.0_g0_t165.imec0.ap.bin' out_start_smp=106628746 inp_gap_smp=5597 out_zeros_smp=149.
[Thd 127061736334336 CPU 0 8/17/26 13:44:58.585] Gap before file 'Lav69_d1.0_g0_t167.imec0.ap.bin' out_start_smp=107910320 inp_gap_smp=215425 out_zeros_smp=149.
[Thd 127061736334336 CPU 0 8/17/26 13:45:02.189] Gap before file 'Lav69_d1.0_g0_t168.imec0.ap.bin' out_start_smp=108599867 inp_gap_smp=65630 out_zeros_smp=149.
[Thd 127061736334336 CPU 0 8/17/26 13:45:05.780] Gap before file 'Lav69_d1.0_g0_t169.imec0.ap.bin' out_start_smp=109289414 inp_gap_smp=535185 out_zeros_smp=149.
[Thd 127061736334336 CPU 0 8/17/26 13:45:12.375] Gap before file 'Lav69_d1.0_g0_t171.imec0.ap.bin' out_start_smp=110558500 inp_gap_smp=35260 out_zeros_smp=149.
[Thd 127061736334336 CPU 0 8/17/26 13:45:16.031] Gap before file 'Lav69_d1.0_g0_t172.imec0.ap.bin' out_start_smp=111248047 inp_gap_smp=4170828 out_zeros_smp=149.
[Thd 127061736334336 CPU 0 8/17/26 13:45:19.630] Gap before file 'Lav69_d1.0_g0_t173.imec0.ap.bin' out_start_smp=111937594 inp_gap_smp=461905 out_zeros_smp=149.
[Thd 127061736334336 CPU 0 8/17/26 13:45:23.238] Gap before file 'Lav69_d1.0_g0_t174.imec0.ap.bin' out_start_smp=112627141 inp_gap_smp=37953655 out_zeros_smp=149.
[Thd 127061736334336 CPU 0 8/17/26 13:45:26.847] Gap before file 'Lav69_d1.0_g0_t175.imec0.ap.bin' out_start_smp=113316688 inp_gap_smp=1504756 out_zeros_smp=149.
[Thd 127061736334336 CPU 0 8/17/26 13:45:30.434] Gap before file 'Lav69_d1.0_g0_t176.imec0.ap.bin' out_start_smp=114006235 inp_gap_smp=121793 out_zeros_smp=149.
[Thd 127061736334336 CPU 0 8/17/26 13:45:34.031] Gap before file 'Lav69_d1.0_g0_t177.imec0.ap.bin' out_start_smp=114695782 inp_gap_smp=188925 out_zeros_smp=149.
[Thd 127061736334336 CPU 0 8/17/26 13:45:43.103] Done imap0: 180 of 259.
[Thd 127061736334336 CPU 0 8/17/26 13:45:43.204] Gap before file 'Lav69_d1.0_g0_t180.imec0.ap.bin' out_start_smp=116455457 inp_gap_smp=273938 out_zeros_smp=149.
[Thd 127061736334336 CPU 0 8/17/26 13:45:46.854] Gap before file 'Lav69_d1.0_g0_t181.imec0.ap.bin' out_start_smp=117145003 inp_gap_smp=273890 out_zeros_smp=149.
[Thd 127061736334336 CPU 0 8/17/26 13:45:57.001] Gap before file 'Lav69_d1.0_g0_t184.imec0.ap.bin' out_start_smp=119098183 inp_gap_smp=27411 out_zeros_smp=149.
[Thd 127061736334336 CPU 0 8/17/26 13:46:00.577] Gap before file 'Lav69_d1.0_g0_t185.imec0.ap.bin' out_start_smp=119787729 inp_gap_smp=173268 out_zeros_smp=149.
[Thd 127061736334336 CPU 0 8/17/26 13:46:09.730] Gap before file 'Lav69_d1.0_g0_t188.imec0.ap.bin' out_start_smp=121555275 inp_gap_smp=1195899 out_zeros_smp=149.
[Thd 127061736334336 CPU 0 8/17/26 13:46:15.960] Gap before file 'Lav69_d1.0_g0_t190.imec0.ap.bin' out_start_smp=122754920 inp_gap_smp=454086 out_zeros_smp=149.
[Thd 127061736334336 CPU 0 8/17/26 13:46:25.180] Gap before file 'Lav69_d1.0_g0_t193.imec0.ap.bin' out_start_smp=124527110 inp_gap_smp=6584967 out_zeros_smp=149.
[Thd 127061736334336 CPU 0 8/17/26 13:46:28.769] Gap before file 'Lav69_d1.0_g0_t194.imec0.ap.bin' out_start_smp=125216657 inp_gap_smp=3656773 out_zeros_smp=149.
[Thd 127061736334336 CPU 0 8/17/26 13:46:32.356] Gap before file 'Lav69_d1.0_g0_t195.imec0.ap.bin' out_start_smp=125906204 inp_gap_smp=1228660 out_zeros_smp=149.
[Thd 127061736334336 CPU 0 8/17/26 13:46:41.996] Gap before file 'Lav69_d1.0_g0_t198.imec0.ap.bin' out_start_smp=127748607 inp_gap_smp=3834637 out_zeros_smp=149.
[Thd 127061736334336 CPU 0 8/17/26 13:46:45.578] Gap before file 'Lav69_d1.0_g0_t199.imec0.ap.bin' out_start_smp=128438153 inp_gap_smp=74988 out_zeros_smp=149.
[Thd 127061736334336 CPU 0 8/17/26 13:46:49.118] Done imap0: 200 of 259.
[Thd 127061736334336 CPU 0 8/17/26 13:46:55.323] Gap before file 'Lav69_d1.0_g0_t202.imec0.ap.bin' out_start_smp=130300844 inp_gap_smp=43795 out_zeros_smp=149.
[Thd 127061736334336 CPU 0 8/17/26 13:47:01.676] Gap before file 'Lav69_d1.0_g0_t204.imec0.ap.bin' out_start_smp=131525468 inp_gap_smp=253669 out_zeros_smp=149.
[Thd 127061736334336 CPU 0 8/17/26 13:47:13.567] Gap before file 'Lav69_d1.0_g0_t208.imec0.ap.bin' out_start_smp=133810901 inp_gap_smp=59409 out_zeros_smp=149.
[Thd 127061736334336 CPU 0 8/17/26 13:47:26.008] Gap before file 'Lav69_d1.0_g0_t212.imec0.ap.bin' out_start_smp=136193060 inp_gap_smp=3734011 out_zeros_smp=149.
[Thd 127061736334336 CPU 0 8/17/26 13:47:29.585] Gap before file 'Lav69_d1.0_g0_t213.imec0.ap.bin' out_start_smp=136882607 inp_gap_smp=234131 out_zeros_smp=149.
[Thd 127061736334336 CPU 0 8/17/26 13:47:33.177] Gap before file 'Lav69_d1.0_g0_t214.imec0.ap.bin' out_start_smp=137572154 inp_gap_smp=158469 out_zeros_smp=149.
[Thd 127061736334336 CPU 0 8/17/26 13:47:39.497] Gap before file 'Lav69_d1.0_g0_t216.imec0.ap.bin' out_start_smp=138784278 inp_gap_smp=43818 out_zeros_smp=149.
[Thd 127061736334336 CPU 0 8/17/26 13:47:43.074] Gap before file 'Lav69_d1.0_g0_t217.imec0.ap.bin' out_start_smp=139473825 inp_gap_smp=14159 out_zeros_smp=149.
[Thd 127061736334336 CPU 0 8/17/26 13:47:46.652] Gap before file 'Lav69_d1.0_g0_t218.imec0.ap.bin' out_start_smp=140163372 inp_gap_smp=43093927 out_zeros_smp=149.
[Thd 127061736334336 CPU 0 8/17/26 13:47:50.233] Gap before file 'Lav69_d1.0_g0_t219.imec0.ap.bin' out_start_smp=140852919 inp_gap_smp=9276782 out_zeros_smp=149.
[Thd 127061736334336 CPU 0 8/17/26 13:47:53.782] Done imap0: 220 of 259.
[Thd 127061736334336 CPU 0 8/17/26 13:47:53.912] Gap before file 'Lav69_d1.0_g0_t220.imec0.ap.bin' out_start_smp=141542465 inp_gap_smp=1920493 out_zeros_smp=149.
[Thd 127061736334336 CPU 0 8/17/26 13:47:57.508] Gap before file 'Lav69_d1.0_g0_t221.imec0.ap.bin' out_start_smp=142232011 inp_gap_smp=17561224 out_zeros_smp=149.
[Thd 127061736334336 CPU 0 8/17/26 13:48:01.084] Gap before file 'Lav69_d1.0_g0_t222.imec0.ap.bin' out_start_smp=142921558 inp_gap_smp=294135 out_zeros_smp=149.
[Thd 127061736334336 CPU 0 8/17/26 13:48:04.670] Gap before file 'Lav69_d1.0_g0_t223.imec0.ap.bin' out_start_smp=143611105 inp_gap_smp=10343796 out_zeros_smp=149.
[Thd 127061736334336 CPU 0 8/17/26 13:48:08.267] Gap before file 'Lav69_d1.0_g0_t224.imec0.ap.bin' out_start_smp=144300652 inp_gap_smp=364405 out_zeros_smp=149.
[Thd 127061736334336 CPU 0 8/17/26 13:48:21.902] Gap before file 'Lav69_d1.0_g0_t228.imec0.ap.bin' out_start_smp=146921479 inp_gap_smp=241189 out_zeros_smp=149.
[Thd 127061736334336 CPU 0 8/17/26 13:48:28.674] Gap before file 'Lav69_d1.0_g0_t230.imec0.ap.bin' out_start_smp=148203805 inp_gap_smp=550816 out_zeros_smp=149.
[Thd 127061736334336 CPU 0 8/17/26 13:48:32.275] Gap before file 'Lav69_d1.0_g0_t231.imec0.ap.bin' out_start_smp=148893352 inp_gap_smp=613976 out_zeros_smp=149.
[Thd 127061736334336 CPU 0 8/17/26 13:48:35.890] Gap before file 'Lav69_d1.0_g0_t232.imec0.ap.bin' out_start_smp=149582899 inp_gap_smp=70325 out_zeros_smp=149.
[Thd 127061736334336 CPU 0 8/17/26 13:48:39.481] Gap before file 'Lav69_d1.0_g0_t233.imec0.ap.bin' out_start_smp=150272446 inp_gap_smp=298881 out_zeros_smp=149.
[Thd 127061736334336 CPU 0 8/17/26 13:48:43.074] Gap before file 'Lav69_d1.0_g0_t234.imec0.ap.bin' out_start_smp=150961993 inp_gap_smp=1255173 out_zeros_smp=149.
[Thd 127061736334336 CPU 0 8/17/26 13:48:46.664] Gap before file 'Lav69_d1.0_g0_t235.imec0.ap.bin' out_start_smp=151651540 inp_gap_smp=30804150 out_zeros_smp=149.
[Thd 127061736334336 CPU 0 8/17/26 13:48:50.255] Gap before file 'Lav69_d1.0_g0_t236.imec0.ap.bin' out_start_smp=152341086 inp_gap_smp=2627184 out_zeros_smp=149.
[Thd 127061736334336 CPU 0 8/17/26 13:48:53.859] Gap before file 'Lav69_d1.0_g0_t237.imec0.ap.bin' out_start_smp=153030633 inp_gap_smp=2092081 out_zeros_smp=149.
[Thd 127061736334336 CPU 0 8/17/26 13:48:57.542] Gap before file 'Lav69_d1.0_g0_t238.imec0.ap.bin' out_start_smp=153720180 inp_gap_smp=2503984 out_zeros_smp=149.
[Thd 127061736334336 CPU 0 8/17/26 13:49:01.181] Gap before file 'Lav69_d1.0_g0_t239.imec0.ap.bin' out_start_smp=154409727 inp_gap_smp=375291 out_zeros_smp=149.
[Thd 127061736334336 CPU 0 8/17/26 13:49:04.677] Done imap0: 240 of 259.
[Thd 127061736334336 CPU 0 8/17/26 13:49:04.810] Gap before file 'Lav69_d1.0_g0_t240.imec0.ap.bin' out_start_smp=155099274 inp_gap_smp=521190 out_zeros_smp=149.
[Thd 127061736334336 CPU 0 8/17/26 13:49:08.448] Gap before file 'Lav69_d1.0_g0_t241.imec0.ap.bin' out_start_smp=155788820 inp_gap_smp=802718 out_zeros_smp=149.
[Thd 127061736334336 CPU 0 8/17/26 13:49:12.098] Gap before file 'Lav69_d1.0_g0_t242.imec0.ap.bin' out_start_smp=156478367 inp_gap_smp=72689 out_zeros_smp=149.
[Thd 127061736334336 CPU 0 8/17/26 13:49:15.740] Gap before file 'Lav69_d1.0_g0_t243.imec0.ap.bin' out_start_smp=157167913 inp_gap_smp=512604 out_zeros_smp=149.
[Thd 127061736334336 CPU 0 8/17/26 13:49:19.407] Gap before file 'Lav69_d1.0_g0_t244.imec0.ap.bin' out_start_smp=157857460 inp_gap_smp=247404 out_zeros_smp=149.
[Thd 127061736334336 CPU 0 8/17/26 13:49:23.006] Gap before file 'Lav69_d1.0_g0_t245.imec0.ap.bin' out_start_smp=158547006 inp_gap_smp=30017931 out_zeros_smp=149.
[Thd 127061736334336 CPU 0 8/17/26 13:49:29.530] Gap before file 'Lav69_d1.0_g0_t247.imec0.ap.bin' out_start_smp=159781739 inp_gap_smp=203695 out_zeros_smp=149.
[Thd 127061736334336 CPU 0 8/17/26 13:49:33.133] Gap before file 'Lav69_d1.0_g0_t248.imec0.ap.bin' out_start_smp=160471285 inp_gap_smp=170157 out_zeros_smp=149.
[Thd 127061736334336 CPU 0 8/17/26 13:49:36.743] Gap before file 'Lav69_d1.0_g0_t249.imec0.ap.bin' out_start_smp=161160831 inp_gap_smp=1163894 out_zeros_smp=149.
[Thd 127061736334336 CPU 0 8/17/26 13:49:43.922] Gap before file 'Lav69_d1.0_g0_t251.imec0.ap.bin' out_start_smp=162534469 inp_gap_smp=286371 out_zeros_smp=149.
[Thd 127061736334336 CPU 0 8/17/26 13:49:47.520] Gap before file 'Lav69_d1.0_g0_t252.imec0.ap.bin' out_start_smp=163224016 inp_gap_smp=144435 out_zeros_smp=149.
[Thd 127061736334336 CPU 0 8/17/26 13:49:53.949] Gap before file 'Lav69_d1.0_g0_t254.imec0.ap.bin' out_start_smp=164462677 inp_gap_smp=30562 out_zeros_smp=149.
[Thd 127061736334336 CPU 0 8/17/26 13:49:57.551] Gap before file 'Lav69_d1.0_g0_t255.imec0.ap.bin' out_start_smp=165152223 inp_gap_smp=10687792 out_zeros_smp=149.
[Thd 127061736334336 CPU 0 8/17/26 13:50:01.237] Gap before file 'Lav69_d1.0_g0_t256.imec0.ap.bin' out_start_smp=165841770 inp_gap_smp=2231705 out_zeros_smp=149.
[Thd 127061736334336 CPU 0 8/17/26 13:50:04.832] Gap before file 'Lav69_d1.0_g0_t257.imec0.ap.bin' out_start_smp=166531317 inp_gap_smp=7860287 out_zeros_smp=149.
[Thd 127061736334336 CPU 0 8/17/26 13:50:11.959] 
[Thd 126584587379712 CPU 0 8/17/26 13:57:36.346] ++++++++++++++++++++++++
[Thd 126584587379712 CPU 0 8/17/26 13:57:36.347] Command (raw):
[Thd 126584587379712 CPU 0 8/17/26 13:57:36.347] CatGT -dir=/mnt/work0/kbsuresh/rawData/Lav69 -run=Lav69_d1.0 -prb=0 -gtlist={0,0,258} -chnexcl={0;23,237} -dest=/mnt/work0/kbsuresh/pass_1/Lav69/Lav69_d1.0 -apfilter=butter,12,300,9000 -gblcar -zerofillmax=5 -ap -ni -prb_fld -pass1_force_ni_ob_bin -out_prb_fld
[Thd 126584587379712 CPU 0 8/17/26 13:57:36.348] Command (active):
[Thd 126584587379712 CPU 0 8/17/26 13:57:36.348] CatGT -dir=/mnt/work0/kbsuresh/rawData/Lav69 -run=Lav69_d1.0 -gtlist={0,0,258} -prb_fld -ni -ap -prb=0 -zerofillmax=5 -apfilter=butter,12,300,9000 -gblcar -chnexcl={0;23,237} -pass1_force_ni_ob_bin -dest=/mnt/work0/kbsuresh/pass_1/Lav69/Lav69_d1.0 -out_prb_fld
[Thd 126584526730944 CPU 0 8/17/26 13:57:36.659] Gap before file 'Lav69_d1.0_g0_t1.nidq.bin' out_start_smp=919191 inp_gap_smp=45859893 out_zeros_smp=199.
[Thd 126584526730944 CPU 0 8/17/26 13:57:36.665] Gap before file 'Lav69_d1.0_g0_t3.nidq.bin' out_start_smp=2640367 inp_gap_smp=2841474 out_zeros_smp=199.
[Thd 126584526730944 CPU 0 8/17/26 13:57:36.677] Gap before file 'Lav69_d1.0_g0_t7.nidq.bin' out_start_smp=5952792 inp_gap_smp=505559 out_zeros_smp=199.
[Thd 126584526730944 CPU 0 8/17/26 13:57:36.690] Gap before file 'Lav69_d1.0_g0_t12.nidq.bin' out_start_smp=9988032 inp_gap_smp=754130 out_zeros_smp=199.
[Thd 126584526730944 CPU 0 8/17/26 13:57:36.699] Gap before file 'Lav69_d1.0_g0_t15.nidq.bin' out_start_smp=12545453 inp_gap_smp=146781 out_zeros_smp=199.
[Thd 126584526730944 CPU 0 8/17/26 13:57:36.701] Gap before file 'Lav69_d1.0_g0_t16.nidq.bin' out_start_smp=13464843 inp_gap_smp=11988209 out_zeros_smp=199.
[Thd 126584526730944 CPU 0 8/17/26 13:57:36.704] Gap before file 'Lav69_d1.0_g0_t17.nidq.bin' out_start_smp=14384234 inp_gap_smp=59440 out_zeros_smp=199.
[Thd 126584526730944 CPU 0 8/17/26 13:57:36.709] Gap before file 'Lav69_d1.0_g0_t19.nidq.bin' out_start_smp=16038908 inp_gap_smp=698004 out_zeros_smp=199.
[Thd 126584526730944 CPU 0 8/17/26 13:57:36.712] Done nidq: 20 of 259.
[Thd 126584526730944 CPU 0 8/17/26 13:57:36.714] Gap before file 'Lav69_d1.0_g0_t21.nidq.bin' out_start_smp=17661326 inp_gap_smp=736474 out_zeros_smp=199.
[Thd 126584526730944 CPU 0 8/17/26 13:57:36.717] Gap before file 'Lav69_d1.0_g0_t22.nidq.bin' out_start_smp=18580717 inp_gap_smp=118776 out_zeros_smp=199.
[Thd 126584526730944 CPU 0 8/17/26 13:57:36.720] Gap before file 'Lav69_d1.0_g0_t23.nidq.bin' out_start_smp=19500107 inp_gap_smp=115587 out_zeros_smp=199.
[Thd 126584526730944 CPU 0 8/17/26 13:57:36.723] Gap before file 'Lav69_d1.0_g0_t24.nidq.bin' out_start_smp=20419498 inp_gap_smp=2023979 out_zeros_smp=199.
[Thd 126584526730944 CPU 0 8/17/26 13:57:36.725] Gap before file 'Lav69_d1.0_g0_t25.nidq.bin' out_start_smp=21338889 inp_gap_smp=1235687 out_zeros_smp=199.
[Thd 126584526730944 CPU 0 8/17/26 13:57:36.728] Gap before file 'Lav69_d1.0_g0_t26.nidq.bin' out_start_smp=22258280 inp_gap_smp=500382 out_zeros_smp=199.
[Thd 126584526730944 CPU 0 8/17/26 13:57:36.731] Gap before file 'Lav69_d1.0_g0_t27.nidq.bin' out_start_smp=23177670 inp_gap_smp=2587687 out_zeros_smp=199.
[Thd 126584526730944 CPU 0 8/17/26 13:57:36.737] Gap before file 'Lav69_d1.0_g0_t30.nidq.bin' out_start_smp=25632109 inp_gap_smp=5321813 out_zeros_smp=199.
[Thd 126584526730944 CPU 0 8/17/26 13:57:36.740] Gap before file 'Lav69_d1.0_g0_t31.nidq.bin' out_start_smp=26551500 inp_gap_smp=2349514 out_zeros_smp=199.
[Thd 126584526730944 CPU 0 8/17/26 13:57:36.746] Gap before file 'Lav69_d1.0_g0_t33.nidq.bin' out_start_smp=28211331 inp_gap_smp=737571 out_zeros_smp=199.
[Thd 126584526730944 CPU 0 8/17/26 13:57:36.748] Gap before file 'Lav69_d1.0_g0_t34.nidq.bin' out_start_smp=29130721 inp_gap_smp=148846 out_zeros_smp=199.
[Thd 126584526730944 CPU 0 8/17/26 13:57:36.751] Gap before file 'Lav69_d1.0_g0_t35.nidq.bin' out_start_smp=30050112 inp_gap_smp=4017721 out_zeros_smp=199.
[Thd 126584526730944 CPU 0 8/17/26 13:57:36.753] Gap before file 'Lav69_d1.0_g0_t36.nidq.bin' out_start_smp=30969503 inp_gap_smp=180034 out_zeros_smp=199.
[Thd 126584526730944 CPU 0 8/17/26 13:57:36.762] Gap before file 'Lav69_d1.0_g0_t39.nidq.bin' out_start_smp=33605976 inp_gap_smp=3274029 out_zeros_smp=199.
[Thd 126584526730944 CPU 0 8/17/26 13:57:36.764] Done nidq: 40 of 259.
[Thd 126584526730944 CPU 0 8/17/26 13:57:36.771] Gap before file 'Lav69_d1.0_g0_t43.nidq.bin' out_start_smp=36785296 inp_gap_smp=3847107 out_zeros_smp=199.
[Thd 126584526730944 CPU 0 8/17/26 13:57:36.775] Gap before file 'Lav69_d1.0_g0_t45.nidq.bin' out_start_smp=38387977 inp_gap_smp=1161 out_zeros_smp=199.
[Thd 126584526730944 CPU 0 8/17/26 13:57:36.778] Gap before file 'Lav69_d1.0_g0_t46.nidq.bin' out_start_smp=39307367 inp_gap_smp=8501 out_zeros_smp=199.
[Thd 126584526730944 CPU 0 8/17/26 13:57:36.788] Gap before file 'Lav69_d1.0_g0_t50.nidq.bin' out_start_smp=42413893 inp_gap_smp=4023917 out_zeros_smp=199.
[Thd 126584526730944 CPU 0 8/17/26 13:57:36.800] Gap before file 'Lav69_d1.0_g0_t55.nidq.bin' out_start_smp=46441819 inp_gap_smp=98938 out_zeros_smp=199.
[Thd 126584526730944 CPU 0 8/17/26 13:57:36.802] Gap before file 'Lav69_d1.0_g0_t56.nidq.bin' out_start_smp=47361210 inp_gap_smp=25043304 out_zeros_smp=199.
[Thd 126584526730944 CPU 0 8/17/26 13:57:36.804] Gap before file 'Lav69_d1.0_g0_t57.nidq.bin' out_start_smp=48280600 inp_gap_smp=151972 out_zeros_smp=199.
[Thd 126584526730944 CPU 0 8/17/26 13:57:36.807] Gap before file 'Lav69_d1.0_g0_t58.nidq.bin' out_start_smp=49199991 inp_gap_smp=193764979 out_zeros_smp=199.
[Thd 126584526730944 CPU 0 8/17/26 13:57:36.809] Gap before file 'Lav69_d1.0_g0_t59.nidq.bin' out_start_smp=50119381 inp_gap_smp=42762 out_zeros_smp=199.
[Thd 126584526730944 CPU 0 8/17/26 13:57:36.812] Done nidq: 60 of 259.
[Thd 126584526730944 CPU 0 8/17/26 13:57:36.820] Gap before file 'Lav69_d1.0_g0_t63.nidq.bin' out_start_smp=53458875 inp_gap_smp=756263 out_zeros_smp=199.
[Thd 126584526730944 CPU 0 8/17/26 13:57:36.823] Gap before file 'Lav69_d1.0_g0_t64.nidq.bin' out_start_smp=54378266 inp_gap_smp=350588 out_zeros_smp=199.
[Thd 126584526730944 CPU 0 8/17/26 13:57:36.825] Gap before file 'Lav69_d1.0_g0_t65.nidq.bin' out_start_smp=55297656 inp_gap_smp=77125 out_zeros_smp=199.
[Thd 126584526730944 CPU 0 8/17/26 13:57:36.830] Gap before file 'Lav69_d1.0_g0_t67.nidq.bin' out_start_smp=56940876 inp_gap_smp=5093054 out_zeros_smp=199.
[Thd 126584526730944 CPU 0 8/17/26 13:57:36.833] Gap before file 'Lav69_d1.0_g0_t68.nidq.bin' out_start_smp=57860267 inp_gap_smp=26734310 out_zeros_smp=199.
[Thd 126584526730944 CPU 0 8/17/26 13:57:36.835] Gap before file 'Lav69_d1.0_g0_t69.nidq.bin' out_start_smp=58779658 inp_gap_smp=15684292 out_zeros_smp=199.
[Thd 126584526730944 CPU 0 8/17/26 13:57:36.838] Gap before file 'Lav69_d1.0_g0_t70.nidq.bin' out_start_smp=59699049 inp_gap_smp=14161815 out_zeros_smp=199.
[Thd 126584526730944 CPU 0 8/17/26 13:57:36.840] Gap before file 'Lav69_d1.0_g0_t71.nidq.bin' out_start_smp=60618440 inp_gap_smp=406791 out_zeros_smp=199.
[Thd 126584526730944 CPU 0 8/17/26 13:57:36.848] Gap before file 'Lav69_d1.0_g0_t74.nidq.bin' out_start_smp=63215372 inp_gap_smp=14820120 out_zeros_smp=199.
[Thd 126584526730944 CPU 0 8/17/26 13:57:36.855] Gap before file 'Lav69_d1.0_g0_t77.nidq.bin' out_start_smp=65572034 inp_gap_smp=88530 out_zeros_smp=199.
[Thd 126584526730944 CPU 0 8/17/26 13:57:36.858] Gap before file 'Lav69_d1.0_g0_t78.nidq.bin' out_start_smp=66491425 inp_gap_smp=18875 out_zeros_smp=199.
[Thd 126584526730944 CPU 0 8/17/26 13:57:36.861] Gap before file 'Lav69_d1.0_g0_t79.nidq.bin' out_start_smp=67410816 inp_gap_smp=375638 out_zeros_smp=199.
[Thd 126584526730944 CPU 0 8/17/26 13:57:36.863] Done nidq: 80 of 259.
[Thd 126584526730944 CPU 0 8/17/26 13:57:36.866] Gap before file 'Lav69_d1.0_g0_t81.nidq.bin' out_start_smp=69083138 inp_gap_smp=637668 out_zeros_smp=199.
[Thd 126584526730944 CPU 0 8/17/26 13:57:36.869] Gap before file 'Lav69_d1.0_g0_t82.nidq.bin' out_start_smp=70002528 inp_gap_smp=494226 out_zeros_smp=199.
[Thd 126584526730944 CPU 0 8/17/26 13:57:36.874] Gap before file 'Lav69_d1.0_g0_t84.nidq.bin' out_start_smp=71640528 inp_gap_smp=347551 out_zeros_smp=199.
[Thd 126584526730944 CPU 0 8/17/26 13:57:36.878] Gap before file 'Lav69_d1.0_g0_t86.nidq.bin' out_start_smp=73378344 inp_gap_smp=387076 out_zeros_smp=199.
[Thd 126584526730944 CPU 0 8/17/26 13:57:36.881] Gap before file 'Lav69_d1.0_g0_t87.nidq.bin' out_start_smp=74297735 inp_gap_smp=545104 out_zeros_smp=199.
[Thd 126584526730944 CPU 0 8/17/26 13:57:36.885] Gap before file 'Lav69_d1.0_g0_t89.nidq.bin' out_start_smp=75916013 inp_gap_smp=157186 out_zeros_smp=199.
[Thd 126584526730944 CPU 0 8/17/26 13:57:36.890] Gap before file 'Lav69_d1.0_g0_t91.nidq.bin' out_start_smp=77523927 inp_gap_smp=144665 out_zeros_smp=199.
[Thd 126584526730944 CPU 0 8/17/26 13:57:36.898] Gap before file 'Lav69_d1.0_g0_t94.nidq.bin' out_start_smp=80044939 inp_gap_smp=158281 out_zeros_smp=199.
[Thd 126584526730944 CPU 0 8/17/26 13:57:36.904] Gap before file 'Lav69_d1.0_g0_t96.nidq.bin' out_start_smp=81726615 inp_gap_smp=709433 out_zeros_smp=199.
[Thd 126584526730944 CPU 0 8/17/26 13:57:36.907] Gap before file 'Lav69_d1.0_g0_t97.nidq.bin' out_start_smp=82646006 inp_gap_smp=94832 out_zeros_smp=199.
[Thd 126584526730944 CPU 0 8/17/26 13:57:36.912] Gap before file 'Lav69_d1.0_g0_t99.nidq.bin' out_start_smp=84295479 inp_gap_smp=246627 out_zeros_smp=199.
[Thd 126584526730944 CPU 0 8/17/26 13:57:36.916] Done nidq: 100 of 259.
[Thd 126584526730944 CPU 0 8/17/26 13:57:36.916] Gap before file 'Lav69_d1.0_g0_t100.nidq.bin' out_start_smp=85214869 inp_gap_smp=328801 out_zeros_smp=199.
[Thd 126584526730944 CPU 0 8/17/26 13:57:36.919] Gap before file 'Lav69_d1.0_g0_t101.nidq.bin' out_start_smp=86134260 inp_gap_smp=999565 out_zeros_smp=199.
[Thd 126584526730944 CPU 0 8/17/26 13:57:36.925] Gap before file 'Lav69_d1.0_g0_t103.nidq.bin' out_start_smp=87889811 inp_gap_smp=247709 out_zeros_smp=199.
[Thd 126584526730944 CPU 0 8/17/26 13:57:36.929] Gap before file 'Lav69_d1.0_g0_t104.nidq.bin' out_start_smp=88809202 inp_gap_smp=970469 out_zeros_smp=199.
[Thd 126584526730944 CPU 0 8/17/26 13:57:36.932] Gap before file 'Lav69_d1.0_g0_t105.nidq.bin' out_start_smp=89728593 inp_gap_smp=7333640 out_zeros_smp=199.
[Thd 126584526730944 CPU 0 8/17/26 13:57:36.935] Gap before file 'Lav69_d1.0_g0_t106.nidq.bin' out_start_smp=90647983 inp_gap_smp=56595815 out_zeros_smp=199.
[Thd 126584526730944 CPU 0 8/17/26 13:57:36.941] Gap before file 'Lav69_d1.0_g0_t108.nidq.bin' out_start_smp=92460659 inp_gap_smp=614848 out_zeros_smp=199.
[Thd 126584526730944 CPU 0 8/17/26 13:57:36.944] Gap before file 'Lav69_d1.0_g0_t109.nidq.bin' out_start_smp=93380050 inp_gap_smp=54804814 out_zeros_smp=199.
[Thd 126584526730944 CPU 0 8/17/26 13:57:36.947] Gap before file 'Lav69_d1.0_g0_t110.nidq.bin' out_start_smp=94299440 inp_gap_smp=95672999 out_zeros_smp=199.
[Thd 126584526730944 CPU 0 8/17/26 13:57:36.950] Gap before file 'Lav69_d1.0_g0_t111.nidq.bin' out_start_smp=95218830 inp_gap_smp=40032515 out_zeros_smp=199.
[Thd 126584526730944 CPU 0 8/17/26 13:57:36.953] Gap before file 'Lav69_d1.0_g0_t112.nidq.bin' out_start_smp=96138220 inp_gap_smp=46575023 out_zeros_smp=199.
[Thd 126584526730944 CPU 0 8/17/26 13:57:36.958] Gap before file 'Lav69_d1.0_g0_t114.nidq.bin' out_start_smp=97767974 inp_gap_smp=89402341 out_zeros_smp=199.
[Thd 126584526730944 CPU 0 8/17/26 13:57:36.961] Gap before file 'Lav69_d1.0_g0_t115.nidq.bin' out_start_smp=98687364 inp_gap_smp=188395 out_zeros_smp=199.
[Thd 126584526730944 CPU 0 8/17/26 13:57:36.964] Gap before file 'Lav69_d1.0_g0_t116.nidq.bin' out_start_smp=99606755 inp_gap_smp=60191039 out_zeros_smp=199.
[Thd 126584526730944 CPU 0 8/17/26 13:57:36.970] Gap before file 'Lav69_d1.0_g0_t118.nidq.bin' out_start_smp=101344573 inp_gap_smp=1939747 out_zeros_smp=199.
[Thd 126584526730944 CPU 0 8/17/26 13:57:36.973] Gap before file 'Lav69_d1.0_g0_t119.nidq.bin' out_start_smp=102263963 inp_gap_smp=65019733 out_zeros_smp=199.
[Thd 126584526730944 CPU 0 8/17/26 13:57:36.976] Done nidq: 120 of 259.
[Thd 126584526730944 CPU 0 8/17/26 13:57:36.976] Gap before file 'Lav69_d1.0_g0_t120.nidq.bin' out_start_smp=103183353 inp_gap_smp=5352 out_zeros_smp=199.
[Thd 126584526730944 CPU 0 8/17/26 13:57:36.979] Gap before file 'Lav69_d1.0_g0_t121.nidq.bin' out_start_smp=104102744 inp_gap_smp=36934562 out_zeros_smp=199.
[Thd 126584526730944 CPU 0 8/17/26 13:57:36.984] Gap before file 'Lav69_d1.0_g0_t123.nidq.bin' out_start_smp=105916603 inp_gap_smp=25171139 out_zeros_smp=199.
[Thd 126584526730944 CPU 0 8/17/26 13:57:36.987] Gap before file 'Lav69_d1.0_g0_t124.nidq.bin' out_start_smp=106835994 inp_gap_smp=14888710 out_zeros_smp=199.
[Thd 126584526730944 CPU 0 8/17/26 13:57:36.995] Gap before file 'Lav69_d1.0_g0_t127.nidq.bin' out_start_smp=109306096 inp_gap_smp=10129679 out_zeros_smp=199.
[Thd 126584526730944 CPU 0 8/17/26 13:57:36.998] Gap before file 'Lav69_d1.0_g0_t128.nidq.bin' out_start_smp=110225486 inp_gap_smp=63834583 out_zeros_smp=199.
[Thd 126584526730944 CPU 0 8/17/26 13:57:37.000] Gap before file 'Lav69_d1.0_g0_t129.nidq.bin' out_start_smp=111144877 inp_gap_smp=78576106 out_zeros_smp=199.
[Thd 126584526730944 CPU 0 8/17/26 13:57:37.007] Gap before file 'Lav69_d1.0_g0_t131.nidq.bin' out_start_smp=112950294 inp_gap_smp=2122832 out_zeros_smp=199.
[Thd 126584526730944 CPU 0 8/17/26 13:57:37.010] Gap before file 'Lav69_d1.0_g0_t132.nidq.bin' out_start_smp=113869685 inp_gap_smp=35007456 out_zeros_smp=199.
[Thd 126584526730944 CPU 0 8/17/26 13:57:37.013] Gap before file 'Lav69_d1.0_g0_t133.nidq.bin' out_start_smp=114789076 inp_gap_smp=13424406 out_zeros_smp=199.
[Thd 126584526730944 CPU 0 8/17/26 13:57:37.018] Gap before file 'Lav69_d1.0_g0_t135.nidq.bin' out_start_smp=116577952 inp_gap_smp=365178 out_zeros_smp=199.
[Thd 126584526730944 CPU 0 8/17/26 13:57:37.023] Gap before file 'Lav69_d1.0_g0_t137.nidq.bin' out_start_smp=118186840 inp_gap_smp=182197 out_zeros_smp=199.
[Thd 126584526730944 CPU 0 8/17/26 13:57:37.028] Gap before file 'Lav69_d1.0_g0_t139.nidq.bin' out_start_smp=119800906 inp_gap_smp=679304 out_zeros_smp=199.
[Thd 126584526730944 CPU 0 8/17/26 13:57:37.031] Done nidq: 140 of 259.
[Thd 126584526730944 CPU 0 8/17/26 13:57:37.031] Gap before file 'Lav69_d1.0_g0_t140.nidq.bin' out_start_smp=120720297 inp_gap_smp=387076 out_zeros_smp=199.
[Thd 126584526730944 CPU 0 8/17/26 13:57:37.037] Gap before file 'Lav69_d1.0_g0_t142.nidq.bin' out_start_smp=122393685 inp_gap_smp=248728 out_zeros_smp=199.
[Thd 126584526730944 CPU 0 8/17/26 13:57:37.043] Gap before file 'Lav69_d1.0_g0_t144.nidq.bin' out_start_smp=124053505 inp_gap_smp=134601692 out_zeros_smp=199.
[Thd 126584526730944 CPU 0 8/17/26 13:57:37.046] Gap before file 'Lav69_d1.0_g0_t145.nidq.bin' out_start_smp=124972895 inp_gap_smp=2529424 out_zeros_smp=199.
[Thd 126584526730944 CPU 0 8/17/26 13:57:37.048] Gap before file 'Lav69_d1.0_g0_t146.nidq.bin' out_start_smp=125892286 inp_gap_smp=40933394 out_zeros_smp=199.
[Thd 126584526730944 CPU 0 8/17/26 13:57:37.054] Gap before file 'Lav69_d1.0_g0_t148.nidq.bin' out_start_smp=127531296 inp_gap_smp=22537930 out_zeros_smp=199.
[Thd 126584526730944 CPU 0 8/17/26 13:57:37.057] Gap before file 'Lav69_d1.0_g0_t149.nidq.bin' out_start_smp=128450687 inp_gap_smp=5085766 out_zeros_smp=199.
[Thd 126584526730944 CPU 0 8/17/26 13:57:37.070] Gap before file 'Lav69_d1.0_g0_t153.nidq.bin' out_start_smp=131831698 inp_gap_smp=165521 out_zeros_smp=199.
[Thd 126584526730944 CPU 0 8/17/26 13:57:37.073] Gap before file 'Lav69_d1.0_g0_t154.nidq.bin' out_start_smp=132751089 inp_gap_smp=12742227 out_zeros_smp=199.
[Thd 126584526730944 CPU 0 8/17/26 13:57:37.078] Gap before file 'Lav69_d1.0_g0_t156.nidq.bin' out_start_smp=134430754 inp_gap_smp=666753 out_zeros_smp=199.
[Thd 126584526730944 CPU 0 8/17/26 13:57:37.081] Gap before file 'Lav69_d1.0_g0_t157.nidq.bin' out_start_smp=135350144 inp_gap_smp=2060428 out_zeros_smp=199.
[Thd 126584526730944 CPU 0 8/17/26 13:57:37.084] Gap before file 'Lav69_d1.0_g0_t158.nidq.bin' out_start_smp=136269535 inp_gap_smp=858134 out_zeros_smp=199.
[Thd 126584526730944 CPU 0 8/17/26 13:57:37.089] Done nidq: 160 of 259.
[Thd 126584526730944 CPU 0 8/17/26 13:57:37.092] Gap before file 'Lav69_d1.0_g0_t161.nidq.bin' out_start_smp=138793663 inp_gap_smp=86512 out_zeros_smp=199.
[Thd 126584526730944 CPU 0 8/17/26 13:57:37.095] Gap before file 'Lav69_d1.0_g0_t162.nidq.bin' out_start_smp=139713053 inp_gap_smp=1133734 out_zeros_smp=199.
[Thd 126584526730944 CPU 0 8/17/26 13:57:37.104] Gap before file 'Lav69_d1.0_g0_t165.nidq.bin' out_start_smp=142170592 inp_gap_smp=7455 out_zeros_smp=199.
[Thd 126584526730944 CPU 0 8/17/26 13:57:37.111] Gap before file 'Lav69_d1.0_g0_t167.nidq.bin' out_start_smp=143879342 inp_gap_smp=287225 out_zeros_smp=199.
[Thd 126584526730944 CPU 0 8/17/26 13:57:37.115] Gap before file 'Lav69_d1.0_g0_t168.nidq.bin' out_start_smp=144798733 inp_gap_smp=87499 out_zeros_smp=199.
[Thd 126584526730944 CPU 0 8/17/26 13:57:37.117] Gap before file 'Lav69_d1.0_g0_t169.nidq.bin' out_start_smp=145718124 inp_gap_smp=713566 out_zeros_smp=199.
[Thd 126584526730944 CPU 0 8/17/26 13:57:37.123] Gap before file 'Lav69_d1.0_g0_t171.nidq.bin' out_start_smp=147410225 inp_gap_smp=47006 out_zeros_smp=199.
[Thd 126584526730944 CPU 0 8/17/26 13:57:37.125] Gap before file 'Lav69_d1.0_g0_t172.nidq.bin' out_start_smp=148329616 inp_gap_smp=5561031 out_zeros_smp=199.
[Thd 126584526730944 CPU 0 8/17/26 13:57:37.128] Gap before file 'Lav69_d1.0_g0_t173.nidq.bin' out_start_smp=149249007 inp_gap_smp=615862 out_zeros_smp=199.
[Thd 126584526730944 CPU 0 8/17/26 13:57:37.131] Gap before file 'Lav69_d1.0_g0_t174.nidq.bin' out_start_smp=150168398 inp_gap_smp=50604266 out_zeros_smp=199.
[Thd 126584526730944 CPU 0 8/17/26 13:57:37.134] Gap before file 'Lav69_d1.0_g0_t175.nidq.bin' out_start_smp=151087789 inp_gap_smp=2006313 out_zeros_smp=199.
[Thd 126584526730944 CPU 0 8/17/26 13:57:37.137] Gap before file 'Lav69_d1.0_g0_t176.nidq.bin' out_start_smp=152007180 inp_gap_smp=162383 out_zeros_smp=199.
[Thd 126584526730944 CPU 0 8/17/26 13:57:37.140] Gap before file 'Lav69_d1.0_g0_t177.nidq.bin' out_start_smp=152926571 inp_gap_smp=251891 out_zeros_smp=199.
[Thd 126584526730944 CPU 0 8/17/26 13:57:37.147] Done nidq: 180 of 259.
[Thd 126584526730944 CPU 0 8/17/26 13:57:37.147] Gap before file 'Lav69_d1.0_g0_t180.nidq.bin' out_start_smp=155272782 inp_gap_smp=365239 out_zeros_smp=199.
[Thd 126584526730944 CPU 0 8/17/26 13:57:37.150] Gap before file 'Lav69_d1.0_g0_t181.nidq.bin' out_start_smp=156192172 inp_gap_smp=365177 out_zeros_smp=199.
[Thd 126584526730944 CPU 0 8/17/26 13:57:37.159] Gap before file 'Lav69_d1.0_g0_t184.nidq.bin' out_start_smp=158796386 inp_gap_smp=36542 out_zeros_smp=199.
[Thd 126584526730944 CPU 0 8/17/26 13:57:37.161] Gap before file 'Lav69_d1.0_g0_t185.nidq.bin' out_start_smp=159715776 inp_gap_smp=231015 out_zeros_smp=199.
[Thd 126584526730944 CPU 0 8/17/26 13:57:37.168] Gap before file 'Lav69_d1.0_g0_t188.nidq.bin' out_start_smp=162072482 inp_gap_smp=1594505 out_zeros_smp=199.
[Thd 126584526730944 CPU 0 8/17/26 13:57:37.174] Gap before file 'Lav69_d1.0_g0_t190.nidq.bin' out_start_smp=163671997 inp_gap_smp=605434 out_zeros_smp=199.
[Thd 126584526730944 CPU 0 8/17/26 13:57:37.181] Gap before file 'Lav69_d1.0_g0_t193.nidq.bin' out_start_smp=166034895 inp_gap_smp=8779849 out_zeros_smp=199.
[Thd 126584526730944 CPU 0 8/17/26 13:57:37.183] Gap before file 'Lav69_d1.0_g0_t194.nidq.bin' out_start_smp=166954286 inp_gap_smp=4875633 out_zeros_smp=199.
[Thd 126584526730944 CPU 0 8/17/26 13:57:37.186] Gap before file 'Lav69_d1.0_g0_t195.nidq.bin' out_start_smp=167873677 inp_gap_smp=1638186 out_zeros_smp=199.
[Thd 126584526730944 CPU 0 8/17/26 13:57:37.193] Gap before file 'Lav69_d1.0_g0_t198.nidq.bin' out_start_smp=170330191 inp_gap_smp=5112781 out_zeros_smp=199.
[Thd 126584526730944 CPU 0 8/17/26 13:57:37.196] Gap before file 'Lav69_d1.0_g0_t199.nidq.bin' out_start_smp=171249581 inp_gap_smp=99978 out_zeros_smp=199.
[Thd 126584526730944 CPU 0 8/17/26 13:57:37.198] Done nidq: 200 of 259.
[Thd 126584526730944 CPU 0 8/17/26 13:57:37.203] Gap before file 'Lav69_d1.0_g0_t202.nidq.bin' out_start_smp=173733145 inp_gap_smp=58386 out_zeros_smp=199.
[Thd 126584526730944 CPU 0 8/17/26 13:57:37.208] Gap before file 'Lav69_d1.0_g0_t204.nidq.bin' out_start_smp=175365964 inp_gap_smp=338215 out_zeros_smp=199.
[Thd 126584526730944 CPU 0 8/17/26 13:57:37.217] Gap before file 'Lav69_d1.0_g0_t208.nidq.bin' out_start_smp=178413179 inp_gap_smp=79204 out_zeros_smp=199.
[Thd 126584526730944 CPU 0 8/17/26 13:57:37.227] Gap before file 'Lav69_d1.0_g0_t212.nidq.bin' out_start_smp=181589359 inp_gap_smp=4978616 out_zeros_smp=199.
[Thd 126584526730944 CPU 0 8/17/26 13:57:37.230] Gap before file 'Lav69_d1.0_g0_t213.nidq.bin' out_start_smp=182508750 inp_gap_smp=312166 out_zeros_smp=199.
[Thd 126584526730944 CPU 0 8/17/26 13:57:37.233] Gap before file 'Lav69_d1.0_g0_t214.nidq.bin' out_start_smp=183428141 inp_gap_smp=211283 out_zeros_smp=199.
[Thd 126584526730944 CPU 0 8/17/26 13:57:37.238] Gap before file 'Lav69_d1.0_g0_t216.nidq.bin' out_start_smp=185044293 inp_gap_smp=58416 out_zeros_smp=199.
[Thd 126584526730944 CPU 0 8/17/26 13:57:37.241] Gap before file 'Lav69_d1.0_g0_t217.nidq.bin' out_start_smp=185963684 inp_gap_smp=18874 out_zeros_smp=199.
[Thd 126584526730944 CPU 0 8/17/26 13:57:37.243] Gap before file 'Lav69_d1.0_g0_t218.nidq.bin' out_start_smp=186883075 inp_gap_smp=57457859 out_zeros_smp=199.
[Thd 126584526730944 CPU 0 8/17/26 13:57:37.245] Gap before file 'Lav69_d1.0_g0_t219.nidq.bin' out_start_smp=187802466 inp_gap_smp=12368889 out_zeros_smp=199.
[Thd 126584526730944 CPU 0 8/17/26 13:57:37.247] Done nidq: 220 of 259.
[Thd 126584526730944 CPU 0 8/17/26 13:57:37.247] Gap before file 'Lav69_d1.0_g0_t220.nidq.bin' out_start_smp=188721856 inp_gap_smp=2560620 out_zeros_smp=199.
[Thd 126584526730944 CPU 0 8/17/26 13:57:37.250] Gap before file 'Lav69_d1.0_g0_t221.nidq.bin' out_start_smp=189641246 inp_gap_smp=23414677 out_zeros_smp=199.
[Thd 126584526730944 CPU 0 8/17/26 13:57:37.253] Gap before file 'Lav69_d1.0_g0_t222.nidq.bin' out_start_smp=190560637 inp_gap_smp=392170 out_zeros_smp=199.
[Thd 126584526730944 CPU 0 8/17/26 13:57:37.256] Gap before file 'Lav69_d1.0_g0_t223.nidq.bin' out_start_smp=191480028 inp_gap_smp=13791551 out_zeros_smp=199.
[Thd 126584526730944 CPU 0 8/17/26 13:57:37.259] Gap before file 'Lav69_d1.0_g0_t224.nidq.bin' out_start_smp=192399419 inp_gap_smp=485860 out_zeros_smp=199.
[Thd 126584526730944 CPU 0 8/17/26 13:57:37.268] Gap before file 'Lav69_d1.0_g0_t228.nidq.bin' out_start_smp=195893820 inp_gap_smp=321576 out_zeros_smp=199.
[Thd 126584526730944 CPU 0 8/17/26 13:57:37.273] Gap before file 'Lav69_d1.0_g0_t230.nidq.bin' out_start_smp=197603574 inp_gap_smp=734404 out_zeros_smp=199.
[Thd 126584526730944 CPU 0 8/17/26 13:57:37.276] Gap before file 'Lav69_d1.0_g0_t231.nidq.bin' out_start_smp=198522965 inp_gap_smp=818620 out_zeros_smp=199.
[Thd 126584526730944 CPU 0 8/17/26 13:57:37.280] Gap before file 'Lav69_d1.0_g0_t232.nidq.bin' out_start_smp=199442356 inp_gap_smp=93760 out_zeros_smp=199.
[Thd 126584526730944 CPU 0 8/17/26 13:57:37.284] Gap before file 'Lav69_d1.0_g0_t233.nidq.bin' out_start_smp=200361747 inp_gap_smp=398498 out_zeros_smp=199.
[Thd 126584526730944 CPU 0 8/17/26 13:57:37.287] Gap before file 'Lav69_d1.0_g0_t234.nidq.bin' out_start_smp=201281138 inp_gap_smp=1673537 out_zeros_smp=199.
[Thd 126584526730944 CPU 0 8/17/26 13:57:37.289] Gap before file 'Lav69_d1.0_g0_t235.nidq.bin' out_start_smp=202200529 inp_gap_smp=41071692 out_zeros_smp=199.
[Thd 126584526730944 CPU 0 8/17/26 13:57:37.292] Gap before file 'Lav69_d1.0_g0_t236.nidq.bin' out_start_smp=203119919 inp_gap_smp=3502864 out_zeros_smp=199.
[Thd 126584526730944 CPU 0 8/17/26 13:57:37.294] Gap before file 'Lav69_d1.0_g0_t237.nidq.bin' out_start_smp=204039310 inp_gap_smp=2789403 out_zeros_smp=199.
[Thd 126584526730944 CPU 0 8/17/26 13:57:37.297] Gap before file 'Lav69_d1.0_g0_t238.nidq.bin' out_start_smp=204958701 inp_gap_smp=3338600 out_zeros_smp=199.
[Thd 126584526730944 CPU 0 8/17/26 13:57:37.299] Gap before file 'Lav69_d1.0_g0_t239.nidq.bin' out_start_smp=205878092 inp_gap_smp=500376 out_zeros_smp=199.
[Thd 126584526730944 CPU 0 8/17/26 13:57:37.301] Done nidq: 240 of 259.
[Thd 126584526730944 CPU 0 8/17/26 13:57:37.302] Gap before file 'Lav69_d1.0_g0_t240.nidq.bin' out_start_smp=206797483 inp_gap_smp=694907 out_zeros_smp=199.
[Thd 126584526730944 CPU 0 8/17/26 13:57:37.304] Gap before file 'Lav69_d1.0_g0_t241.nidq.bin' out_start_smp=207716873 inp_gap_smp=1070272 out_zeros_smp=199.
[Thd 126584526730944 CPU 0 8/17/26 13:57:37.306] Gap before file 'Lav69_d1.0_g0_t242.nidq.bin' out_start_smp=208636264 inp_gap_smp=96910 out_zeros_smp=199.
[Thd 126584526730944 CPU 0 8/17/26 13:57:37.309] Gap before file 'Lav69_d1.0_g0_t243.nidq.bin' out_start_smp=209555654 inp_gap_smp=683457 out_zeros_smp=199.
[Thd 126584526730944 CPU 0 8/17/26 13:57:37.311] Gap before file 'Lav69_d1.0_g0_t244.nidq.bin' out_start_smp=210475045 inp_gap_smp=329862 out_zeros_smp=199.
[Thd 126584526730944 CPU 0 8/17/26 13:57:37.314] Gap before file 'Lav69_d1.0_g0_t245.nidq.bin' out_start_smp=211394435 inp_gap_smp=40023412 out_zeros_smp=199.
[Thd 126584526730944 CPU 0 8/17/26 13:57:37.318] Gap before file 'Lav69_d1.0_g0_t247.nidq.bin' out_start_smp=213040733 inp_gap_smp=271584 out_zeros_smp=199.
[Thd 126584526730944 CPU 0 8/17/26 13:57:37.320] Gap before file 'Lav69_d1.0_g0_t248.nidq.bin' out_start_smp=213960123 inp_gap_smp=226868 out_zeros_smp=199.
[Thd 126584526730944 CPU 0 8/17/26 13:57:37.323] Gap before file 'Lav69_d1.0_g0_t249.nidq.bin' out_start_smp=214879513 inp_gap_smp=1551832 out_zeros_smp=199.
[Thd 126584526730944 CPU 0 8/17/26 13:57:37.328] Gap before file 'Lav69_d1.0_g0_t251.nidq.bin' out_start_smp=216711014 inp_gap_smp=381818 out_zeros_smp=199.
[Thd 126584526730944 CPU 0 8/17/26 13:57:37.331] Gap before file 'Lav69_d1.0_g0_t252.nidq.bin' out_start_smp=217630405 inp_gap_smp=192570 out_zeros_smp=199.
[Thd 126584526730944 CPU 0 8/17/26 13:57:37.337] Gap before file 'Lav69_d1.0_g0_t254.nidq.bin' out_start_smp=219281941 inp_gap_smp=40742 out_zeros_smp=199.
[Thd 126584526730944 CPU 0 8/17/26 13:57:37.339] Gap before file 'Lav69_d1.0_g0_t255.nidq.bin' out_start_smp=220201331 inp_gap_smp=14250208 out_zeros_smp=199.
[Thd 126584526730944 CPU 0 8/17/26 13:57:37.341] Gap before file 'Lav69_d1.0_g0_t256.nidq.bin' out_start_smp=221120722 inp_gap_smp=2975564 out_zeros_smp=199.
[Thd 126584526730944 CPU 0 8/17/26 13:57:37.344] Gap before file 'Lav69_d1.0_g0_t257.nidq.bin' out_start_smp=222040113 inp_gap_smp=10480247 out_zeros_smp=199.
[Thd 126584587379712 CPU 0 8/17/26 13:57:40.729] Gap before file 'Lav69_d1.0_g0_t1.imec0.ap.bin' out_start_smp=689397 inp_gap_smp=34395351 out_zeros_smp=149.
[Thd 126584587379712 CPU 0 8/17/26 13:57:47.429] Gap before file 'Lav69_d1.0_g0_t3.imec0.ap.bin' out_start_smp=1980289 inp_gap_smp=2131136 out_zeros_smp=149.
[Thd 126584587379712 CPU 0 8/17/26 13:58:00.255] Gap before file 'Lav69_d1.0_g0_t7.imec0.ap.bin' out_start_smp=4464631 inp_gap_smp=379179 out_zeros_smp=149.
[Thd 126584587379712 CPU 0 8/17/26 13:58:15.974] Gap before file 'Lav69_d1.0_g0_t12.imec0.ap.bin' out_start_smp=7491091 inp_gap_smp=565609 out_zeros_smp=149.
[Thd 126584587379712 CPU 0 8/17/26 13:58:25.889] Gap before file 'Lav69_d1.0_g0_t15.imec0.ap.bin' out_start_smp=9409174 inp_gap_smp=110092 out_zeros_smp=149.
[Thd 126584587379712 CPU 0 8/17/26 13:58:29.462] Gap before file 'Lav69_d1.0_g0_t16.imec0.ap.bin' out_start_smp=10098720 inp_gap_smp=8991264 out_zeros_smp=149.
[Thd 126584587379712 CPU 0 8/17/26 13:58:33.031] Gap before file 'Lav69_d1.0_g0_t17.imec0.ap.bin' out_start_smp=10788267 inp_gap_smp=44584 out_zeros_smp=149.
[Thd 126584587379712 CPU 0 8/17/26 13:58:39.494] Gap before file 'Lav69_d1.0_g0_t19.imec0.ap.bin' out_start_smp=12029283 inp_gap_smp=523513 out_zeros_smp=149.
[Thd 126584587379712 CPU 0 8/17/26 13:58:42.933] Done imap0: 20 of 259.
[Thd 126584587379712 CPU 0 8/17/26 13:58:45.895] Gap before file 'Lav69_d1.0_g0_t21.imec0.ap.bin' out_start_smp=13246105 inp_gap_smp=552365 out_zeros_smp=149.
[Thd 126584587379712 CPU 0 8/17/26 13:58:49.478] Gap before file 'Lav69_d1.0_g0_t22.imec0.ap.bin' out_start_smp=13935652 inp_gap_smp=89088 out_zeros_smp=149.
[Thd 126584587379712 CPU 0 8/17/26 13:58:53.058] Gap before file 'Lav69_d1.0_g0_t23.imec0.ap.bin' out_start_smp=14625198 inp_gap_smp=86695 out_zeros_smp=149.
[Thd 126584587379712 CPU 0 8/17/26 13:58:56.640] Gap before file 'Lav69_d1.0_g0_t24.imec0.ap.bin' out_start_smp=15314745 inp_gap_smp=1518004 out_zeros_smp=149.
[Thd 126584587379712 CPU 0 8/17/26 13:59:00.201] Gap before file 'Lav69_d1.0_g0_t25.imec0.ap.bin' out_start_smp=16004292 inp_gap_smp=926780 out_zeros_smp=149.
[Thd 126584587379712 CPU 0 8/17/26 13:59:03.767] Gap before file 'Lav69_d1.0_g0_t26.imec0.ap.bin' out_start_smp=16693839 inp_gap_smp=375296 out_zeros_smp=149.
[Thd 126584587379712 CPU 0 8/17/26 13:59:07.352] Gap before file 'Lav69_d1.0_g0_t27.imec0.ap.bin' out_start_smp=17383385 inp_gap_smp=1940791 out_zeros_smp=149.
[Thd 126584587379712 CPU 0 8/17/26 13:59:16.940] Gap before file 'Lav69_d1.0_g0_t30.imec0.ap.bin' out_start_smp=19224232 inp_gap_smp=3991408 out_zeros_smp=149.
[Thd 126584587379712 CPU 0 8/17/26 13:59:20.537] Gap before file 'Lav69_d1.0_g0_t31.imec0.ap.bin' out_start_smp=19913779 inp_gap_smp=1762159 out_zeros_smp=149.
[Thd 126584587379712 CPU 0 8/17/26 13:59:27.049] Gap before file 'Lav69_d1.0_g0_t33.imec0.ap.bin' out_start_smp=21158662 inp_gap_smp=553189 out_zeros_smp=149.
[Thd 126584587379712 CPU 0 8/17/26 13:59:30.647] Gap before file 'Lav69_d1.0_g0_t34.imec0.ap.bin' out_start_smp=21848208 inp_gap_smp=111640 out_zeros_smp=149.
[Thd 126584587379712 CPU 0 8/17/26 13:59:34.243] Gap before file 'Lav69_d1.0_g0_t35.imec0.ap.bin' out_start_smp=22537755 inp_gap_smp=3013327 out_zeros_smp=149.
[Thd 126584587379712 CPU 0 8/17/26 13:59:37.839] Gap before file 'Lav69_d1.0_g0_t36.imec0.ap.bin' out_start_smp=23227302 inp_gap_smp=135031 out_zeros_smp=149.
[Thd 126584587379712 CPU 0 8/17/26 13:59:48.193] Gap before file 'Lav69_d1.0_g0_t39.imec0.ap.bin' out_start_smp=25204674 inp_gap_smp=2455551 out_zeros_smp=149.
[Thd 126584587379712 CPU 0 8/17/26 13:59:51.634] Done imap0: 40 of 259.
[Thd 126584587379712 CPU 0 8/17/26 14:00:00.537] Gap before file 'Lav69_d1.0_g0_t43.imec0.ap.bin' out_start_smp=27589186 inp_gap_smp=2885366 out_zeros_smp=149.
[Thd 126584587379712 CPU 0 8/17/26 14:00:06.789] Gap before file 'Lav69_d1.0_g0_t45.imec0.ap.bin' out_start_smp=28791206 inp_gap_smp=874 out_zeros_smp=149.
[Thd 126584587379712 CPU 0 8/17/26 14:00:10.357] Gap before file 'Lav69_d1.0_g0_t46.imec0.ap.bin' out_start_smp=29480752 inp_gap_smp=6380 out_zeros_smp=149.
[Thd 126584587379712 CPU 0 8/17/26 14:00:22.487] Gap before file 'Lav69_d1.0_g0_t50.imec0.ap.bin' out_start_smp=31810667 inp_gap_smp=3017977 out_zeros_smp=149.
[Thd 126584587379712 CPU 0 8/17/26 14:00:38.203] Gap before file 'Lav69_d1.0_g0_t55.imec0.ap.bin' out_start_smp=34831641 inp_gap_smp=74207 out_zeros_smp=149.
[Thd 126584587379712 CPU 0 8/17/26 14:00:41.802] Gap before file 'Lav69_d1.0_g0_t56.imec0.ap.bin' out_start_smp=35521188 inp_gap_smp=18782691 out_zeros_smp=149.
[Thd 126584587379712 CPU 0 8/17/26 14:00:45.410] Gap before file 'Lav69_d1.0_g0_t57.imec0.ap.bin' out_start_smp=36210734 inp_gap_smp=113985 out_zeros_smp=149.
[Thd 126584587379712 CPU 0 8/17/26 14:00:49.003] Gap before file 'Lav69_d1.0_g0_t58.imec0.ap.bin' out_start_smp=36900281 inp_gap_smp=145325355 out_zeros_smp=149.
[Thd 126584587379712 CPU 0 8/17/26 14:00:52.636] Gap before file 'Lav69_d1.0_g0_t59.imec0.ap.bin' out_start_smp=37589827 inp_gap_smp=32075 out_zeros_smp=149.
[Thd 126584587379712 CPU 0 8/17/26 14:00:56.070] Done imap0: 60 of 259.
[Thd 126584587379712 CPU 0 8/17/26 14:01:05.556] Gap before file 'Lav69_d1.0_g0_t63.imec0.ap.bin' out_start_smp=40094472 inp_gap_smp=567208 out_zeros_smp=149.
[Thd 126584587379712 CPU 0 8/17/26 14:01:09.140] Gap before file 'Lav69_d1.0_g0_t64.imec0.ap.bin' out_start_smp=40784019 inp_gap_smp=262947 out_zeros_smp=149.
[Thd 126584587379712 CPU 0 8/17/26 14:01:12.707] Gap before file 'Lav69_d1.0_g0_t65.imec0.ap.bin' out_start_smp=41473565 inp_gap_smp=57848 out_zeros_smp=149.
[Thd 126584587379712 CPU 0 8/17/26 14:01:19.077] Gap before file 'Lav69_d1.0_g0_t67.imec0.ap.bin' out_start_smp=42705989 inp_gap_smp=3819838 out_zeros_smp=149.
[Thd 126584587379712 CPU 0 8/17/26 14:01:22.685] Gap before file 'Lav69_d1.0_g0_t68.imec0.ap.bin' out_start_smp=43395536 inp_gap_smp=20050961 out_zeros_smp=149.
[Thd 126584587379712 CPU 0 8/17/26 14:01:26.333] Gap before file 'Lav69_d1.0_g0_t69.imec0.ap.bin' out_start_smp=44085083 inp_gap_smp=11763357 out_zeros_smp=149.
[Thd 126584587379712 CPU 0 8/17/26 14:01:29.912] Gap before file 'Lav69_d1.0_g0_t70.imec0.ap.bin' out_start_smp=44774630 inp_gap_smp=10621483 out_zeros_smp=149.
[Thd 126584587379712 CPU 0 8/17/26 14:01:33.493] Gap before file 'Lav69_d1.0_g0_t71.imec0.ap.bin' out_start_smp=45464177 inp_gap_smp=305100 out_zeros_smp=149.
[Thd 126584587379712 CPU 0 8/17/26 14:01:43.588] Gap before file 'Lav69_d1.0_g0_t74.imec0.ap.bin' out_start_smp=47411894 inp_gap_smp=11115220 out_zeros_smp=149.
[Thd 126584587379712 CPU 0 8/17/26 14:01:52.704] Gap before file 'Lav69_d1.0_g0_t77.imec0.ap.bin' out_start_smp=49179405 inp_gap_smp=66403 out_zeros_smp=149.
[Thd 126584587379712 CPU 0 8/17/26 14:01:56.347] Gap before file 'Lav69_d1.0_g0_t78.imec0.ap.bin' out_start_smp=49868952 inp_gap_smp=14159 out_zeros_smp=149.
[Thd 126584587379712 CPU 0 8/17/26 14:01:59.907] Gap before file 'Lav69_d1.0_g0_t79.imec0.ap.bin' out_start_smp=50558499 inp_gap_smp=281736 out_zeros_smp=149.
[Thd 126584587379712 CPU 0 8/17/26 14:02:03.336] Done imap0: 80 of 259.
[Thd 126584587379712 CPU 0 8/17/26 14:02:06.384] Gap before file 'Lav69_d1.0_g0_t81.imec0.ap.bin' out_start_smp=51812750 inp_gap_smp=478261 out_zeros_smp=149.
[Thd 126584587379712 CPU 0 8/17/26 14:02:09.954] Gap before file 'Lav69_d1.0_g0_t82.imec0.ap.bin' out_start_smp=52502296 inp_gap_smp=370676 out_zeros_smp=149.
[Thd 126584587379712 CPU 0 8/17/26 14:02:16.311] Gap before file 'Lav69_d1.0_g0_t84.imec0.ap.bin' out_start_smp=53730806 inp_gap_smp=260669 out_zeros_smp=149.
[Thd 126584587379712 CPU 0 8/17/26 14:02:23.095] Gap before file 'Lav69_d1.0_g0_t86.imec0.ap.bin' out_start_smp=55034178 inp_gap_smp=290314 out_zeros_smp=149.
[Thd 126584587379712 CPU 0 8/17/26 14:02:26.731] Gap before file 'Lav69_d1.0_g0_t87.imec0.ap.bin' out_start_smp=55723725 inp_gap_smp=408837 out_zeros_smp=149.
[Thd 126584587379712 CPU 0 8/17/26 14:02:33.030] Gap before file 'Lav69_d1.0_g0_t89.imec0.ap.bin' out_start_smp=56937442 inp_gap_smp=117895 out_zeros_smp=149.
[Thd 126584587379712 CPU 0 8/17/26 14:02:39.242] Gap before file 'Lav69_d1.0_g0_t91.imec0.ap.bin' out_start_smp=58143386 inp_gap_smp=108504 out_zeros_smp=149.
[Thd 126584587379712 CPU 0 8/17/26 14:02:49.027] Gap before file 'Lav69_d1.0_g0_t94.imec0.ap.bin' out_start_smp=60034163 inp_gap_smp=118715 out_zeros_smp=149.
[Thd 126584587379712 CPU 0 8/17/26 14:02:55.548] Gap before file 'Lav69_d1.0_g0_t96.imec0.ap.bin' out_start_smp=61295430 inp_gap_smp=532085 out_zeros_smp=149.
[Thd 126584587379712 CPU 0 8/17/26 14:02:59.188] Gap before file 'Lav69_d1.0_g0_t97.imec0.ap.bin' out_start_smp=61984977 inp_gap_smp=71129 out_zeros_smp=149.
[Thd 126584587379712 CPU 0 8/17/26 14:03:05.580] Gap before file 'Lav69_d1.0_g0_t99.imec0.ap.bin' out_start_smp=63222092 inp_gap_smp=184975 out_zeros_smp=149.
[Thd 126584587379712 CPU 0 8/17/26 14:03:09.033] Done imap0: 100 of 259.
[Thd 126584587379712 CPU 0 8/17/26 14:03:09.163] Gap before file 'Lav69_d1.0_g0_t100.imec0.ap.bin' out_start_smp=63911638 inp_gap_smp=246608 out_zeros_smp=149.
[Thd 126584587379712 CPU 0 8/17/26 14:03:12.737] Gap before file 'Lav69_d1.0_g0_t101.imec0.ap.bin' out_start_smp=64601185 inp_gap_smp=749687 out_zeros_smp=149.
[Thd 126584587379712 CPU 0 8/17/26 14:03:19.624] Gap before file 'Lav69_d1.0_g0_t103.imec0.ap.bin' out_start_smp=65917858 inp_gap_smp=185787 out_zeros_smp=149.
[Thd 126584587379712 CPU 0 8/17/26 14:03:23.217] Gap before file 'Lav69_d1.0_g0_t104.imec0.ap.bin' out_start_smp=66607405 inp_gap_smp=727865 out_zeros_smp=149.
[Thd 126584587379712 CPU 0 8/17/26 14:03:26.787] Gap before file 'Lav69_d1.0_g0_t105.imec0.ap.bin' out_start_smp=67296952 inp_gap_smp=5500295 out_zeros_smp=149.
[Thd 126584587379712 CPU 0 8/17/26 14:03:30.460] Gap before file 'Lav69_d1.0_g0_t106.imec0.ap.bin' out_start_smp=67986498 inp_gap_smp=42447355 out_zeros_smp=149.
[Thd 126584587379712 CPU 0 8/17/26 14:03:37.517] Gap before file 'Lav69_d1.0_g0_t108.imec0.ap.bin' out_start_smp=69346016 inp_gap_smp=461144 out_zeros_smp=149.
[Thd 126584587379712 CPU 0 8/17/26 14:03:41.108] Gap before file 'Lav69_d1.0_g0_t109.imec0.ap.bin' out_start_smp=70035563 inp_gap_smp=41104076 out_zeros_smp=149.
[Thd 126584587379712 CPU 0 8/17/26 14:03:44.711] Gap before file 'Lav69_d1.0_g0_t110.imec0.ap.bin' out_start_smp=70725109 inp_gap_smp=71755580 out_zeros_smp=149.
[Thd 126584587379712 CPU 0 8/17/26 14:03:48.310] Gap before file 'Lav69_d1.0_g0_t111.imec0.ap.bin' out_start_smp=71414655 inp_gap_smp=30024736 out_zeros_smp=149.
[Thd 126584587379712 CPU 0 8/17/26 14:03:51.899] Gap before file 'Lav69_d1.0_g0_t112.imec0.ap.bin' out_start_smp=72104201 inp_gap_smp=34931670 out_zeros_smp=149.
[Thd 126584587379712 CPU 0 8/17/26 14:03:58.251] Gap before file 'Lav69_d1.0_g0_t114.imec0.ap.bin' out_start_smp=73326527 inp_gap_smp=67052527 out_zeros_smp=149.
[Thd 126584587379712 CPU 0 8/17/26 14:04:01.893] Gap before file 'Lav69_d1.0_g0_t115.imec0.ap.bin' out_start_smp=74016073 inp_gap_smp=141301 out_zeros_smp=149.
[Thd 126584587379712 CPU 0 8/17/26 14:04:05.479] Gap before file 'Lav69_d1.0_g0_t116.imec0.ap.bin' out_start_smp=74705620 inp_gap_smp=45143802 out_zeros_smp=149.
[Thd 126584587379712 CPU 0 8/17/26 14:04:12.269] Gap before file 'Lav69_d1.0_g0_t118.imec0.ap.bin' out_start_smp=76008995 inp_gap_smp=1454831 out_zeros_smp=149.
[Thd 126584587379712 CPU 0 8/17/26 14:04:15.855] Gap before file 'Lav69_d1.0_g0_t119.imec0.ap.bin' out_start_smp=76698541 inp_gap_smp=48765373 out_zeros_smp=149.
[Thd 126584587379712 CPU 0 8/17/26 14:04:19.305] Done imap0: 120 of 259.
[Thd 126584587379712 CPU 0 8/17/26 14:04:19.434] Gap before file 'Lav69_d1.0_g0_t120.imec0.ap.bin' out_start_smp=77388087 inp_gap_smp=4018 out_zeros_smp=149.
[Thd 126584587379712 CPU 0 8/17/26 14:04:23.017] Gap before file 'Lav69_d1.0_g0_t121.imec0.ap.bin' out_start_smp=78077634 inp_gap_smp=27701248 out_zeros_smp=149.
[Thd 126584587379712 CPU 0 8/17/26 14:04:30.036] Gap before file 'Lav69_d1.0_g0_t123.imec0.ap.bin' out_start_smp=79438039 inp_gap_smp=18878579 out_zeros_smp=149.
[Thd 126584587379712 CPU 0 8/17/26 14:04:33.688] Gap before file 'Lav69_d1.0_g0_t124.imec0.ap.bin' out_start_smp=80127586 inp_gap_smp=11166669 out_zeros_smp=149.
[Thd 126584587379712 CPU 0 8/17/26 14:04:43.313] Gap before file 'Lav69_d1.0_g0_t127.imec0.ap.bin' out_start_smp=81980179 inp_gap_smp=7597353 out_zeros_smp=149.
[Thd 126584587379712 CPU 0 8/17/26 14:04:46.890] Gap before file 'Lav69_d1.0_g0_t128.imec0.ap.bin' out_start_smp=82669725 inp_gap_smp=47876511 out_zeros_smp=149.
[Thd 126584587379712 CPU 0 8/17/26 14:04:50.468] Gap before file 'Lav69_d1.0_g0_t129.imec0.ap.bin' out_start_smp=83359272 inp_gap_smp=58932790 out_zeros_smp=149.
[Thd 126584587379712 CPU 0 8/17/26 14:04:57.483] Gap before file 'Lav69_d1.0_g0_t131.imec0.ap.bin' out_start_smp=84713347 inp_gap_smp=1592149 out_zeros_smp=149.
[Thd 126584587379712 CPU 0 8/17/26 14:05:01.068] Gap before file 'Lav69_d1.0_g0_t132.imec0.ap.bin' out_start_smp=85402894 inp_gap_smp=26255921 out_zeros_smp=149.
[Thd 126584587379712 CPU 0 8/17/26 14:05:04.657] Gap before file 'Lav69_d1.0_g0_t133.imec0.ap.bin' out_start_smp=86092441 inp_gap_smp=10068436 out_zeros_smp=149.
[Thd 126584587379712 CPU 0 8/17/26 14:05:11.724] Gap before file 'Lav69_d1.0_g0_t135.imec0.ap.bin' out_start_smp=87434110 inp_gap_smp=273891 out_zeros_smp=149.
[Thd 126584587379712 CPU 0 8/17/26 14:05:18.002] Gap before file 'Lav69_d1.0_g0_t137.imec0.ap.bin' out_start_smp=88640787 inp_gap_smp=136655 out_zeros_smp=149.
[Thd 126584587379712 CPU 0 8/17/26 14:05:24.347] Gap before file 'Lav69_d1.0_g0_t139.imec0.ap.bin' out_start_smp=89851346 inp_gap_smp=509489 out_zeros_smp=149.
[Thd 126584587379712 CPU 0 8/17/26 14:05:27.822] Done imap0: 140 of 259.
[Thd 126584587379712 CPU 0 8/17/26 14:05:27.956] Gap before file 'Lav69_d1.0_g0_t140.imec0.ap.bin' out_start_smp=90540893 inp_gap_smp=290315 out_zeros_smp=149.
[Thd 126584587379712 CPU 0 8/17/26 14:05:34.483] Gap before file 'Lav69_d1.0_g0_t142.imec0.ap.bin' out_start_smp=91795945 inp_gap_smp=186553 out_zeros_smp=149.
[Thd 126584587379712 CPU 0 8/17/26 14:05:41.044] Gap before file 'Lav69_d1.0_g0_t144.imec0.ap.bin' out_start_smp=93040821 inp_gap_smp=100952520 out_zeros_smp=149.
[Thd 126584587379712 CPU 0 8/17/26 14:05:44.626] Gap before file 'Lav69_d1.0_g0_t145.imec0.ap.bin' out_start_smp=93730367 inp_gap_smp=1897096 out_zeros_smp=149.
[Thd 126584587379712 CPU 0 8/17/26 14:05:48.213] Gap before file 'Lav69_d1.0_g0_t146.imec0.ap.bin' out_start_smp=94419914 inp_gap_smp=30700420 out_zeros_smp=149.
[Thd 126584587379712 CPU 0 8/17/26 14:05:54.593] Gap before file 'Lav69_d1.0_g0_t148.imec0.ap.bin' out_start_smp=95649181 inp_gap_smp=16903659 out_zeros_smp=149.
[Thd 126584587379712 CPU 0 8/17/26 14:05:58.191] Gap before file 'Lav69_d1.0_g0_t149.imec0.ap.bin' out_start_smp=96338728 inp_gap_smp=3814377 out_zeros_smp=149.
[Thd 126584587379712 CPU 0 8/17/26 14:06:11.438] Gap before file 'Lav69_d1.0_g0_t153.imec0.ap.bin' out_start_smp=98874513 inp_gap_smp=124148 out_zeros_smp=149.
[Thd 126584587379712 CPU 0 8/17/26 14:06:15.028] Gap before file 'Lav69_d1.0_g0_t154.imec0.ap.bin' out_start_smp=99564060 inp_gap_smp=9556792 out_zeros_smp=149.
[Thd 126584587379712 CPU 0 8/17/26 14:06:21.577] Gap before file 'Lav69_d1.0_g0_t156.imec0.ap.bin' out_start_smp=100823820 inp_gap_smp=500074 out_zeros_smp=149.
[Thd 126584587379712 CPU 0 8/17/26 14:06:25.164] Gap before file 'Lav69_d1.0_g0_t157.imec0.ap.bin' out_start_smp=101513366 inp_gap_smp=1545345 out_zeros_smp=149.
[Thd 126584587379712 CPU 0 8/17/26 14:06:28.758] Gap before file 'Lav69_d1.0_g0_t158.imec0.ap.bin' out_start_smp=102202913 inp_gap_smp=643614 out_zeros_smp=149.
[Thd 126584587379712 CPU 0 8/17/26 14:06:35.684] Done imap0: 160 of 259.
[Thd 126584587379712 CPU 0 8/17/26 14:06:38.607] Gap before file 'Lav69_d1.0_g0_t161.imec0.ap.bin' out_start_smp=104096027 inp_gap_smp=64890 out_zeros_smp=149.
[Thd 126584587379712 CPU 0 8/17/26 14:06:42.281] Gap before file 'Lav69_d1.0_g0_t162.imec0.ap.bin' out_start_smp=104785573 inp_gap_smp=850315 out_zeros_smp=149.
[Thd 126584587379712 CPU 0 8/17/26 14:06:51.845] Gap before file 'Lav69_d1.0_g0_t165.imec0.ap.bin' out_start_smp=106628746 inp_gap_smp=5597 out_zeros_smp=149.
[Thd 126584587379712 CPU 0 8/17/26 14:06:58.543] Gap before file 'Lav69_d1.0_g0_t167.imec0.ap.bin' out_start_smp=107910320 inp_gap_smp=215425 out_zeros_smp=149.
[Thd 126584587379712 CPU 0 8/17/26 14:07:02.151] Gap before file 'Lav69_d1.0_g0_t168.imec0.ap.bin' out_start_smp=108599867 inp_gap_smp=65630 out_zeros_smp=149.
[Thd 126584587379712 CPU 0 8/17/26 14:07:05.750] Gap before file 'Lav69_d1.0_g0_t169.imec0.ap.bin' out_start_smp=109289414 inp_gap_smp=535185 out_zeros_smp=149.
[Thd 126584587379712 CPU 0 8/17/26 14:07:12.415] Gap before file 'Lav69_d1.0_g0_t171.imec0.ap.bin' out_start_smp=110558500 inp_gap_smp=35260 out_zeros_smp=149.
[Thd 126584587379712 CPU 0 8/17/26 14:07:16.026] Gap before file 'Lav69_d1.0_g0_t172.imec0.ap.bin' out_start_smp=111248047 inp_gap_smp=4170828 out_zeros_smp=149.
[Thd 126584587379712 CPU 0 8/17/26 14:07:19.630] Gap before file 'Lav69_d1.0_g0_t173.imec0.ap.bin' out_start_smp=111937594 inp_gap_smp=461905 out_zeros_smp=149.
[Thd 126584587379712 CPU 0 8/17/26 14:07:23.239] Gap before file 'Lav69_d1.0_g0_t174.imec0.ap.bin' out_start_smp=112627141 inp_gap_smp=37953655 out_zeros_smp=149.
[Thd 126584587379712 CPU 0 8/17/26 14:07:26.844] Gap before file 'Lav69_d1.0_g0_t175.imec0.ap.bin' out_start_smp=113316688 inp_gap_smp=1504756 out_zeros_smp=149.
[Thd 126584587379712 CPU 0 8/17/26 14:07:30.441] Gap before file 'Lav69_d1.0_g0_t176.imec0.ap.bin' out_start_smp=114006235 inp_gap_smp=121793 out_zeros_smp=149.
[Thd 126584587379712 CPU 0 8/17/26 14:07:34.046] Gap before file 'Lav69_d1.0_g0_t177.imec0.ap.bin' out_start_smp=114695782 inp_gap_smp=188925 out_zeros_smp=149.
[Thd 126584587379712 CPU 0 8/17/26 14:07:43.100] Done imap0: 180 of 259.
[Thd 126584587379712 CPU 0 8/17/26 14:07:43.202] Gap before file 'Lav69_d1.0_g0_t180.imec0.ap.bin' out_start_smp=116455457 inp_gap_smp=273938 out_zeros_smp=149.
[Thd 126584587379712 CPU 0 8/17/26 14:07:46.856] Gap before file 'Lav69_d1.0_g0_t181.imec0.ap.bin' out_start_smp=117145003 inp_gap_smp=273890 out_zeros_smp=149.
[Thd 126584587379712 CPU 0 8/17/26 14:07:57.009] Gap before file 'Lav69_d1.0_g0_t184.imec0.ap.bin' out_start_smp=119098183 inp_gap_smp=27411 out_zeros_smp=149.
[Thd 126584587379712 CPU 0 8/17/26 14:08:00.594] Gap before file 'Lav69_d1.0_g0_t185.imec0.ap.bin' out_start_smp=119787729 inp_gap_smp=173268 out_zeros_smp=149.
[Thd 126584587379712 CPU 0 8/17/26 14:08:09.766] Gap before file 'Lav69_d1.0_g0_t188.imec0.ap.bin' out_start_smp=121555275 inp_gap_smp=1195899 out_zeros_smp=149.
[Thd 126584587379712 CPU 0 8/17/26 14:08:16.056] Gap before file 'Lav69_d1.0_g0_t190.imec0.ap.bin' out_start_smp=122754920 inp_gap_smp=454086 out_zeros_smp=149.
[Thd 126584587379712 CPU 0 8/17/26 14:08:25.258] Gap before file 'Lav69_d1.0_g0_t193.imec0.ap.bin' out_start_smp=124527110 inp_gap_smp=6584967 out_zeros_smp=149.
[Thd 126584587379712 CPU 0 8/17/26 14:08:28.865] Gap before file 'Lav69_d1.0_g0_t194.imec0.ap.bin' out_start_smp=125216657 inp_gap_smp=3656773 out_zeros_smp=149.
[Thd 126584587379712 CPU 0 8/17/26 14:08:32.481] Gap before file 'Lav69_d1.0_g0_t195.imec0.ap.bin' out_start_smp=125906204 inp_gap_smp=1228660 out_zeros_smp=149.
[Thd 126584587379712 CPU 0 8/17/26 14:08:42.037] Gap before file 'Lav69_d1.0_g0_t198.imec0.ap.bin' out_start_smp=127748607 inp_gap_smp=3834637 out_zeros_smp=149.
[Thd 126584587379712 CPU 0 8/17/26 14:08:45.644] Gap before file 'Lav69_d1.0_g0_t199.imec0.ap.bin' out_start_smp=128438153 inp_gap_smp=74988 out_zeros_smp=149.
[Thd 126584587379712 CPU 0 8/17/26 14:08:49.218] Done imap0: 200 of 259.
[Thd 126584587379712 CPU 0 8/17/26 14:08:55.431] Gap before file 'Lav69_d1.0_g0_t202.imec0.ap.bin' out_start_smp=130300844 inp_gap_smp=43795 out_zeros_smp=149.
[Thd 126584587379712 CPU 0 8/17/26 14:09:01.810] Gap before file 'Lav69_d1.0_g0_t204.imec0.ap.bin' out_start_smp=131525468 inp_gap_smp=253669 out_zeros_smp=149.
[Thd 126584587379712 CPU 0 8/17/26 14:09:13.676] Gap before file 'Lav69_d1.0_g0_t208.imec0.ap.bin' out_start_smp=133810901 inp_gap_smp=59409 out_zeros_smp=149.
[Thd 126584587379712 CPU 0 8/17/26 14:09:26.086] Gap before file 'Lav69_d1.0_g0_t212.imec0.ap.bin' out_start_smp=136193060 inp_gap_smp=3734011 out_zeros_smp=149.
[Thd 126584587379712 CPU 0 8/17/26 14:09:29.660] Gap before file 'Lav69_d1.0_g0_t213.imec0.ap.bin' out_start_smp=136882607 inp_gap_smp=234131 out_zeros_smp=149.
[Thd 126584587379712 CPU 0 8/17/26 14:09:33.253] Gap before file 'Lav69_d1.0_g0_t214.imec0.ap.bin' out_start_smp=137572154 inp_gap_smp=158469 out_zeros_smp=149.
[Thd 126584587379712 CPU 0 8/17/26 14:09:39.580] Gap before file 'Lav69_d1.0_g0_t216.imec0.ap.bin' out_start_smp=138784278 inp_gap_smp=43818 out_zeros_smp=149.
[Thd 126584587379712 CPU 0 8/17/26 14:09:43.162] Gap before file 'Lav69_d1.0_g0_t217.imec0.ap.bin' out_start_smp=139473825 inp_gap_smp=14159 out_zeros_smp=149.
[Thd 126584587379712 CPU 0 8/17/26 14:09:46.751] Gap before file 'Lav69_d1.0_g0_t218.imec0.ap.bin' out_start_smp=140163372 inp_gap_smp=43093927 out_zeros_smp=149.
[Thd 126584587379712 CPU 0 8/17/26 14:09:50.340] Gap before file 'Lav69_d1.0_g0_t219.imec0.ap.bin' out_start_smp=140852919 inp_gap_smp=9276782 out_zeros_smp=149.
[Thd 126584587379712 CPU 0 8/17/26 14:09:53.883] Done imap0: 220 of 259.
[Thd 126584587379712 CPU 0 8/17/26 14:09:54.014] Gap before file 'Lav69_d1.0_g0_t220.imec0.ap.bin' out_start_smp=141542465 inp_gap_smp=1920493 out_zeros_smp=149.
[Thd 126584587379712 CPU 0 8/17/26 14:09:57.610] Gap before file 'Lav69_d1.0_g0_t221.imec0.ap.bin' out_start_smp=142232011 inp_gap_smp=17561224 out_zeros_smp=149.
[Thd 126584587379712 CPU 0 8/17/26 14:10:01.212] Gap before file 'Lav69_d1.0_g0_t222.imec0.ap.bin' out_start_smp=142921558 inp_gap_smp=294135 out_zeros_smp=149.
[Thd 126584587379712 CPU 0 8/17/26 14:10:04.844] Gap before file 'Lav69_d1.0_g0_t223.imec0.ap.bin' out_start_smp=143611105 inp_gap_smp=10343796 out_zeros_smp=149.
[Thd 126584587379712 CPU 0 8/17/26 14:10:08.450] Gap before file 'Lav69_d1.0_g0_t224.imec0.ap.bin' out_start_smp=144300652 inp_gap_smp=364405 out_zeros_smp=149.
[Thd 126584587379712 CPU 0 8/17/26 14:10:22.057] Gap before file 'Lav69_d1.0_g0_t228.imec0.ap.bin' out_start_smp=146921479 inp_gap_smp=241189 out_zeros_smp=149.
[Thd 126584587379712 CPU 0 8/17/26 14:10:28.842] Gap before file 'Lav69_d1.0_g0_t230.imec0.ap.bin' out_start_smp=148203805 inp_gap_smp=550816 out_zeros_smp=149.
[Thd 126584587379712 CPU 0 8/17/26 14:10:32.433] Gap before file 'Lav69_d1.0_g0_t231.imec0.ap.bin' out_start_smp=148893352 inp_gap_smp=613976 out_zeros_smp=149.
[Thd 126584587379712 CPU 0 8/17/26 14:10:36.027] Gap before file 'Lav69_d1.0_g0_t232.imec0.ap.bin' out_start_smp=149582899 inp_gap_smp=70325 out_zeros_smp=149.
[Thd 126584587379712 CPU 0 8/17/26 14:10:39.619] Gap before file 'Lav69_d1.0_g0_t233.imec0.ap.bin' out_start_smp=150272446 inp_gap_smp=298881 out_zeros_smp=149.
[Thd 126584587379712 CPU 0 8/17/26 14:10:43.213] Gap before file 'Lav69_d1.0_g0_t234.imec0.ap.bin' out_start_smp=150961993 inp_gap_smp=1255173 out_zeros_smp=149.
[Thd 126584587379712 CPU 0 8/17/26 14:10:46.808] Gap before file 'Lav69_d1.0_g0_t235.imec0.ap.bin' out_start_smp=151651540 inp_gap_smp=30804150 out_zeros_smp=149.
[Thd 126584587379712 CPU 0 8/17/26 14:10:50.409] Gap before file 'Lav69_d1.0_g0_t236.imec0.ap.bin' out_start_smp=152341086 inp_gap_smp=2627184 out_zeros_smp=149.
[Thd 126584587379712 CPU 0 8/17/26 14:10:54.017] Gap before file 'Lav69_d1.0_g0_t237.imec0.ap.bin' out_start_smp=153030633 inp_gap_smp=2092081 out_zeros_smp=149.
[Thd 126584587379712 CPU 0 8/17/26 14:10:57.668] Gap before file 'Lav69_d1.0_g0_t238.imec0.ap.bin' out_start_smp=153720180 inp_gap_smp=2503984 out_zeros_smp=149.
[Thd 126584587379712 CPU 0 8/17/26 14:11:01.261] Gap before file 'Lav69_d1.0_g0_t239.imec0.ap.bin' out_start_smp=154409727 inp_gap_smp=375291 out_zeros_smp=149.
[Thd 126584587379712 CPU 0 8/17/26 14:11:04.728] Done imap0: 240 of 259.
[Thd 126584587379712 CPU 0 8/17/26 14:11:04.858] Gap before file 'Lav69_d1.0_g0_t240.imec0.ap.bin' out_start_smp=155099274 inp_gap_smp=521190 out_zeros_smp=149.
[Thd 126584587379712 CPU 0 8/17/26 14:11:08.455] Gap before file 'Lav69_d1.0_g0_t241.imec0.ap.bin' out_start_smp=155788820 inp_gap_smp=802718 out_zeros_smp=149.
[Thd 126584587379712 CPU 0 8/17/26 14:11:12.051] Gap before file 'Lav69_d1.0_g0_t242.imec0.ap.bin' out_start_smp=156478367 inp_gap_smp=72689 out_zeros_smp=149.
[Thd 126584587379712 CPU 0 8/17/26 14:11:15.650] Gap before file 'Lav69_d1.0_g0_t243.imec0.ap.bin' out_start_smp=157167913 inp_gap_smp=512604 out_zeros_smp=149.
[Thd 126584587379712 CPU 0 8/17/26 14:11:19.261] Gap before file 'Lav69_d1.0_g0_t244.imec0.ap.bin' out_start_smp=157857460 inp_gap_smp=247404 out_zeros_smp=149.
[Thd 126584587379712 CPU 0 8/17/26 14:11:22.857] Gap before file 'Lav69_d1.0_g0_t245.imec0.ap.bin' out_start_smp=158547006 inp_gap_smp=30017931 out_zeros_smp=149.
[Thd 126584587379712 CPU 0 8/17/26 14:11:29.377] Gap before file 'Lav69_d1.0_g0_t247.imec0.ap.bin' out_start_smp=159781739 inp_gap_smp=203695 out_zeros_smp=149.
[Thd 126584587379712 CPU 0 8/17/26 14:11:32.982] Gap before file 'Lav69_d1.0_g0_t248.imec0.ap.bin' out_start_smp=160471285 inp_gap_smp=170157 out_zeros_smp=149.
[Thd 126584587379712 CPU 0 8/17/26 14:11:36.585] Gap before file 'Lav69_d1.0_g0_t249.imec0.ap.bin' out_start_smp=161160831 inp_gap_smp=1163894 out_zeros_smp=149.
[Thd 126584587379712 CPU 0 8/17/26 14:11:43.773] Gap before file 'Lav69_d1.0_g0_t251.imec0.ap.bin' out_start_smp=162534469 inp_gap_smp=286371 out_zeros_smp=149.
[Thd 126584587379712 CPU 0 8/17/26 14:11:47.372] Gap before file 'Lav69_d1.0_g0_t252.imec0.ap.bin' out_start_smp=163224016 inp_gap_smp=144435 out_zeros_smp=149.
[Thd 126584587379712 CPU 0 8/17/26 14:11:53.792] Gap before file 'Lav69_d1.0_g0_t254.imec0.ap.bin' out_start_smp=164462677 inp_gap_smp=30562 out_zeros_smp=149.
[Thd 126584587379712 CPU 0 8/17/26 14:11:57.388] Gap before file 'Lav69_d1.0_g0_t255.imec0.ap.bin' out_start_smp=165152223 inp_gap_smp=10687792 out_zeros_smp=149.
[Thd 126584587379712 CPU 0 8/17/26 14:12:01.050] Gap before file 'Lav69_d1.0_g0_t256.imec0.ap.bin' out_start_smp=165841770 inp_gap_smp=2231705 out_zeros_smp=149.
[Thd 126584587379712 CPU 0 8/17/26 14:12:04.645] Gap before file 'Lav69_d1.0_g0_t257.imec0.ap.bin' out_start_smp=166531317 inp_gap_smp=7860287 out_zeros_smp=149.
[Thd 126584587379712 CPU 0 8/17/26 14:12:11.743] 

===== runSupercat bird=Lav69 -- 2026-08-17 14:13:05 =====
+ '[' 1 -gt 1 ']'
+ echo 'Single run — copying pass_1 output directly'
Single run — copying pass_1 output directly
+ cp -r /mnt/work0/kbsuresh/pass_1/Lav69/. /mnt/work0/kbsuresh/pass_2/Lav69/
+ echo 0
+ set +x

===== backupAndDeleteData bird=Lav69 -- 2026-08-17 14:13:06 =====
++ cat /home/kbsuresh/.aws/addr
+ aws s3 sync /mnt/work0/kbsuresh/rawData/Lav69 s3://gadagkar-lab-data-archive-071853465398-us-east-2-an/Engram-smb-locker-backup/Keshav/NpxRawRecordings/Lav69/ --storage-class DEEP_ARCHIVE --size-only --no-progress
+ set +x

===== doDredge bird=Lav69 stream=0 -- 2026-08-17 14:27:07 =====
+ python make_DredgeFiles.py --streamID 0 --badChansPath /mnt/work0/kbsuresh/pass_2/Lav69/imec0_bad_channels.json --outDir /mnt/work0/kbsuresh/pass_2/Lav69
noise_level (no parallelization):   0%|          | 0/20 [00:00<?, ?it/s]noise_level (no parallelization):   5%|▌         | 1/20 [00:00<00:04,  4.24it/s]noise_level (no parallelization):  10%|█         | 2/20 [00:00<00:03,  4.94it/s]noise_level (no parallelization):  15%|█▌        | 3/20 [00:00<00:03,  4.84it/s]noise_level (no parallelization):  20%|██        | 4/20 [00:00<00:02,  5.74it/s]noise_level (no parallelization):  25%|██▌       | 5/20 [00:00<00:02,  6.47it/s]noise_level (no parallelization):  30%|███       | 6/20 [00:01<00:02,  5.77it/s]noise_level (no parallelization):  35%|███▌      | 7/20 [00:01<00:01,  6.67it/s]noise_level (no parallelization):  40%|████      | 8/20 [00:01<00:01,  7.23it/s]noise_level (no parallelization):  50%|█████     | 10/20 [00:01<00:01,  8.85it/s]noise_level (no parallelization):  60%|██████    | 12/20 [00:01<00:00,  9.86it/s]noise_level (no parallelization):  70%|███████   | 14/20 [00:01<00:00, 10.35it/s]noise_level (no parallelization):  80%|████████  | 16/20 [00:01<00:00, 10.58it/s]noise_level (no parallelization):  90%|█████████ | 18/20 [00:02<00:00, 11.15it/s]noise_level (no parallelization): 100%|██████████| 20/20 [00:02<00:00, 11.47it/s]noise_level (no parallelization): 100%|██████████| 20/20 [00:02<00:00,  8.64it/s]
/home/kbsuresh/.conda/envs/dartsort/lib/python3.14/site-packages/spikeinterface/sortingcomponents/peak_detection/main.py:60: UserWarning: The signature of detect_peaks() has changed, now method_kwargs and job_kwargs are dinstinct params.This warning will raise an error in version 0.105.0
  warnings.warn(
ChannelSliceRecording: 382 channels - 29999.733952 Hz - 1 segments - 167,820,653 samples 
                       5,594.07s (1.55 hours) - int16 dtype - 119.41 GiB
detect peaks (locally_exclusive) (workers: 55 processes fork):   0%|          | 0/1119 [00:00<?, ?it/s]detect peaks (locally_exclusive) (workers: 55 processes fork):   0%|          | 1/1119 [00:04<1:20:11,  4.30s/it]detect peaks (locally_exclusive) (workers: 55 processes fork):   6%|▌         | 68/1119 [00:06<01:22, 12.81it/s] detect peaks (locally_exclusive) (workers: 55 processes fork):   6%|▋         | 70/1119 [00:06<01:24, 12.42it/s]detect peaks (locally_exclusive) (workers: 55 processes fork):   7%|▋         | 73/1119 [00:06<01:20, 13.02it/s]detect peaks (locally_exclusive) (workers: 55 processes fork):  12%|█▏        | 133/1119 [00:07<00:24, 40.31it/s]detect peaks (locally_exclusive) (workers: 55 processes fork):  14%|█▎        | 153/1119 [00:09<00:43, 22.12it/s]detect peaks (locally_exclusive) (workers: 55 processes fork):  15%|█▍        | 166/1119 [00:10<00:49, 19.22it/s]detect peaks (locally_exclusive) (workers: 55 processes fork):  19%|█▉        | 210/1119 [00:10<00:25, 35.02it/s]detect peaks (locally_exclusive) (workers: 55 processes fork):  20%|██        | 229/1119 [00:10<00:24, 35.88it/s]detect peaks (locally_exclusive) (workers: 55 processes fork):  22%|██▏       | 243/1119 [00:13<00:46, 18.98it/s]detect peaks (locally_exclusive) (workers: 55 processes fork):  23%|██▎       | 253/1119 [00:13<00:43, 19.89it/s]detect peaks (locally_exclusive) (workers: 55 processes fork):  24%|██▍       | 271/1119 [00:13<00:32, 26.47it/s]detect peaks (locally_exclusive) (workers: 55 processes fork):  25%|██▌       | 280/1119 [00:13<00:28, 28.95it/s]detect peaks (locally_exclusive) (workers: 55 processes fork):  26%|██▌       | 291/1119 [00:13<00:24, 34.01it/s]detect peaks (locally_exclusive) (workers: 55 processes fork):  27%|██▋       | 299/1119 [00:14<00:30, 27.27it/s]detect peaks (locally_exclusive) (workers: 55 processes fork):  27%|██▋       | 305/1119 [00:15<00:53, 15.27it/s]detect peaks (locally_exclusive) (workers: 55 processes fork):  28%|██▊       | 314/1119 [00:15<00:46, 17.38it/s]detect peaks (locally_exclusive) (workers: 55 processes fork):  28%|██▊       | 318/1119 [00:16<00:46, 17.29it/s]detect peaks (locally_exclusive) (workers: 55 processes fork):  30%|██▉       | 331/1119 [00:16<00:32, 24.02it/s]detect peaks (locally_exclusive) (workers: 55 processes fork):  30%|██▉       | 335/1119 [00:16<00:32, 23.79it/s]detect peaks (locally_exclusive) (workers: 55 processes fork):  30%|███       | 339/1119 [00:16<00:32, 23.86it/s]detect peaks (locally_exclusive) (workers: 55 processes fork):  31%|███       | 343/1119 [00:16<00:33, 23.07it/s]detect peaks (locally_exclusive) (workers: 55 processes fork):  32%|███▏      | 358/1119 [00:17<00:20, 36.86it/s]detect peaks (locally_exclusive) (workers: 55 processes fork):  32%|███▏      | 363/1119 [00:18<00:48, 15.44it/s]detect peaks (locally_exclusive) (workers: 55 processes fork):  33%|███▎      | 367/1119 [00:18<00:48, 15.65it/s]detect peaks (locally_exclusive) (workers: 55 processes fork):  33%|███▎      | 373/1119 [00:18<00:45, 16.36it/s]detect peaks (locally_exclusive) (workers: 55 processes fork):  34%|███▍      | 380/1119 [00:19<00:41, 17.77it/s]detect peaks (locally_exclusive) (workers: 55 processes fork):  34%|███▍      | 384/1119 [00:19<00:45, 16.24it/s]detect peaks (locally_exclusive) (workers: 55 processes fork):  36%|███▌      | 405/1119 [00:19<00:22, 31.73it/s]detect peaks (locally_exclusive) (workers: 55 processes fork):  37%|███▋      | 416/1119 [00:20<00:30, 23.35it/s]detect peaks (locally_exclusive) (workers: 55 processes fork):  38%|███▊      | 420/1119 [00:20<00:30, 22.61it/s]detect peaks (locally_exclusive) (workers: 55 processes fork):  38%|███▊      | 423/1119 [00:20<00:33, 21.01it/s]detect peaks (locally_exclusive) (workers: 55 processes fork):  38%|███▊      | 426/1119 [00:21<00:45, 15.24it/s]detect peaks (locally_exclusive) (workers: 55 processes fork):  39%|███▉      | 439/1119 [00:21<00:27, 24.43it/s]detect peaks (locally_exclusive) (workers: 55 processes fork):  41%|████      | 454/1119 [00:21<00:18, 36.72it/s]detect peaks (locally_exclusive) (workers: 55 processes fork):  41%|████      | 461/1119 [00:21<00:18, 35.27it/s]detect peaks (locally_exclusive) (workers: 55 processes fork):  42%|████▏     | 466/1119 [00:22<00:18, 35.74it/s]detect peaks (locally_exclusive) (workers: 55 processes fork):  42%|████▏     | 475/1119 [00:22<00:18, 35.30it/s]detect peaks (locally_exclusive) (workers: 55 processes fork):  43%|████▎     | 480/1119 [00:22<00:29, 21.95it/s]detect peaks (locally_exclusive) (workers: 55 processes fork):  43%|████▎     | 484/1119 [00:23<00:37, 16.74it/s]detect peaks (locally_exclusive) (workers: 55 processes fork):  44%|████▎     | 489/1119 [00:23<00:33, 18.73it/s]detect peaks (locally_exclusive) (workers: 55 processes fork):  44%|████▍     | 496/1119 [00:23<00:26, 23.88it/s]detect peaks (locally_exclusive) (workers: 55 processes fork):  45%|████▍     | 500/1119 [00:23<00:26, 22.96it/s]detect peaks (locally_exclusive) (workers: 55 processes fork):  45%|████▍     | 503/1119 [00:24<00:26, 23.46it/s]detect peaks (locally_exclusive) (workers: 55 processes fork):  45%|████▌     | 508/1119 [00:24<00:23, 25.74it/s]detect peaks (locally_exclusive) (workers: 55 processes fork):  46%|████▌     | 515/1119 [00:24<00:21, 28.46it/s]detect peaks (locally_exclusive) (workers: 55 processes fork):  48%|████▊     | 533/1119 [00:24<00:12, 48.53it/s]detect peaks (locally_exclusive) (workers: 55 processes fork):  48%|████▊     | 539/1119 [00:24<00:18, 31.56it/s]detect peaks (locally_exclusive) (workers: 55 processes fork):  49%|████▊     | 543/1119 [00:25<00:19, 28.87it/s]detect peaks (locally_exclusive) (workers: 55 processes fork):  49%|████▉     | 547/1119 [00:25<00:30, 18.52it/s]detect peaks (locally_exclusive) (workers: 55 processes fork):  50%|████▉     | 554/1119 [00:26<00:33, 16.66it/s]detect peaks (locally_exclusive) (workers: 55 processes fork):  50%|████▉     | 557/1119 [00:26<00:32, 17.51it/s]detect peaks (locally_exclusive) (workers: 55 processes fork):  50%|█████     | 560/1119 [00:26<00:31, 18.00it/s]detect peaks (locally_exclusive) (workers: 55 processes fork):  50%|█████     | 565/1119 [00:26<00:31, 17.59it/s]detect peaks (locally_exclusive) (workers: 55 processes fork):  51%|█████▏    | 575/1119 [00:27<00:21, 25.25it/s]detect peaks (locally_exclusive) (workers: 55 processes fork):  53%|█████▎    | 591/1119 [00:27<00:19, 27.66it/s]detect peaks (locally_exclusive) (workers: 55 processes fork):  54%|█████▎    | 600/1119 [00:27<00:17, 30.50it/s]detect peaks (locally_exclusive) (workers: 55 processes fork):  54%|█████▍    | 604/1119 [00:28<00:25, 20.49it/s]detect peaks (locally_exclusive) (workers: 55 processes fork):  54%|█████▍    | 607/1119 [00:28<00:23, 21.44it/s]detect peaks (locally_exclusive) (workers: 55 processes fork):  55%|█████▍    | 612/1119 [00:28<00:23, 21.32it/s]detect peaks (locally_exclusive) (workers: 55 processes fork):  55%|█████▌    | 619/1119 [00:28<00:24, 20.82it/s]detect peaks (locally_exclusive) (workers: 55 processes fork):  56%|█████▌    | 627/1119 [00:29<00:25, 18.95it/s]detect peaks (locally_exclusive) (workers: 55 processes fork):  57%|█████▋    | 641/1119 [00:29<00:16, 29.23it/s]detect peaks (locally_exclusive) (workers: 55 processes fork):  58%|█████▊    | 645/1119 [00:29<00:17, 26.49it/s]detect peaks (locally_exclusive) (workers: 55 processes fork):  58%|█████▊    | 649/1119 [00:30<00:19, 23.74it/s]detect peaks (locally_exclusive) (workers: 55 processes fork):  59%|█████▊    | 657/1119 [00:30<00:15, 30.79it/s]detect peaks (locally_exclusive) (workers: 55 processes fork):  59%|█████▉    | 661/1119 [00:31<00:38, 12.02it/s]detect peaks (locally_exclusive) (workers: 55 processes fork):  60%|█████▉    | 669/1119 [00:31<00:27, 16.32it/s]detect peaks (locally_exclusive) (workers: 55 processes fork):  61%|██████    | 682/1119 [00:31<00:20, 21.28it/s]detect peaks (locally_exclusive) (workers: 55 processes fork):  63%|██████▎   | 706/1119 [00:32<00:11, 34.67it/s]detect peaks (locally_exclusive) (workers: 55 processes fork):  64%|██████▍   | 715/1119 [00:32<00:14, 27.33it/s]detect peaks (locally_exclusive) (workers: 55 processes fork):  64%|██████▍   | 719/1119 [00:33<00:15, 25.26it/s]detect peaks (locally_exclusive) (workers: 55 processes fork):  65%|██████▍   | 724/1119 [00:33<00:14, 27.45it/s]detect peaks (locally_exclusive) (workers: 55 processes fork):  65%|██████▌   | 728/1119 [00:33<00:17, 22.21it/s]detect peaks (locally_exclusive) (workers: 55 processes fork):  65%|██████▌   | 731/1119 [00:33<00:17, 21.87it/s]detect peaks (locally_exclusive) (workers: 55 processes fork):  66%|██████▌   | 737/1119 [00:33<00:14, 26.24it/s]detect peaks (locally_exclusive) (workers: 55 processes fork):  66%|██████▌   | 741/1119 [00:34<00:15, 24.57it/s]detect peaks (locally_exclusive) (workers: 55 processes fork):  67%|██████▋   | 752/1119 [00:34<00:10, 35.47it/s]detect peaks (locally_exclusive) (workers: 55 processes fork):  68%|██████▊   | 763/1119 [00:34<00:08, 40.43it/s]detect peaks (locally_exclusive) (workers: 55 processes fork):  69%|██████▉   | 774/1119 [00:34<00:07, 47.02it/s]detect peaks (locally_exclusive) (workers: 55 processes fork):  70%|██████▉   | 780/1119 [00:34<00:10, 31.63it/s]detect peaks (locally_exclusive) (workers: 55 processes fork):  70%|███████   | 784/1119 [00:35<00:14, 23.09it/s]detect peaks (locally_exclusive) (workers: 55 processes fork):  70%|███████   | 788/1119 [00:35<00:14, 22.61it/s]detect peaks (locally_exclusive) (workers: 55 processes fork):  71%|███████▏  | 799/1119 [00:35<00:11, 28.42it/s]detect peaks (locally_exclusive) (workers: 55 processes fork):  72%|███████▏  | 803/1119 [00:35<00:11, 28.27it/s]detect peaks (locally_exclusive) (workers: 55 processes fork):  72%|███████▏  | 809/1119 [00:36<00:11, 27.36it/s]detect peaks (locally_exclusive) (workers: 55 processes fork):  73%|███████▎  | 817/1119 [00:36<00:09, 32.53it/s]detect peaks (locally_exclusive) (workers: 55 processes fork):  74%|███████▍  | 827/1119 [00:37<00:12, 22.94it/s]detect peaks (locally_exclusive) (workers: 55 processes fork):  75%|███████▍  | 837/1119 [00:37<00:09, 30.58it/s]detect peaks (locally_exclusive) (workers: 55 processes fork):  75%|███████▌  | 844/1119 [00:37<00:10, 25.58it/s]detect peaks (locally_exclusive) (workers: 55 processes fork):  76%|███████▌  | 850/1119 [00:37<00:09, 29.07it/s]detect peaks (locally_exclusive) (workers: 55 processes fork):  76%|███████▋  | 855/1119 [00:37<00:10, 26.23it/s]detect peaks (locally_exclusive) (workers: 55 processes fork):  78%|███████▊  | 869/1119 [00:38<00:08, 30.53it/s]detect peaks (locally_exclusive) (workers: 55 processes fork):  78%|███████▊  | 875/1119 [00:38<00:07, 31.17it/s]detect peaks (locally_exclusive) (workers: 55 processes fork):  79%|███████▉  | 887/1119 [00:38<00:07, 30.63it/s]detect peaks (locally_exclusive) (workers: 55 processes fork):  80%|███████▉  | 894/1119 [00:39<00:10, 21.39it/s]detect peaks (locally_exclusive) (workers: 55 processes fork):  81%|████████  | 903/1119 [00:40<00:10, 19.73it/s]detect peaks (locally_exclusive) (workers: 55 processes fork):  83%|████████▎ | 925/1119 [00:40<00:06, 31.51it/s]detect peaks (locally_exclusive) (workers: 55 processes fork):  83%|████████▎ | 929/1119 [00:40<00:06, 29.90it/s]detect peaks (locally_exclusive) (workers: 55 processes fork):  84%|████████▍ | 941/1119 [00:40<00:05, 33.41it/s]detect peaks (locally_exclusive) (workers: 55 processes fork):  85%|████████▍ | 950/1119 [00:41<00:05, 28.22it/s]detect peaks (locally_exclusive) (workers: 55 processes fork):  85%|████████▌ | 954/1119 [00:41<00:08, 19.99it/s]detect peaks (locally_exclusive) (workers: 55 processes fork):  86%|████████▌ | 958/1119 [00:41<00:07, 21.73it/s]detect peaks (locally_exclusive) (workers: 55 processes fork):  86%|████████▌ | 961/1119 [00:42<00:07, 20.61it/s]detect peaks (locally_exclusive) (workers: 55 processes fork):  87%|████████▋ | 968/1119 [00:42<00:06, 22.70it/s]detect peaks (locally_exclusive) (workers: 55 processes fork):  87%|████████▋ | 978/1119 [00:42<00:04, 28.64it/s]detect peaks (locally_exclusive) (workers: 55 processes fork):  88%|████████▊ | 983/1119 [00:42<00:05, 26.31it/s]detect peaks (locally_exclusive) (workers: 55 processes fork):  89%|████████▉ | 995/1119 [00:42<00:03, 37.83it/s]detect peaks (locally_exclusive) (workers: 55 processes fork):  90%|████████▉ | 1003/1119 [00:43<00:02, 41.18it/s]detect peaks (locally_exclusive) (workers: 55 processes fork):  90%|█████████ | 1008/1119 [00:43<00:03, 32.42it/s]detect peaks (locally_exclusive) (workers: 55 processes fork):  91%|█████████ | 1014/1119 [00:43<00:03, 28.18it/s]detect peaks (locally_exclusive) (workers: 55 processes fork):  91%|█████████ | 1018/1119 [00:44<00:04, 20.84it/s]detect peaks (locally_exclusive) (workers: 55 processes fork):  93%|█████████▎| 1037/1119 [00:44<00:02, 27.47it/s]detect peaks (locally_exclusive) (workers: 55 processes fork):  93%|█████████▎| 1042/1119 [00:44<00:02, 28.38it/s]detect peaks (locally_exclusive) (workers: 55 processes fork):  94%|█████████▎| 1049/1119 [00:44<00:02, 29.78it/s]detect peaks (locally_exclusive) (workers: 55 processes fork):  94%|█████████▍| 1053/1119 [00:45<00:02, 22.64it/s]detect peaks (locally_exclusive) (workers: 55 processes fork):  95%|█████████▍| 1058/1119 [00:45<00:02, 22.38it/s]detect peaks (locally_exclusive) (workers: 55 processes fork):  95%|█████████▌| 1068/1119 [00:46<00:02, 21.18it/s]detect peaks (locally_exclusive) (workers: 55 processes fork):  99%|█████████▊| 1105/1119 [00:46<00:00, 57.76it/s]detect peaks (locally_exclusive) (workers: 55 processes fork): 100%|██████████| 1119/1119 [00:46<00:00, 51.57it/s]detect peaks (locally_exclusive) (workers: 55 processes fork): 100%|██████████| 1119/1119 [00:46<00:00, 24.05it/s]
/home/kbsuresh/.conda/envs/dartsort/lib/python3.14/site-packages/spikeinterface/sortingcomponents/peak_localization/main.py:116: UserWarning: The signature of localize_peaks() has changed, now method_kwargs and job_kwargs are dinstinct params.This warning will raise an error in version 0.105.0
  warnings.warn(
localize peaks (monopolar_triangulation) (workers: 55 processes fork):   0%|          | 0/1119 [00:00<?, ?it/s]localize peaks (monopolar_triangulation) (workers: 55 processes fork):   0%|          | 1/1119 [00:31<9:43:23, 31.31s/it]localize peaks (monopolar_triangulation) (workers: 55 processes fork):   0%|          | 2/1119 [00:32<4:07:54, 13.32s/it]localize peaks (monopolar_triangulation) (workers: 55 processes fork):   0%|          | 3/1119 [00:36<2:51:54,  9.24s/it]localize peaks (monopolar_triangulation) (workers: 55 processes fork):   0%|          | 4/1119 [00:36<1:45:00,  5.65s/it]localize peaks (monopolar_triangulation) (workers: 55 processes fork):   1%|          | 6/1119 [00:41<1:14:05,  3.99s/it]localize peaks (monopolar_triangulation) (workers: 55 processes fork):   1%|          | 7/1119 [00:47<1:25:05,  4.59s/it]localize peaks (monopolar_triangulation) (workers: 55 processes fork):   1%|          | 13/1119 [00:49<28:25,  1.54s/it] localize peaks (monopolar_triangulation) (workers: 55 processes fork):   1%|▏         | 14/1119 [00:49<25:51,  1.40s/it]localize peaks (monopolar_triangulation) (workers: 55 processes fork):   2%|▏         | 17/1119 [00:51<18:48,  1.02s/it]localize peaks (monopolar_triangulation) (workers: 55 processes fork):   3%|▎         | 29/1119 [00:52<07:20,  2.47it/s]localize peaks (monopolar_triangulation) (workers: 55 processes fork):   3%|▎         | 38/1119 [00:52<04:27,  4.05it/s]localize peaks (monopolar_triangulation) (workers: 55 processes fork):   3%|▎         | 38/1119 [01:07<04:27,  4.05it/s]localize peaks (monopolar_triangulation) (workers: 55 processes fork):   5%|▌         | 56/1119 [01:08<10:13,  1.73it/s]localize peaks (monopolar_triangulation) (workers: 55 processes fork):   5%|▌         | 60/1119 [01:13<12:30,  1.41it/s]localize peaks (monopolar_triangulation) (workers: 55 processes fork):   6%|▌         | 64/1119 [01:21<15:52,  1.11it/s]localize peaks (monopolar_triangulation) (workers: 55 processes fork):   6%|▋         | 71/1119 [01:21<11:25,  1.53it/s]localize peaks (monopolar_triangulation) (workers: 55 processes fork):   7%|▋         | 74/1119 [01:25<12:34,  1.39it/s]localize peaks (monopolar_triangulation) (workers: 55 processes fork):   7%|▋         | 78/1119 [01:27<11:37,  1.49it/s]localize peaks (monopolar_triangulation) (workers: 55 processes fork):   8%|▊         | 90/1119 [01:31<09:16,  1.85it/s]localize peaks (monopolar_triangulation) (workers: 55 processes fork):   8%|▊         | 92/1119 [01:33<09:43,  1.76it/s]localize peaks (monopolar_triangulation) (workers: 55 processes fork):   9%|▉         | 101/1119 [01:33<06:01,  2.81it/s]localize peaks (monopolar_triangulation) (workers: 55 processes fork):  10%|▉         | 107/1119 [01:35<05:25,  3.11it/s]localize peaks (monopolar_triangulation) (workers: 55 processes fork):  10%|▉         | 108/1119 [01:38<08:17,  2.03it/s]localize peaks (monopolar_triangulation) (workers: 55 processes fork):  10%|█         | 112/1119 [01:44<12:34,  1.33it/s]localize peaks (monopolar_triangulation) (workers: 55 processes fork):  10%|█         | 113/1119 [01:47<16:17,  1.03it/s]localize peaks (monopolar_triangulation) (workers: 55 processes fork):  11%|█         | 118/1119 [01:48<11:19,  1.47it/s]localize peaks (monopolar_triangulation) (workers: 55 processes fork):  11%|█         | 119/1119 [01:49<12:14,  1.36it/s]localize peaks (monopolar_triangulation) (workers: 55 processes fork):  11%|█         | 121/1119 [01:53<15:54,  1.05it/s]localize peaks (monopolar_triangulation) (workers: 55 processes fork):  12%|█▏        | 134/1119 [01:53<05:33,  2.95it/s]localize peaks (monopolar_triangulation) (workers: 55 processes fork):  12%|█▏        | 136/1119 [01:54<05:28,  2.99it/s]localize peaks (monopolar_triangulation) (workers: 55 processes fork):  12%|█▏        | 137/1119 [02:05<20:29,  1.25s/it]localize peaks (monopolar_triangulation) (workers: 55 processes fork):  13%|█▎        | 144/1119 [02:06<12:20,  1.32it/s]localize peaks (monopolar_triangulation) (workers: 55 processes fork):  13%|█▎        | 149/1119 [02:11<12:40,  1.28it/s]localize peaks (monopolar_triangulation) (workers: 55 processes fork):  13%|█▎        | 151/1119 [02:13<13:35,  1.19it/s]localize peaks (monopolar_triangulation) (workers: 55 processes fork):  14%|█▍        | 154/1119 [02:15<12:28,  1.29it/s]localize peaks (monopolar_triangulation) (workers: 55 processes fork):  14%|█▍        | 156/1119 [02:15<10:47,  1.49it/s]localize peaks (monopolar_triangulation) (workers: 55 processes fork):  15%|█▍        | 165/1119 [02:16<05:07,  3.10it/s]localize peaks (monopolar_triangulation) (workers: 55 processes fork):  15%|█▍        | 167/1119 [02:18<07:13,  2.20it/s]localize peaks (monopolar_triangulation) (workers: 55 processes fork):  16%|█▌        | 174/1119 [02:24<09:52,  1.60it/s]localize peaks (monopolar_triangulation) (workers: 55 processes fork):  16%|█▌        | 178/1119 [02:28<10:56,  1.43it/s]localize peaks (monopolar_triangulation) (workers: 55 processes fork):  16%|█▌        | 180/1119 [02:28<09:30,  1.65it/s]localize peaks (monopolar_triangulation) (workers: 55 processes fork):  16%|█▌        | 181/1119 [02:29<10:34,  1.48it/s]localize peaks (monopolar_triangulation) (workers: 55 processes fork):  16%|█▋        | 183/1119 [02:35<19:01,  1.22s/it]localize peaks (monopolar_triangulation) (workers: 55 processes fork):  17%|█▋        | 185/1119 [02:38<19:35,  1.26s/it]localize peaks (monopolar_triangulation) (workers: 55 processes fork):  18%|█▊        | 200/1119 [02:44<09:39,  1.58it/s]localize peaks (monopolar_triangulation) (workers: 55 processes fork):  18%|█▊        | 205/1119 [02:50<11:50,  1.29it/s]localize peaks (monopolar_triangulation) (workers: 55 processes fork):  19%|█▉        | 212/1119 [02:50<08:05,  1.87it/s]localize peaks (monopolar_triangulation) (workers: 55 processes fork):  19%|█▉        | 214/1119 [02:53<09:21,  1.61it/s]localize peaks (monopolar_triangulation) (workers: 55 processes fork):  19%|█▉        | 217/1119 [02:55<09:48,  1.53it/s]localize peaks (monopolar_triangulation) (workers: 55 processes fork):  20%|█▉        | 220/1119 [02:58<10:41,  1.40it/s]localize peaks (monopolar_triangulation) (workers: 55 processes fork):  20%|██        | 228/1119 [03:03<09:49,  1.51it/s]localize peaks (monopolar_triangulation) (workers: 55 processes fork):  21%|██        | 234/1119 [03:04<07:33,  1.95it/s]localize peaks (monopolar_triangulation) (workers: 55 processes fork):  21%|██        | 237/1119 [03:06<07:54,  1.86it/s]localize peaks (monopolar_triangulation) (workers: 55 processes fork):  22%|██▏       | 246/1119 [03:07<05:18,  2.74it/s]localize peaks (monopolar_triangulation) (workers: 55 processes fork):  22%|██▏       | 248/1119 [03:11<08:11,  1.77it/s]localize peaks (monopolar_triangulation) (workers: 55 processes fork):  23%|██▎       | 252/1119 [03:14<08:30,  1.70it/s]localize peaks (monopolar_triangulation) (workers: 55 processes fork):  23%|██▎       | 253/1119 [03:15<09:06,  1.59it/s]localize peaks (monopolar_triangulation) (workers: 55 processes fork):  23%|██▎       | 255/1119 [03:19<13:40,  1.05it/s]localize peaks (monopolar_triangulation) (workers: 55 processes fork):  23%|██▎       | 259/1119 [03:20<09:06,  1.57it/s]localize peaks (monopolar_triangulation) (workers: 55 processes fork):  23%|██▎       | 260/1119 [03:20<08:33,  1.67it/s]localize peaks (monopolar_triangulation) (workers: 55 processes fork):  23%|██▎       | 261/1119 [03:23<12:33,  1.14it/s]localize peaks (monopolar_triangulation) (workers: 55 processes fork):  24%|██▎       | 264/1119 [03:26<14:29,  1.02s/it]localize peaks (monopolar_triangulation) (workers: 55 processes fork):  24%|██▍       | 268/1119 [03:31<15:19,  1.08s/it]localize peaks (monopolar_triangulation) (workers: 55 processes fork):  24%|██▍       | 273/1119 [03:40<19:09,  1.36s/it]localize peaks (monopolar_triangulation) (workers: 55 processes fork):  27%|██▋       | 298/1119 [03:41<05:10,  2.64it/s]localize peaks (monopolar_triangulation) (workers: 55 processes fork):  27%|██▋       | 300/1119 [03:43<05:35,  2.44it/s]localize peaks (monopolar_triangulation) (workers: 55 processes fork):  27%|██▋       | 301/1119 [03:44<06:11,  2.20it/s]localize peaks (monopolar_triangulation) (workers: 55 processes fork):  27%|██▋       | 304/1119 [03:52<11:55,  1.14it/s]localize peaks (monopolar_triangulation) (workers: 55 processes fork):  28%|██▊       | 314/1119 [03:56<08:43,  1.54it/s]localize peaks (monopolar_triangulation) (workers: 55 processes fork):  28%|██▊       | 317/1119 [04:05<13:54,  1.04s/it]localize peaks (monopolar_triangulation) (workers: 55 processes fork):  29%|██▉       | 324/1119 [04:09<11:44,  1.13it/s]localize peaks (monopolar_triangulation) (workers: 55 processes fork):  29%|██▉       | 327/1119 [04:13<12:52,  1.02it/s]localize peaks (monopolar_triangulation) (workers: 55 processes fork):  29%|██▉       | 329/1119 [04:15<12:52,  1.02it/s]localize peaks (monopolar_triangulation) (workers: 55 processes fork):  30%|██▉       | 331/1119 [04:16<10:51,  1.21it/s]localize peaks (monopolar_triangulation) (workers: 55 processes fork):  30%|███       | 339/1119 [04:19<07:59,  1.63it/s]localize peaks (monopolar_triangulation) (workers: 55 processes fork):  31%|███       | 346/1119 [04:24<08:19,  1.55it/s]localize peaks (monopolar_triangulation) (workers: 55 processes fork):  31%|███       | 347/1119 [04:24<08:26,  1.52it/s]localize peaks (monopolar_triangulation) (workers: 55 processes fork):  31%|███▏      | 351/1119 [04:29<09:52,  1.30it/s]localize peaks (monopolar_triangulation) (workers: 55 processes fork):  32%|███▏      | 362/1119 [04:30<05:30,  2.29it/s]localize peaks (monopolar_triangulation) (workers: 55 processes fork):  33%|███▎      | 368/1119 [04:39<09:29,  1.32it/s]localize peaks (monopolar_triangulation) (workers: 55 processes fork):  33%|███▎      | 372/1119 [04:43<10:00,  1.24it/s]localize peaks (monopolar_triangulation) (workers: 55 processes fork):  34%|███▎      | 376/1119 [04:47<10:24,  1.19it/s]localize peaks (monopolar_triangulation) (workers: 55 processes fork):  34%|███▍      | 380/1119 [04:49<09:30,  1.29it/s]localize peaks (monopolar_triangulation) (workers: 55 processes fork):  34%|███▍      | 385/1119 [04:51<08:00,  1.53it/s]localize peaks (monopolar_triangulation) (workers: 55 processes fork):  35%|███▍      | 388/1119 [04:52<07:09,  1.70it/s]localize peaks (monopolar_triangulation) (workers: 55 processes fork):  35%|███▍      | 391/1119 [04:56<08:40,  1.40it/s]localize peaks (monopolar_triangulation) (workers: 55 processes fork):  35%|███▌      | 393/1119 [04:58<08:59,  1.35it/s]localize peaks (monopolar_triangulation) (workers: 55 processes fork):  35%|███▌      | 396/1119 [05:00<08:57,  1.35it/s]localize peaks (monopolar_triangulation) (workers: 55 processes fork):  35%|███▌      | 397/1119 [05:00<08:32,  1.41it/s]localize peaks (monopolar_triangulation) (workers: 55 processes fork):  36%|███▌      | 404/1119 [05:07<10:17,  1.16it/s]localize peaks (monopolar_triangulation) (workers: 55 processes fork):  36%|███▋      | 408/1119 [05:10<09:18,  1.27it/s]localize peaks (monopolar_triangulation) (workers: 55 processes fork):  37%|███▋      | 411/1119 [05:11<08:01,  1.47it/s]localize peaks (monopolar_triangulation) (workers: 55 processes fork):  37%|███▋      | 415/1119 [05:11<06:00,  1.95it/s]localize peaks (monopolar_triangulation) (workers: 55 processes fork):  38%|███▊      | 421/1119 [05:13<04:46,  2.44it/s]localize peaks (monopolar_triangulation) (workers: 55 processes fork):  38%|███▊      | 423/1119 [05:19<09:57,  1.17it/s]localize peaks (monopolar_triangulation) (workers: 55 processes fork):  39%|███▊      | 431/1119 [05:25<09:02,  1.27it/s]localize peaks (monopolar_triangulation) (workers: 55 processes fork):  39%|███▊      | 432/1119 [05:29<11:54,  1.04s/it]localize peaks (monopolar_triangulation) (workers: 55 processes fork):  39%|███▉      | 436/1119 [05:33<11:45,  1.03s/it]localize peaks (monopolar_triangulation) (workers: 55 processes fork):  39%|███▉      | 440/1119 [05:34<09:11,  1.23it/s]localize peaks (monopolar_triangulation) (workers: 55 processes fork):  40%|███▉      | 443/1119 [05:39<11:08,  1.01it/s]localize peaks (monopolar_triangulation) (workers: 55 processes fork):  41%|████      | 458/1119 [05:41<05:07,  2.15it/s]localize peaks (monopolar_triangulation) (workers: 55 processes fork):  41%|████▏     | 462/1119 [05:45<05:56,  1.84it/s]localize peaks (monopolar_triangulation) (workers: 55 processes fork):  41%|████▏     | 463/1119 [05:48<07:35,  1.44it/s]localize peaks (monopolar_triangulation) (workers: 55 processes fork):  42%|████▏     | 465/1119 [05:48<06:30,  1.67it/s]localize peaks (monopolar_triangulation) (workers: 55 processes fork):  42%|████▏     | 473/1119 [05:51<05:11,  2.07it/s]localize peaks (monopolar_triangulation) (workers: 55 processes fork):  42%|████▏     | 474/1119 [05:52<05:50,  1.84it/s]localize peaks (monopolar_triangulation) (workers: 55 processes fork):  43%|████▎     | 476/1119 [05:52<04:56,  2.17it/s]localize peaks (monopolar_triangulation) (workers: 55 processes fork):  43%|████▎     | 481/1119 [05:53<03:21,  3.17it/s]localize peaks (monopolar_triangulation) (workers: 55 processes fork):  43%|████▎     | 482/1119 [06:00<11:16,  1.06s/it]localize peaks (monopolar_triangulation) (workers: 55 processes fork):  43%|████▎     | 486/1119 [06:03<09:30,  1.11it/s]localize peaks (monopolar_triangulation) (workers: 55 processes fork):  44%|████▍     | 493/1119 [06:06<06:56,  1.50it/s]localize peaks (monopolar_triangulation) (workers: 55 processes fork):  44%|████▍     | 494/1119 [06:11<10:52,  1.04s/it]localize peaks (monopolar_triangulation) (workers: 55 processes fork):  44%|████▍     | 495/1119 [06:14<14:04,  1.35s/it]localize peaks (monopolar_triangulation) (workers: 55 processes fork):  45%|████▍     | 503/1119 [06:19<09:19,  1.10it/s]localize peaks (monopolar_triangulation) (workers: 55 processes fork):  45%|████▌     | 505/1119 [06:22<10:49,  1.06s/it]localize peaks (monopolar_triangulation) (workers: 55 processes fork):  46%|████▌     | 516/1119 [06:25<05:44,  1.75it/s]localize peaks (monopolar_triangulation) (workers: 55 processes fork):  46%|████▌     | 517/1119 [06:29<08:32,  1.18it/s]localize peaks (monopolar_triangulation) (workers: 55 processes fork):  47%|████▋     | 523/1119 [06:31<06:37,  1.50it/s]localize peaks (monopolar_triangulation) (workers: 55 processes fork):  47%|████▋     | 526/1119 [06:35<07:39,  1.29it/s]localize peaks (monopolar_triangulation) (workers: 55 processes fork):  48%|████▊     | 536/1119 [06:36<04:19,  2.24it/s]localize peaks (monopolar_triangulation) (workers: 55 processes fork):  48%|████▊     | 539/1119 [06:39<04:53,  1.97it/s]localize peaks (monopolar_triangulation) (workers: 55 processes fork):  48%|████▊     | 541/1119 [06:42<06:40,  1.44it/s]localize peaks (monopolar_triangulation) (workers: 55 processes fork):  50%|████▉     | 554/1119 [06:45<03:49,  2.46it/s]localize peaks (monopolar_triangulation) (workers: 55 processes fork):  50%|████▉     | 557/1119 [06:48<04:51,  1.93it/s]localize peaks (monopolar_triangulation) (workers: 55 processes fork):  50%|█████     | 560/1119 [06:54<07:29,  1.24it/s]localize peaks (monopolar_triangulation) (workers: 55 processes fork):  51%|█████     | 566/1119 [06:57<06:21,  1.45it/s]localize peaks (monopolar_triangulation) (workers: 55 processes fork):  52%|█████▏    | 579/1119 [07:06<06:08,  1.46it/s]localize peaks (monopolar_triangulation) (workers: 55 processes fork):  52%|█████▏    | 582/1119 [07:08<06:18,  1.42it/s]localize peaks (monopolar_triangulation) (workers: 55 processes fork):  53%|█████▎    | 588/1119 [07:13<06:39,  1.33it/s]localize peaks (monopolar_triangulation) (workers: 55 processes fork):  53%|█████▎    | 595/1119 [07:19<06:44,  1.29it/s]localize peaks (monopolar_triangulation) (workers: 55 processes fork):  54%|█████▎    | 601/1119 [07:23<06:28,  1.33it/s]localize peaks (monopolar_triangulation) (workers: 55 processes fork):  54%|█████▍    | 606/1119 [07:25<05:38,  1.52it/s]localize peaks (monopolar_triangulation) (workers: 55 processes fork):  55%|█████▍    | 610/1119 [07:26<04:47,  1.77it/s]localize peaks (monopolar_triangulation) (workers: 55 processes fork):  55%|█████▌    | 619/1119 [07:29<03:47,  2.20it/s]localize peaks (monopolar_triangulation) (workers: 55 processes fork):  56%|█████▌    | 626/1119 [07:33<04:12,  1.95it/s]localize peaks (monopolar_triangulation) (workers: 55 processes fork):  56%|█████▋    | 632/1119 [07:35<03:43,  2.18it/s]localize peaks (monopolar_triangulation) (workers: 55 processes fork):  57%|█████▋    | 634/1119 [07:40<05:17,  1.53it/s]localize peaks (monopolar_triangulation) (workers: 55 processes fork):  58%|█████▊    | 644/1119 [07:43<04:08,  1.91it/s]localize peaks (monopolar_triangulation) (workers: 55 processes fork):  58%|█████▊    | 647/1119 [07:50<06:23,  1.23it/s]localize peaks (monopolar_triangulation) (workers: 55 processes fork):  59%|█████▊    | 655/1119 [07:54<05:10,  1.50it/s]localize peaks (monopolar_triangulation) (workers: 55 processes fork):  59%|█████▊    | 657/1119 [07:57<06:14,  1.23it/s]localize peaks (monopolar_triangulation) (workers: 55 processes fork):  59%|█████▉    | 663/1119 [08:01<05:32,  1.37it/s]localize peaks (monopolar_triangulation) (workers: 55 processes fork):  60%|█████▉    | 666/1119 [08:02<04:48,  1.57it/s]localize peaks (monopolar_triangulation) (workers: 55 processes fork):  60%|█████▉    | 669/1119 [08:02<03:53,  1.93it/s]localize peaks (monopolar_triangulation) (workers: 55 processes fork):  60%|██████    | 672/1119 [08:03<03:46,  1.97it/s]localize peaks (monopolar_triangulation) (workers: 55 processes fork):  60%|██████    | 673/1119 [08:07<05:58,  1.24it/s]localize peaks (monopolar_triangulation) (workers: 55 processes fork):  61%|██████    | 678/1119 [08:08<04:32,  1.62it/s]localize peaks (monopolar_triangulation) (workers: 55 processes fork):  61%|██████    | 684/1119 [08:10<03:09,  2.30it/s]localize peaks (monopolar_triangulation) (workers: 55 processes fork):  61%|██████▏   | 687/1119 [08:14<05:07,  1.40it/s]localize peaks (monopolar_triangulation) (workers: 55 processes fork):  62%|██████▏   | 690/1119 [08:17<05:06,  1.40it/s]localize peaks (monopolar_triangulation) (workers: 55 processes fork):  62%|██████▏   | 695/1119 [08:19<04:19,  1.63it/s]localize peaks (monopolar_triangulation) (workers: 55 processes fork):  63%|██████▎   | 700/1119 [08:21<03:57,  1.77it/s]localize peaks (monopolar_triangulation) (workers: 55 processes fork):  63%|██████▎   | 705/1119 [08:24<03:40,  1.88it/s]localize peaks (monopolar_triangulation) (workers: 55 processes fork):  63%|██████▎   | 707/1119 [08:27<04:45,  1.44it/s]localize peaks (monopolar_triangulation) (workers: 55 processes fork):  64%|██████▍   | 714/1119 [08:28<03:18,  2.04it/s]localize peaks (monopolar_triangulation) (workers: 55 processes fork):  64%|██████▍   | 716/1119 [08:30<03:26,  1.95it/s]localize peaks (monopolar_triangulation) (workers: 55 processes fork):  64%|██████▍   | 717/1119 [08:33<05:33,  1.21it/s]localize peaks (monopolar_triangulation) (workers: 55 processes fork):  65%|██████▍   | 724/1119 [08:34<02:56,  2.23it/s]localize peaks (monopolar_triangulation) (workers: 55 processes fork):  65%|██████▍   | 725/1119 [08:39<05:54,  1.11it/s]localize peaks (monopolar_triangulation) (workers: 55 processes fork):  65%|██████▌   | 729/1119 [08:42<05:24,  1.20it/s]localize peaks (monopolar_triangulation) (workers: 55 processes fork):  65%|██████▌   | 732/1119 [08:43<04:49,  1.34it/s]localize peaks (monopolar_triangulation) (workers: 55 processes fork):  66%|██████▌   | 738/1119 [08:48<04:43,  1.34it/s]localize peaks (monopolar_triangulation) (workers: 55 processes fork):  66%|██████▌   | 740/1119 [08:48<04:12,  1.50it/s]localize peaks (monopolar_triangulation) (workers: 55 processes fork):  67%|██████▋   | 753/1119 [08:52<02:38,  2.30it/s]localize peaks (monopolar_triangulation) (workers: 55 processes fork):  68%|██████▊   | 758/1119 [08:53<02:14,  2.68it/s]localize peaks (monopolar_triangulation) (workers: 55 processes fork):  68%|██████▊   | 759/1119 [08:54<02:25,  2.47it/s]localize peaks (monopolar_triangulation) (workers: 55 processes fork):  68%|██████▊   | 761/1119 [08:57<03:38,  1.64it/s]localize peaks (monopolar_triangulation) (workers: 55 processes fork):  68%|██████▊   | 762/1119 [09:00<04:47,  1.24it/s]localize peaks (monopolar_triangulation) (workers: 55 processes fork):  68%|██████▊   | 766/1119 [09:02<04:16,  1.37it/s]localize peaks (monopolar_triangulation) (workers: 55 processes fork):  69%|██████▉   | 774/1119 [09:03<02:24,  2.39it/s]localize peaks (monopolar_triangulation) (workers: 55 processes fork):  69%|██████▉   | 775/1119 [09:07<03:59,  1.44it/s]localize peaks (monopolar_triangulation) (workers: 55 processes fork):  69%|██████▉   | 777/1119 [09:09<04:26,  1.29it/s]localize peaks (monopolar_triangulation) (workers: 55 processes fork):  70%|██████▉   | 780/1119 [09:13<04:58,  1.14it/s]localize peaks (monopolar_triangulation) (workers: 55 processes fork):  70%|██████▉   | 782/1119 [09:17<06:44,  1.20s/it]localize peaks (monopolar_triangulation) (workers: 55 processes fork):  70%|███████   | 787/1119 [09:19<04:28,  1.24it/s]localize peaks (monopolar_triangulation) (workers: 55 processes fork):  71%|███████   | 789/1119 [09:21<04:53,  1.12it/s]localize peaks (monopolar_triangulation) (workers: 55 processes fork):  71%|███████   | 796/1119 [09:22<02:46,  1.94it/s]localize peaks (monopolar_triangulation) (workers: 55 processes fork):  71%|███████   | 797/1119 [09:24<03:36,  1.49it/s]localize peaks (monopolar_triangulation) (workers: 55 processes fork):  71%|███████▏  | 800/1119 [09:28<04:27,  1.19it/s]localize peaks (monopolar_triangulation) (workers: 55 processes fork):  72%|███████▏  | 807/1119 [09:32<03:44,  1.39it/s]localize peaks (monopolar_triangulation) (workers: 55 processes fork):  73%|███████▎  | 813/1119 [09:33<02:20,  2.18it/s]localize peaks (monopolar_triangulation) (workers: 55 processes fork):  73%|███████▎  | 821/1119 [09:33<01:33,  3.18it/s]localize peaks (monopolar_triangulation) (workers: 55 processes fork):  74%|███████▎  | 823/1119 [09:39<03:00,  1.64it/s]localize peaks (monopolar_triangulation) (workers: 55 processes fork):  74%|███████▍  | 826/1119 [09:39<02:23,  2.04it/s]localize peaks (monopolar_triangulation) (workers: 55 processes fork):  74%|███████▍  | 828/1119 [09:40<02:16,  2.14it/s]localize peaks (monopolar_triangulation) (workers: 55 processes fork):  74%|███████▍  | 831/1119 [09:45<04:08,  1.16it/s]localize peaks (monopolar_triangulation) (workers: 55 processes fork):  74%|███████▍  | 832/1119 [09:47<04:23,  1.09it/s]localize peaks (monopolar_triangulation) (workers: 55 processes fork):  75%|███████▍  | 834/1119 [09:47<03:32,  1.34it/s]localize peaks (monopolar_triangulation) (workers: 55 processes fork):  75%|███████▍  | 836/1119 [09:47<02:44,  1.72it/s]localize peaks (monopolar_triangulation) (workers: 55 processes fork):  75%|███████▍  | 837/1119 [09:50<04:17,  1.10it/s]localize peaks (monopolar_triangulation) (workers: 55 processes fork):  75%|███████▍  | 838/1119 [09:53<06:09,  1.32s/it]localize peaks (monopolar_triangulation) (workers: 55 processes fork):  75%|███████▌  | 840/1119 [09:57<06:56,  1.49s/it]localize peaks (monopolar_triangulation) (workers: 55 processes fork):  75%|███████▌  | 843/1119 [09:59<05:39,  1.23s/it]localize peaks (monopolar_triangulation) (workers: 55 processes fork):  76%|███████▌  | 848/1119 [10:03<04:33,  1.01s/it]localize peaks (monopolar_triangulation) (workers: 55 processes fork):  76%|███████▋  | 855/1119 [10:04<02:32,  1.73it/s]localize peaks (monopolar_triangulation) (workers: 55 processes fork):  77%|███████▋  | 857/1119 [10:06<02:30,  1.75it/s]localize peaks (monopolar_triangulation) (workers: 55 processes fork):  77%|███████▋  | 860/1119 [10:06<02:09,  2.00it/s]localize peaks (monopolar_triangulation) (workers: 55 processes fork):  77%|███████▋  | 862/1119 [10:08<02:11,  1.95it/s]localize peaks (monopolar_triangulation) (workers: 55 processes fork):  77%|███████▋  | 865/1119 [10:10<02:30,  1.69it/s]localize peaks (monopolar_triangulation) (workers: 55 processes fork):  77%|███████▋  | 866/1119 [10:11<02:40,  1.58it/s]localize peaks (monopolar_triangulation) (workers: 55 processes fork):  78%|███████▊  | 870/1119 [10:11<01:47,  2.32it/s]localize peaks (monopolar_triangulation) (workers: 55 processes fork):  78%|███████▊  | 877/1119 [10:17<02:31,  1.60it/s]localize peaks (monopolar_triangulation) (workers: 55 processes fork):  79%|███████▊  | 881/1119 [10:18<02:07,  1.87it/s]localize peaks (monopolar_triangulation) (workers: 55 processes fork):  79%|███████▉  | 884/1119 [10:21<02:23,  1.64it/s]localize peaks (monopolar_triangulation) (workers: 55 processes fork):  79%|███████▉  | 885/1119 [10:24<03:34,  1.09it/s]localize peaks (monopolar_triangulation) (workers: 55 processes fork):  79%|███████▉  | 888/1119 [10:25<02:44,  1.40it/s]localize peaks (monopolar_triangulation) (workers: 55 processes fork):  80%|███████▉  | 893/1119 [10:31<03:17,  1.15it/s]localize peaks (monopolar_triangulation) (workers: 55 processes fork):  80%|███████▉  | 894/1119 [10:31<02:58,  1.26it/s]localize peaks (monopolar_triangulation) (workers: 55 processes fork):  80%|████████  | 897/1119 [10:32<02:29,  1.48it/s]localize peaks (monopolar_triangulation) (workers: 55 processes fork):  80%|████████  | 899/1119 [10:32<02:01,  1.81it/s]localize peaks (monopolar_triangulation) (workers: 55 processes fork):  80%|████████  | 900/1119 [10:33<02:03,  1.77it/s]localize peaks (monopolar_triangulation) (workers: 55 processes fork):  81%|████████  | 901/1119 [10:35<02:56,  1.23it/s]localize peaks (monopolar_triangulation) (workers: 55 processes fork):  81%|████████  | 908/1119 [10:39<02:15,  1.56it/s]localize peaks (monopolar_triangulation) (workers: 55 processes fork):  81%|████████  | 909/1119 [10:45<04:24,  1.26s/it]localize peaks (monopolar_triangulation) (workers: 55 processes fork):  82%|████████▏ | 915/1119 [10:47<02:40,  1.27it/s]localize peaks (monopolar_triangulation) (workers: 55 processes fork):  82%|████████▏ | 918/1119 [10:52<03:26,  1.03s/it]localize peaks (monopolar_triangulation) (workers: 55 processes fork):  83%|████████▎ | 924/1119 [10:54<02:28,  1.31it/s]localize peaks (monopolar_triangulation) (workers: 55 processes fork):  83%|████████▎ | 927/1119 [10:55<02:00,  1.60it/s]localize peaks (monopolar_triangulation) (workers: 55 processes fork):  84%|████████▎ | 936/1119 [10:57<01:19,  2.30it/s]localize peaks (monopolar_triangulation) (workers: 55 processes fork):  84%|████████▍ | 942/1119 [10:58<01:03,  2.78it/s]localize peaks (monopolar_triangulation) (workers: 55 processes fork):  85%|████████▍ | 949/1119 [11:07<01:53,  1.50it/s]localize peaks (monopolar_triangulation) (workers: 55 processes fork):  86%|████████▌ | 961/1119 [11:07<00:58,  2.70it/s]localize peaks (monopolar_triangulation) (workers: 55 processes fork):  86%|████████▌ | 964/1119 [11:09<01:01,  2.54it/s]localize peaks (monopolar_triangulation) (workers: 55 processes fork):  86%|████████▋ | 966/1119 [11:15<01:47,  1.43it/s]localize peaks (monopolar_triangulation) (workers: 55 processes fork):  86%|████████▋ | 967/1119 [11:22<03:01,  1.19s/it]localize peaks (monopolar_triangulation) (workers: 55 processes fork):  87%|████████▋ | 974/1119 [11:25<02:04,  1.17it/s]localize peaks (monopolar_triangulation) (workers: 55 processes fork):  88%|████████▊ | 984/1119 [11:31<01:43,  1.30it/s]localize peaks (monopolar_triangulation) (workers: 55 processes fork):  89%|████████▉ | 1000/1119 [11:32<00:46,  2.58it/s]localize peaks (monopolar_triangulation) (workers: 55 processes fork):  90%|████████▉ | 1002/1119 [11:38<01:10,  1.66it/s]localize peaks (monopolar_triangulation) (workers: 55 processes fork):  90%|█████████ | 1010/1119 [11:40<00:55,  1.98it/s]localize peaks (monopolar_triangulation) (workers: 55 processes fork):  92%|█████████▏| 1024/1119 [11:42<00:31,  3.00it/s]localize peaks (monopolar_triangulation) (workers: 55 processes fork):  92%|█████████▏| 1025/1119 [11:43<00:35,  2.61it/s]localize peaks (monopolar_triangulation) (workers: 55 processes fork):  92%|█████████▏| 1029/1119 [11:48<00:47,  1.88it/s]localize peaks (monopolar_triangulation) (workers: 55 processes fork):  92%|█████████▏| 1032/1119 [11:52<00:59,  1.46it/s]localize peaks (monopolar_triangulation) (workers: 55 processes fork):  93%|█████████▎| 1040/1119 [11:53<00:35,  2.20it/s]localize peaks (monopolar_triangulation) (workers: 55 processes fork):  93%|█████████▎| 1042/1119 [11:59<00:57,  1.34it/s]localize peaks (monopolar_triangulation) (workers: 55 processes fork):  94%|█████████▍| 1050/1119 [12:01<00:40,  1.72it/s]localize peaks (monopolar_triangulation) (workers: 55 processes fork):  94%|█████████▍| 1056/1119 [12:03<00:30,  2.07it/s]localize peaks (monopolar_triangulation) (workers: 55 processes fork):  94%|█████████▍| 1057/1119 [12:05<00:38,  1.63it/s]localize peaks (monopolar_triangulation) (workers: 55 processes fork):  95%|█████████▍| 1060/1119 [12:07<00:33,  1.76it/s]localize peaks (monopolar_triangulation) (workers: 55 processes fork):  96%|█████████▌| 1069/1119 [12:07<00:16,  3.04it/s]localize peaks (monopolar_triangulation) (workers: 55 processes fork):  96%|█████████▌| 1074/1119 [12:09<00:13,  3.35it/s]localize peaks (monopolar_triangulation) (workers: 55 processes fork):  96%|█████████▌| 1075/1119 [12:10<00:18,  2.44it/s]localize peaks (monopolar_triangulation) (workers: 55 processes fork):  96%|█████████▋| 1078/1119 [12:12<00:17,  2.39it/s]localize peaks (monopolar_triangulation) (workers: 55 processes fork):  97%|█████████▋| 1080/1119 [12:12<00:14,  2.69it/s]localize peaks (monopolar_triangulation) (workers: 55 processes fork):  97%|█████████▋| 1086/1119 [12:13<00:10,  3.14it/s]localize peaks (monopolar_triangulation) (workers: 55 processes fork):  97%|█████████▋| 1091/1119 [12:17<00:12,  2.17it/s]localize peaks (monopolar_triangulation) (workers: 55 processes fork):  99%|█████████▉| 1106/1119 [12:20<00:03,  3.38it/s]localize peaks (monopolar_triangulation) (workers: 55 processes fork):  99%|█████████▉| 1107/1119 [12:22<00:04,  2.56it/s]localize peaks (monopolar_triangulation) (workers: 55 processes fork): 100%|█████████▉| 1116/1119 [12:24<00:00,  3.32it/s]localize peaks (monopolar_triangulation) (workers: 55 processes fork): 100%|█████████▉| 1118/1119 [12:25<00:00,  3.03it/s]localize peaks (monopolar_triangulation) (workers: 55 processes fork): 100%|██████████| 1119/1119 [12:25<00:00,  1.50it/s]
+ set +x

===== runKilosort bird=Lav69 stream=0 -- 2026-08-17 15:31:26 =====
+ python runKilosort.py --streamID 0 --outDir /mnt/work0/kbsuresh/pass_2/Lav69
kilosort.run_kilosort: Kilosort version 4.1.7
kilosort.run_kilosort: Python version 3.14.6
kilosort.run_kilosort: ----------------------------------------
kilosort.run_kilosort: System information:
kilosort.run_kilosort: Linux-7.0.0-28-generic-x86_64-with-glibc2.43 x86_64
kilosort.run_kilosort: 
kilosort.run_kilosort: Using GPU for PyTorch computations. Specify `device` to change this.
kilosort.run_kilosort: Using CUDA device: NVIDIA GeForce RTX 5090 31.36GB
kilosort.run_kilosort: ----------------------------------------
kilosort.run_kilosort: Sorting [PosixPath('/mnt/work0/kbsuresh/pass_2/Lav69/imec0_postmotion.bin')]
kilosort.run_kilosort: Interpreting binary file as default dtype='int16'. If data was saved in a different format, specify `data_dtype`.
kilosort.run_kilosort: Skipping common average reference.
kilosort.run_kilosort:  
kilosort.run_kilosort: Resource usage before sorting
kilosort.run_kilosort: ********************************************************
kilosort.run_kilosort: CPU usage:    38.00 %
kilosort.run_kilosort: Mem used:      3.30 %     |       4.04 GB
kilosort.run_kilosort: Mem avail:    118.99 / 123.03 GB
kilosort.run_kilosort: ------------------------------------------------------
kilosort.run_kilosort: GPU usage:    `conda install pynvml` for GPU usage
kilosort.run_kilosort: GPU memory:    1.60 %     |      0.50   /    31.36 GB
kilosort.run_kilosort: Allocated:     0.00 %     |      0.00   /    31.36 GB
kilosort.run_kilosort: Max alloc:     0.00 %     |      0.00   /    31.36 GB
kilosort.run_kilosort: ********************************************************
kilosort.run_kilosort:  
kilosort.run_kilosort: Computing preprocessing variables.
kilosort.run_kilosort: ----------------------------------------
kilosort.run_kilosort: N samples: 167818511
kilosort.run_kilosort: N seconds: 5593.999975794467
kilosort.run_kilosort: N batches: 1399
kilosort.run_kilosort: Preprocessing filters computed in 2.07s; total 2.25s
kilosort.run_kilosort:  
kilosort.run_kilosort: Resource usage after preprocessing
kilosort.run_kilosort: ********************************************************
kilosort.run_kilosort: CPU usage:     1.60 %
kilosort.run_kilosort: Mem used:      3.80 %     |       4.66 GB
kilosort.run_kilosort: Mem avail:    118.37 / 123.03 GB
kilosort.run_kilosort: ------------------------------------------------------
kilosort.run_kilosort: GPU usage:    `conda install pynvml` for GPU usage
kilosort.run_kilosort: GPU memory:   12.29 %     |      3.85   /    31.36 GB
kilosort.run_kilosort: Allocated:     0.10 %     |      0.03   /    31.36 GB
kilosort.run_kilosort: Max alloc:     7.99 %     |      2.51   /    31.36 GB
kilosort.run_kilosort: ********************************************************
kilosort.run_kilosort:  
kilosort.run_kilosort: Computing drift correction.
kilosort.run_kilosort: ----------------------------------------
kilosort.datashift: nblocks = 0, skipping drift correction
kilosort.run_kilosort: drift computed in 0.00s; total 2.35s
kilosort.run_kilosort:  
kilosort.run_kilosort: Resource usage after drift correction
kilosort.run_kilosort: ********************************************************
kilosort.run_kilosort: CPU usage:     0.00 %
kilosort.run_kilosort: Mem used:      3.80 %     |       4.66 GB
kilosort.run_kilosort: Mem avail:    118.37 / 123.03 GB
kilosort.run_kilosort: ------------------------------------------------------
kilosort.run_kilosort: GPU usage:    `conda install pynvml` for GPU usage
kilosort.run_kilosort: GPU memory:   12.29 %     |      3.85   /    31.36 GB
kilosort.run_kilosort: Allocated:     0.10 %     |      0.03   /    31.36 GB
kilosort.run_kilosort: Max alloc:     0.10 %     |      0.03   /    31.36 GB
kilosort.run_kilosort: ********************************************************
kilosort.run_kilosort: Generating drift plots ...
kilosort.run_kilosort:  
kilosort.run_kilosort: Extracting spikes using templates
kilosort.run_kilosort: ----------------------------------------
kilosort.spikedetect: Re-computing universal templates from data.
kilosort.spikedetect: Number of universal templates: 1092
kilosort.spikedetect: Detecting spikes...
5627.88895833498
5593.999975794467
Interpolating motion!
ScaleRecording: 366 channels - 29999.733952 Hz - 1 segments - 167,818,511 samples 
                5,594.00s (1.55 hours) - int16 dtype - 114.41 GiB
Writing KS file to disk!
imec0_postmotion.bin
  0%|          | 0/1399 [00:00<?, ?it/s]  0%|          | 1/1399 [00:00<10:48,  2.16it/s]  0%|          | 2/1399 [00:00<07:28,  3.12it/s]  0%|          | 3/1399 [00:00<06:22,  3.65it/s]  0%|          | 4/1399 [00:01<05:53,  3.95it/s]  0%|          | 5/1399 [00:01<05:36,  4.15it/s]  0%|          | 6/1399 [00:01<05:24,  4.29it/s]  1%|          | 7/1399 [00:01<05:19,  4.35it/s]  1%|          | 8/1399 [00:02<05:14,  4.42it/s]  1%|          | 9/1399 [00:02<05:10,  4.48it/s]  1%|          | 10/1399 [00:02<05:08,  4.50it/s]  1%|          | 11/1399 [00:02<05:04,  4.55it/s]  1%|          | 12/1399 [00:02<05:02,  4.59it/s]  1%|          | 13/1399 [00:03<04:58,  4.64it/s]  1%|          | 14/1399 [00:03<04:56,  4.67it/s]  1%|          | 15/1399 [00:03<04:55,  4.68it/s]  1%|          | 16/1399 [00:03<04:57,  4.65it/s]  1%|          | 17/1399 [00:03<04:56,  4.66it/s]  1%|▏         | 18/1399 [00:04<04:57,  4.64it/s]  1%|▏         | 19/1399 [00:04<04:58,  4.62it/s]  1%|▏         | 20/1399 [00:04<04:55,  4.67it/s]  2%|▏         | 21/1399 [00:04<04:53,  4.70it/s]  2%|▏         | 22/1399 [00:05<04:52,  4.70it/s]  2%|▏         | 23/1399 [00:05<04:55,  4.66it/s]  2%|▏         | 24/1399 [00:05<04:54,  4.67it/s]  2%|▏         | 25/1399 [00:05<04:51,  4.71it/s]  2%|▏         | 26/1399 [00:05<04:45,  4.80it/s]  2%|▏         | 27/1399 [00:06<04:47,  4.77it/s]  2%|▏         | 28/1399 [00:06<04:51,  4.71it/s]  2%|▏         | 29/1399 [00:06<04:54,  4.66it/s]  2%|▏         | 30/1399 [00:06<04:56,  4.62it/s]  2%|▏         | 31/1399 [00:06<04:53,  4.66it/s]  2%|▏         | 32/1399 [00:07<04:54,  4.65it/s]  2%|▏         | 33/1399 [00:07<04:51,  4.69it/s]  2%|▏         | 34/1399 [00:07<04:48,  4.72it/s]  3%|▎         | 35/1399 [00:07<04:47,  4.74it/s]  3%|▎         | 36/1399 [00:07<04:46,  4.75it/s]  3%|▎         | 37/1399 [00:08<04:45,  4.77it/s]  3%|▎         | 38/1399 [00:08<04:45,  4.77it/s]  3%|▎         | 39/1399 [00:08<04:45,  4.77it/s]  3%|▎         | 40/1399 [00:08<04:44,  4.77it/s]  3%|▎         | 41/1399 [00:09<04:45,  4.76it/s]  3%|▎         | 42/1399 [00:09<04:44,  4.76it/s]  3%|▎         | 43/1399 [00:09<04:43,  4.78it/s]  3%|▎         | 44/1399 [00:09<04:43,  4.77it/s]  3%|▎         | 45/1399 [00:09<04:43,  4.78it/s]  3%|▎         | 46/1399 [00:10<04:42,  4.79it/s]  3%|▎         | 47/1399 [00:10<04:48,  4.68it/s]  3%|▎         | 48/1399 [00:10<04:47,  4.70it/s]  4%|▎         | 49/1399 [00:10<04:46,  4.71it/s]  4%|▎         | 50/1399 [00:10<04:45,  4.73it/s]  4%|▎         | 51/1399 [00:11<04:39,  4.82it/s]  4%|▎         | 52/1399 [00:11<04:40,  4.81it/s]  4%|▍         | 53/1399 [00:11<04:40,  4.80it/s]  4%|▍         | 54/1399 [00:11<04:40,  4.80it/s]  4%|▍         | 55/1399 [00:11<04:40,  4.79it/s]  4%|▍         | 56/1399 [00:12<04:40,  4.78it/s]  4%|▍         | 57/1399 [00:12<04:40,  4.78it/s]  4%|▍         | 58/1399 [00:12<04:40,  4.78it/s]  4%|▍         | 59/1399 [00:12<04:40,  4.78it/s]  4%|▍         | 60/1399 [00:13<04:40,  4.78it/s]  4%|▍         | 61/1399 [00:13<04:39,  4.79it/s]  4%|▍         | 62/1399 [00:13<04:39,  4.79it/s]  5%|▍         | 63/1399 [00:13<04:38,  4.79it/s]  5%|▍         | 64/1399 [00:13<04:39,  4.78it/s]  5%|▍         | 65/1399 [00:14<04:39,  4.77it/s]  5%|▍         | 66/1399 [00:14<04:39,  4.78it/s]  5%|▍         | 67/1399 [00:14<04:39,  4.77it/s]  5%|▍         | 68/1399 [00:14<04:38,  4.78it/s]  5%|▍         | 69/1399 [00:14<04:38,  4.78it/s]  5%|▌         | 70/1399 [00:15<04:37,  4.78it/s]  5%|▌         | 71/1399 [00:15<04:38,  4.77it/s]  5%|▌         | 72/1399 [00:15<04:37,  4.78it/s]  5%|▌         | 73/1399 [00:15<04:37,  4.79it/s]  5%|▌         | 74/1399 [00:16<07:34,  2.91it/s]  5%|▌         | 75/1399 [00:16<06:41,  3.30it/s]  5%|▌         | 76/1399 [00:16<05:59,  3.68it/s]  6%|▌         | 77/1399 [00:16<05:35,  3.94it/s]  6%|▌         | 78/1399 [00:17<05:17,  4.16it/s]  6%|▌         | 79/1399 [00:17<05:06,  4.30it/s]  6%|▌         | 80/1399 [00:17<04:58,  4.42it/s]  6%|▌         | 81/1399 [00:17<04:52,  4.51it/s]  6%|▌         | 82/1399 [00:18<04:47,  4.58it/s]  6%|▌         | 83/1399 [00:18<04:43,  4.64it/s]  6%|▌         | 84/1399 [00:18<04:40,  4.69it/s]  6%|▌         | 85/1399 [00:18<04:40,  4.69it/s]  6%|▌         | 86/1399 [00:18<04:43,  4.62it/s]  6%|▌         | 87/1399 [00:19<04:42,  4.65it/s]  6%|▋         | 88/1399 [00:19<04:40,  4.68it/s]  6%|▋         | 89/1399 [00:19<04:38,  4.70it/s]  6%|▋         | 90/1399 [00:19<04:36,  4.73it/s]  7%|▋         | 91/1399 [00:19<04:34,  4.77it/s]  7%|▋         | 92/1399 [00:20<04:36,  4.73it/s]  7%|▋         | 93/1399 [00:20<04:36,  4.73it/s]  7%|▋         | 94/1399 [00:20<04:35,  4.73it/s]  7%|▋         | 95/1399 [00:20<04:38,  4.68it/s]  7%|▋         | 96/1399 [00:21<04:37,  4.70it/s]  7%|▋         | 97/1399 [00:21<04:36,  4.70it/s]  7%|▋         | 98/1399 [00:21<04:35,  4.71it/s]  7%|▋         | 99/1399 [00:21<04:34,  4.73it/s]  7%|▋         | 100/1399 [00:21<04:35,  4.72it/s]  7%|▋         | 101/1399 [00:22<04:30,  4.80it/s]  7%|▋         | 102/1399 [00:22<04:31,  4.77it/s]  7%|▋         | 103/1399 [00:22<04:31,  4.77it/s]  7%|▋         | 104/1399 [00:22<04:32,  4.76it/s]  8%|▊         | 105/1399 [00:22<04:32,  4.76it/s]  8%|▊         | 106/1399 [00:23<04:32,  4.75it/s]  8%|▊         | 107/1399 [00:23<04:33,  4.73it/s]  8%|▊         | 108/1399 [00:23<04:32,  4.73it/s]  8%|▊         | 109/1399 [00:23<04:34,  4.70it/s]  8%|▊         | 110/1399 [00:23<04:34,  4.70it/s]  8%|▊         | 111/1399 [00:24<04:33,  4.71it/s]  8%|▊         | 112/1399 [00:24<04:32,  4.71it/s]  8%|▊         | 113/1399 [00:24<04:32,  4.72it/s]  8%|▊         | 114/1399 [00:24<04:31,  4.74it/s]  8%|▊         | 115/1399 [00:25<04:31,  4.74it/s]  8%|▊         | 116/1399 [00:25<04:31,  4.73it/s]  8%|▊         | 117/1399 [00:25<04:31,  4.73it/s]  8%|▊         | 118/1399 [00:25<04:30,  4.74it/s]  9%|▊         | 119/1399 [00:25<04:31,  4.71it/s]  9%|▊         | 120/1399 [00:26<04:30,  4.72it/s]  9%|▊         | 121/1399 [00:26<04:30,  4.73it/s]  9%|▊         | 122/1399 [00:26<04:29,  4.73it/s]  9%|▉         | 123/1399 [00:26<04:29,  4.73it/s]  9%|▉         | 124/1399 [00:26<04:30,  4.71it/s]  9%|▉         | 125/1399 [00:27<04:31,  4.69it/s]  9%|▉         | 126/1399 [00:27<04:26,  4.77it/s]  9%|▉         | 127/1399 [00:27<04:29,  4.73it/s]  9%|▉         | 128/1399 [00:27<04:28,  4.74it/s]  9%|▉         | 129/1399 [00:27<04:28,  4.74it/s]  9%|▉         | 130/1399 [00:28<04:29,  4.71it/s]  9%|▉         | 131/1399 [00:28<04:29,  4.71it/s]  9%|▉         | 132/1399 [00:28<04:30,  4.69it/s] 10%|▉         | 133/1399 [00:28<04:30,  4.68it/s] 10%|▉         | 134/1399 [00:29<04:30,  4.67it/s] 10%|▉         | 135/1399 [00:29<04:29,  4.69it/s] 10%|▉         | 136/1399 [00:29<04:28,  4.71it/s] 10%|▉         | 137/1399 [00:29<04:28,  4.70it/s] 10%|▉         | 138/1399 [00:29<04:27,  4.71it/s] 10%|▉         | 139/1399 [00:30<04:27,  4.72it/s] 10%|█         | 140/1399 [00:30<04:26,  4.73it/s] 10%|█         | 141/1399 [00:30<04:26,  4.73it/s] 10%|█         | 142/1399 [00:30<04:25,  4.73it/s] 10%|█         | 143/1399 [00:30<04:25,  4.73it/s] 10%|█         | 144/1399 [00:31<04:24,  4.75it/s] 10%|█         | 145/1399 [00:31<04:23,  4.75it/s] 10%|█         | 146/1399 [00:31<04:24,  4.74it/s] 11%|█         | 147/1399 [00:32<10:46,  1.94it/s] 11%|█         | 148/1399 [00:33<08:52,  2.35it/s] 11%|█         | 149/1399 [00:33<07:31,  2.77it/s] 11%|█         | 150/1399 [00:33<06:35,  3.16it/s] 11%|█         | 151/1399 [00:33<05:52,  3.54it/s] 11%|█         | 152/1399 [00:33<05:26,  3.82it/s] 11%|█         | 153/1399 [00:34<05:07,  4.05it/s] 11%|█         | 154/1399 [00:34<04:54,  4.23it/s] 11%|█         | 155/1399 [00:34<04:46,  4.35it/s] 11%|█         | 156/1399 [00:34<04:39,  4.45it/s] 11%|█         | 157/1399 [00:34<04:34,  4.53it/s] 11%|█▏        | 158/1399 [00:35<04:31,  4.57it/s] 11%|█▏        | 159/1399 [00:35<04:28,  4.61it/s] 11%|█▏        | 160/1399 [00:35<04:27,  4.63it/s] 12%|█▏        | 161/1399 [00:35<04:26,  4.65it/s] 12%|█▏        | 162/1399 [00:36<04:25,  4.66it/s] 12%|█▏        | 163/1399 [00:36<04:24,  4.67it/s] 12%|█▏        | 164/1399 [00:36<04:24,  4.68it/s] 12%|█▏        | 165/1399 [00:36<04:23,  4.68it/s] 12%|█▏        | 166/1399 [00:36<04:23,  4.68it/s] 12%|█▏        | 167/1399 [00:37<04:23,  4.67it/s] 12%|█▏        | 168/1399 [00:37<04:22,  4.69it/s] 12%|█▏        | 169/1399 [00:37<04:23,  4.66it/s] 12%|█▏        | 170/1399 [00:37<04:24,  4.65it/s] 12%|█▏        | 171/1399 [00:37<04:22,  4.68it/s] 12%|█▏        | 172/1399 [00:38<04:24,  4.64it/s] 12%|█▏        | 173/1399 [00:38<04:23,  4.65it/s] 12%|█▏        | 174/1399 [00:38<04:23,  4.65it/s] 13%|█▎        | 175/1399 [00:38<04:23,  4.65it/s] 13%|█▎        | 176/1399 [00:38<04:17,  4.74it/s] 13%|█▎        | 177/1399 [00:39<04:18,  4.73it/s] 13%|█▎        | 178/1399 [00:39<04:19,  4.71it/s] 13%|█▎        | 179/1399 [00:39<04:19,  4.70it/s] 13%|█▎        | 180/1399 [00:39<04:18,  4.71it/s] 13%|█▎        | 181/1399 [00:40<04:18,  4.71it/s] 13%|█▎        | 182/1399 [00:40<04:18,  4.70it/s] 13%|█▎        | 183/1399 [00:40<04:17,  4.71it/s] 13%|█▎        | 184/1399 [00:40<04:18,  4.70it/s] 13%|█▎        | 185/1399 [00:40<04:19,  4.67it/s] 13%|█▎        | 186/1399 [00:41<04:19,  4.68it/s] 13%|█▎        | 187/1399 [00:41<04:18,  4.69it/s] 13%|█▎        | 188/1399 [00:41<04:17,  4.71it/s] 14%|█▎        | 189/1399 [00:41<04:17,  4.70it/s] 14%|█▎        | 190/1399 [00:41<04:17,  4.70it/s] 14%|█▎        | 191/1399 [00:42<04:16,  4.71it/s] 14%|█▎        | 192/1399 [00:42<04:17,  4.68it/s] 14%|█▍        | 193/1399 [00:42<04:17,  4.69it/s] 14%|█▍        | 194/1399 [00:42<04:15,  4.71it/s] 14%|█▍        | 195/1399 [00:43<04:15,  4.71it/s] 14%|█▍        | 196/1399 [00:43<04:15,  4.71it/s] 14%|█▍        | 197/1399 [00:43<04:15,  4.70it/s] 14%|█▍        | 198/1399 [00:43<04:16,  4.68it/s] 14%|█▍        | 199/1399 [00:43<04:16,  4.68it/s] 14%|█▍        | 200/1399 [00:44<04:16,  4.68it/s] 14%|█▍        | 201/1399 [00:44<04:11,  4.76it/s] 14%|█▍        | 202/1399 [00:44<04:12,  4.75it/s] 15%|█▍        | 203/1399 [00:44<04:12,  4.74it/s] 15%|█▍        | 204/1399 [00:44<04:13,  4.72it/s] 15%|█▍        | 205/1399 [00:45<04:13,  4.72it/s] 15%|█▍        | 206/1399 [00:45<04:13,  4.70it/s] 15%|█▍        | 207/1399 [00:45<04:14,  4.69it/s] 15%|█▍        | 208/1399 [00:45<04:14,  4.68it/s] 15%|█▍        | 209/1399 [00:46<04:15,  4.67it/s] 15%|█▌        | 210/1399 [00:46<04:14,  4.66it/s] 15%|█▌        | 211/1399 [00:46<04:14,  4.67it/s] 15%|█▌        | 212/1399 [00:46<04:15,  4.65it/s] 15%|█▌        | 213/1399 [00:46<04:13,  4.67it/s] 15%|█▌        | 214/1399 [00:47<04:12,  4.69it/s] 15%|█▌        | 215/1399 [00:47<04:12,  4.68it/s] 15%|█▌        | 216/1399 [00:47<04:12,  4.69it/s] 16%|█▌        | 217/1399 [00:47<04:11,  4.69it/s] 16%|█▌        | 218/1399 [00:47<04:12,  4.68it/s] 16%|█▌        | 219/1399 [00:48<04:12,  4.67it/s] 16%|█▌        | 220/1399 [00:48<04:12,  4.67it/s] 16%|█▌        | 221/1399 [00:48<04:11,  4.69it/s] 16%|█▌        | 222/1399 [00:48<04:10,  4.71it/s] 16%|█▌        | 223/1399 [00:49<04:13,  4.63it/s] 16%|█▌        | 224/1399 [00:49<04:13,  4.63it/s] 16%|█▌        | 225/1399 [00:49<04:11,  4.66it/s] 16%|█▌        | 226/1399 [00:49<04:06,  4.75it/s] 16%|█▌        | 227/1399 [00:49<04:07,  4.74it/s] 16%|█▋        | 228/1399 [00:50<04:09,  4.69it/s] 16%|█▋        | 229/1399 [00:50<04:10,  4.68it/s] 16%|█▋        | 230/1399 [00:50<04:09,  4.68it/s] 17%|█▋        | 231/1399 [00:50<04:09,  4.69it/s] 17%|█▋        | 232/1399 [00:50<04:08,  4.70it/s] 17%|█▋        | 233/1399 [00:51<04:08,  4.70it/s] 17%|█▋        | 234/1399 [00:51<04:07,  4.71it/s] 17%|█▋        | 235/1399 [00:51<04:08,  4.68it/s] 17%|█▋        | 236/1399 [00:51<04:08,  4.68it/s] 17%|█▋        | 237/1399 [00:52<04:08,  4.68it/s] 17%|█▋        | 238/1399 [00:52<04:08,  4.67it/s] 17%|█▋        | 239/1399 [00:52<04:08,  4.67it/s] 17%|█▋        | 240/1399 [00:52<04:07,  4.68it/s] 17%|█▋        | 241/1399 [00:52<04:05,  4.71it/s] 17%|█▋        | 242/1399 [00:53<04:05,  4.72it/s] 17%|█▋        | 243/1399 [00:53<04:04,  4.73it/s] 17%|█▋        | 244/1399 [00:53<04:03,  4.74it/s] 18%|█▊        | 245/1399 [00:53<04:04,  4.72it/s] 18%|█▊        | 246/1399 [00:53<04:04,  4.71it/s] 18%|█▊        | 247/1399 [00:54<04:04,  4.71it/s] 18%|█▊        | 248/1399 [00:54<04:04,  4.71it/s] 18%|█▊        | 249/1399 [00:54<04:04,  4.70it/s] 18%|█▊        | 250/1399 [00:54<04:03,  4.72it/s] 18%|█▊        | 251/1399 [00:54<03:59,  4.78it/s] 18%|█▊        | 252/1399 [00:55<04:00,  4.77it/s] 18%|█▊        | 253/1399 [00:55<04:00,  4.76it/s] 18%|█▊        | 254/1399 [00:55<04:01,  4.75it/s] 18%|█▊        | 255/1399 [00:55<04:01,  4.73it/s] 18%|█▊        | 256/1399 [00:56<04:01,  4.73it/s] 18%|█▊        | 257/1399 [00:56<04:01,  4.72it/s] 18%|█▊        | 258/1399 [00:56<04:02,  4.70it/s] 19%|█▊        | 259/1399 [00:56<04:01,  4.71it/s] 19%|█▊        | 260/1399 [00:56<04:02,  4.70it/s] 19%|█▊        | 261/1399 [00:57<04:01,  4.71it/s] 19%|█▊        | 262/1399 [00:57<04:01,  4.70it/s] 19%|█▉        | 263/1399 [00:57<04:05,  4.63it/s] 19%|█▉        | 264/1399 [00:57<04:03,  4.66it/s] 19%|█▉        | 265/1399 [00:57<04:02,  4.67it/s] 19%|█▉        | 266/1399 [00:58<04:01,  4.69it/s] 19%|█▉        | 267/1399 [00:58<04:00,  4.70it/s] 19%|█▉        | 268/1399 [00:58<04:00,  4.70it/s] 19%|█▉        | 269/1399 [00:58<04:00,  4.70it/s] 19%|█▉        | 270/1399 [00:59<04:00,  4.70it/s] 19%|█▉        | 271/1399 [00:59<04:00,  4.69it/s] 19%|█▉        | 272/1399 [00:59<04:01,  4.67it/s] 20%|█▉        | 273/1399 [00:59<04:01,  4.66it/s] 20%|█▉        | 274/1399 [00:59<04:00,  4.69it/s] 20%|█▉        | 275/1399 [01:00<03:59,  4.69it/s] 20%|█▉        | 276/1399 [01:00<03:55,  4.76it/s] 20%|█▉        | 277/1399 [01:00<03:55,  4.76it/s] 20%|█▉        | 278/1399 [01:00<03:55,  4.76it/s] 20%|█▉        | 279/1399 [01:00<03:56,  4.74it/s] 20%|██        | 280/1399 [01:01<03:56,  4.74it/s] 20%|██        | 281/1399 [01:01<04:01,  4.64it/s] 20%|██        | 282/1399 [01:01<03:59,  4.65it/s] 20%|██        | 283/1399 [01:01<03:58,  4.68it/s] 20%|██        | 284/1399 [01:01<03:57,  4.69it/s] 20%|██        | 285/1399 [01:02<03:57,  4.69it/s] 20%|██        | 286/1399 [01:02<03:56,  4.71it/s] 21%|██        | 287/1399 [01:02<03:57,  4.67it/s] 21%|██        | 288/1399 [01:02<03:56,  4.69it/s] 21%|██        | 289/1399 [01:03<03:56,  4.69it/s] 21%|██        | 290/1399 [01:03<03:56,  4.69it/s] 21%|██        | 291/1399 [01:03<03:56,  4.69it/s] 21%|██        | 292/1399 [01:05<14:32,  1.27it/s] 21%|██        | 293/1399 [01:05<11:20,  1.62it/s] 21%|██        | 294/1399 [01:06<09:06,  2.02it/s] 21%|██        | 295/1399 [01:06<07:32,  2.44it/s] 21%|██        | 296/1399 [01:06<06:26,  2.85it/s] 21%|██        | 297/1399 [01:06<05:40,  3.24it/s] 21%|██▏       | 298/1399 [01:06<05:08,  3.57it/s] 21%|██▏       | 299/1399 [01:07<04:45,  3.86it/s] 21%|██▏       | 300/1399 [01:07<04:29,  4.08it/s] 22%|██▏       | 301/1399 [01:07<04:14,  4.31it/s] 22%|██▏       | 302/1399 [01:07<04:08,  4.42it/s] 22%|██▏       | 303/1399 [01:07<04:03,  4.50it/s] 22%|██▏       | 304/1399 [01:08<03:58,  4.58it/s] 22%|██▏       | 305/1399 [01:08<03:56,  4.63it/s] 22%|██▏       | 306/1399 [01:08<03:54,  4.66it/s] 22%|██▏       | 307/1399 [01:08<03:53,  4.68it/s] 22%|██▏       | 308/1399 [01:08<03:52,  4.70it/s] 22%|██▏       | 309/1399 [01:09<03:51,  4.71it/s] 22%|██▏       | 310/1399 [01:09<03:50,  4.73it/s] 22%|██▏       | 311/1399 [01:09<03:49,  4.74it/s] 22%|██▏       | 312/1399 [01:09<03:48,  4.75it/s] 22%|██▏       | 313/1399 [01:10<03:48,  4.75it/s] 22%|██▏       | 314/1399 [01:10<03:47,  4.76it/s] 23%|██▎       | 315/1399 [01:10<03:48,  4.75it/s] 23%|██▎       | 316/1399 [01:10<03:48,  4.75it/s] 23%|██▎       | 317/1399 [01:10<03:48,  4.74it/s] 23%|██▎       | 318/1399 [01:11<03:48,  4.73it/s] 23%|██▎       | 319/1399 [01:11<03:48,  4.73it/s] 23%|██▎       | 320/1399 [01:11<03:48,  4.72it/s] 23%|██▎       | 321/1399 [01:11<03:48,  4.72it/s] 23%|██▎       | 322/1399 [01:11<03:48,  4.72it/s] 23%|██▎       | 323/1399 [01:12<03:48,  4.71it/s] 23%|██▎       | 324/1399 [01:12<03:48,  4.71it/s] 23%|██▎       | 325/1399 [01:12<03:47,  4.72it/s] 23%|██▎       | 326/1399 [01:12<03:44,  4.79it/s] 23%|██▎       | 327/1399 [01:12<03:45,  4.75it/s] 23%|██▎       | 328/1399 [01:13<03:46,  4.73it/s] 24%|██▎       | 329/1399 [01:13<03:45,  4.74it/s] 24%|██▎       | 330/1399 [01:13<03:45,  4.74it/s] 24%|██▎       | 331/1399 [01:13<03:45,  4.73it/s] 24%|██▎       | 332/1399 [01:14<03:47,  4.69it/s] 24%|██▍       | 333/1399 [01:14<03:47,  4.70it/s] 24%|██▍       | 334/1399 [01:14<03:45,  4.72it/s] 24%|██▍       | 335/1399 [01:14<03:45,  4.72it/s] 24%|██▍       | 336/1399 [01:14<03:45,  4.70it/s] 24%|██▍       | 337/1399 [01:15<03:45,  4.72it/s] 24%|██▍       | 338/1399 [01:15<03:46,  4.69it/s] 24%|██▍       | 339/1399 [01:15<03:45,  4.70it/s] 24%|██▍       | 340/1399 [01:15<03:45,  4.70it/s] 24%|██▍       | 341/1399 [01:15<03:46,  4.68it/s] 24%|██▍       | 342/1399 [01:16<03:45,  4.68it/s] 25%|██▍       | 343/1399 [01:16<03:50,  4.59it/s] 25%|██▍       | 344/1399 [01:16<03:48,  4.61it/s] 25%|██▍       | 345/1399 [01:16<03:46,  4.64it/s] 25%|██▍       | 346/1399 [01:17<03:45,  4.68it/s] 25%|██▍       | 347/1399 [01:17<03:44,  4.69it/s] 25%|██▍       | 348/1399 [01:17<03:43,  4.70it/s] 25%|██▍       | 349/1399 [01:17<03:43,  4.71it/s] 25%|██▌       | 350/1399 [01:17<03:42,  4.71it/s] 25%|██▌       | 351/1399 [01:18<03:38,  4.79it/s] 25%|██▌       | 352/1399 [01:18<03:39,  4.77it/s] 25%|██▌       | 353/1399 [01:18<03:40,  4.74it/s] 25%|██▌       | 354/1399 [01:18<03:41,  4.73it/s] 25%|██▌       | 355/1399 [01:18<03:41,  4.71it/s] 25%|██▌       | 356/1399 [01:19<03:41,  4.72it/s] 26%|██▌       | 357/1399 [01:19<03:41,  4.71it/s] 26%|██▌       | 358/1399 [01:19<03:40,  4.71it/s] 26%|██▌       | 359/1399 [01:19<03:41,  4.70it/s] 26%|██▌       | 360/1399 [01:20<03:41,  4.69it/s] 26%|██▌       | 361/1399 [01:20<03:40,  4.71it/s] 26%|██▌       | 362/1399 [01:20<03:40,  4.69it/s] 26%|██▌       | 363/1399 [01:20<03:40,  4.69it/s] 26%|██▌       | 364/1399 [01:20<03:40,  4.70it/s] 26%|██▌       | 365/1399 [01:21<03:39,  4.71it/s] 26%|██▌       | 366/1399 [01:21<03:39,  4.70it/s] 26%|██▌       | 367/1399 [01:21<03:39,  4.71it/s] 26%|██▋       | 368/1399 [01:21<03:37,  4.74it/s] 26%|██▋       | 369/1399 [01:21<03:37,  4.74it/s] 26%|██▋       | 370/1399 [01:22<03:38,  4.71it/s] 27%|██▋       | 371/1399 [01:22<03:38,  4.70it/s] 27%|██▋       | 372/1399 [01:22<03:38,  4.70it/s] 27%|██▋       | 373/1399 [01:22<03:37,  4.71it/s] 27%|██▋       | 374/1399 [01:22<03:37,  4.72it/s] 27%|██▋       | 375/1399 [01:23<03:37,  4.70it/s] 27%|██▋       | 376/1399 [01:23<03:34,  4.77it/s] 27%|██▋       | 377/1399 [01:23<03:35,  4.74it/s] 27%|██▋       | 378/1399 [01:23<03:35,  4.73it/s] 27%|██▋       | 379/1399 [01:24<03:36,  4.70it/s] 27%|██▋       | 380/1399 [01:24<03:36,  4.71it/s] 27%|██▋       | 381/1399 [01:24<03:36,  4.71it/s] 27%|██▋       | 382/1399 [01:24<03:35,  4.71it/s] 27%|██▋       | 383/1399 [01:24<03:35,  4.72it/s] 27%|██▋       | 384/1399 [01:25<03:35,  4.71it/s] 28%|██▊       | 385/1399 [01:25<03:34,  4.72it/s] 28%|██▊       | 386/1399 [01:25<03:34,  4.72it/s] 28%|██▊       | 387/1399 [01:25<03:33,  4.74it/s] 28%|██▊       | 388/1399 [01:25<03:33,  4.74it/s] 28%|██▊       | 389/1399 [01:26<03:34,  4.71it/s] 28%|██▊       | 390/1399 [01:26<03:34,  4.71it/s] 28%|██▊       | 391/1399 [01:26<03:33,  4.73it/s] 28%|██▊       | 392/1399 [01:26<03:32,  4.74it/s] 28%|██▊       | 393/1399 [01:27<03:35,  4.67it/s] 28%|██▊       | 394/1399 [01:27<03:35,  4.66it/s] 28%|██▊       | 395/1399 [01:27<03:34,  4.67it/s] 28%|██▊       | 396/1399 [01:27<03:34,  4.68it/s] 28%|██▊       | 397/1399 [01:27<03:32,  4.71it/s] 28%|██▊       | 398/1399 [01:28<03:32,  4.72it/s] 29%|██▊       | 399/1399 [01:28<03:31,  4.73it/s] 29%|██▊       | 400/1399 [01:28<03:35,  4.64it/s] 29%|██▊       | 401/1399 [01:28<03:31,  4.73it/s] 29%|██▊       | 402/1399 [01:28<03:31,  4.70it/s] 29%|██▉       | 403/1399 [01:29<03:31,  4.72it/s] 29%|██▉       | 404/1399 [01:29<03:30,  4.72it/s] 29%|██▉       | 405/1399 [01:29<03:31,  4.70it/s] 29%|██▉       | 406/1399 [01:29<03:32,  4.68it/s] 29%|██▉       | 407/1399 [01:29<03:31,  4.68it/s] 29%|██▉       | 408/1399 [01:30<03:32,  4.67it/s] 29%|██▉       | 409/1399 [01:30<03:32,  4.66it/s] 29%|██▉       | 410/1399 [01:30<03:32,  4.65it/s] 29%|██▉       | 411/1399 [01:30<03:33,  4.62it/s] 29%|██▉       | 412/1399 [01:31<03:32,  4.64it/s] 30%|██▉       | 413/1399 [01:31<03:31,  4.65it/s] 30%|██▉       | 414/1399 [01:31<03:30,  4.67it/s] 30%|██▉       | 415/1399 [01:31<03:30,  4.68it/s] 30%|██▉       | 416/1399 [01:31<03:30,  4.67it/s] 30%|██▉       | 417/1399 [01:32<03:29,  4.68it/s] 30%|██▉       | 418/1399 [01:32<03:29,  4.68it/s] 30%|██▉       | 419/1399 [01:32<03:29,  4.68it/s] 30%|███       | 420/1399 [01:32<03:28,  4.70it/s] 30%|███       | 421/1399 [01:32<03:28,  4.70it/s] 30%|███       | 422/1399 [01:33<03:27,  4.70it/s] 30%|███       | 423/1399 [01:33<03:27,  4.70it/s] 30%|███       | 424/1399 [01:33<03:27,  4.69it/s] 30%|███       | 425/1399 [01:33<03:27,  4.70it/s] 30%|███       | 426/1399 [01:34<03:23,  4.78it/s] 31%|███       | 427/1399 [01:34<03:23,  4.77it/s] 31%|███       | 428/1399 [01:34<03:24,  4.75it/s] 31%|███       | 429/1399 [01:34<03:24,  4.74it/s] 31%|███       | 430/1399 [01:34<03:24,  4.74it/s] 31%|███       | 431/1399 [01:35<03:24,  4.73it/s] 31%|███       | 432/1399 [01:35<03:24,  4.73it/s] 31%|███       | 433/1399 [01:35<03:24,  4.72it/s] 31%|███       | 434/1399 [01:35<03:24,  4.72it/s] 31%|███       | 435/1399 [01:35<03:24,  4.71it/s] 31%|███       | 436/1399 [01:36<03:24,  4.71it/s] 31%|███       | 437/1399 [01:36<03:24,  4.70it/s] 31%|███▏      | 438/1399 [01:36<03:24,  4.70it/s] 31%|███▏      | 439/1399 [01:36<03:27,  4.63it/s] 31%|███▏      | 440/1399 [01:37<03:30,  4.56it/s] 32%|███▏      | 441/1399 [01:37<03:28,  4.59it/s] 32%|███▏      | 442/1399 [01:37<03:27,  4.62it/s] 32%|███▏      | 443/1399 [01:37<03:26,  4.64it/s] 32%|███▏      | 444/1399 [01:37<03:25,  4.66it/s] 32%|███▏      | 445/1399 [01:38<03:24,  4.66it/s] 32%|███▏      | 446/1399 [01:38<03:23,  4.68it/s] 32%|███▏      | 447/1399 [01:38<03:24,  4.66it/s] 32%|███▏      | 448/1399 [01:38<03:23,  4.66it/s] 32%|███▏      | 449/1399 [01:38<03:22,  4.69it/s] 32%|███▏      | 450/1399 [01:39<03:22,  4.69it/s] 32%|███▏      | 451/1399 [01:39<03:22,  4.68it/s] 32%|███▏      | 452/1399 [01:39<03:21,  4.70it/s] 32%|███▏      | 453/1399 [01:39<03:21,  4.69it/s] 32%|███▏      | 454/1399 [01:40<03:21,  4.68it/s] 33%|███▎      | 455/1399 [01:40<03:21,  4.68it/s] 33%|███▎      | 456/1399 [01:40<03:21,  4.68it/s] 33%|███▎      | 457/1399 [01:40<03:21,  4.68it/s] 33%|███▎      | 458/1399 [01:40<03:20,  4.69it/s] 33%|███▎      | 459/1399 [01:41<03:19,  4.72it/s] 33%|███▎      | 460/1399 [01:41<03:19,  4.70it/s] 33%|███▎      | 461/1399 [01:41<03:19,  4.70it/s] 33%|███▎      | 462/1399 [01:41<03:21,  4.65it/s] 33%|███▎      | 463/1399 [01:41<03:20,  4.67it/s] 33%|███▎      | 464/1399 [01:42<03:19,  4.69it/s] 33%|███▎      | 465/1399 [01:42<03:19,  4.69it/s] 33%|███▎      | 466/1399 [01:42<03:18,  4.69it/s] 33%|███▎      | 467/1399 [01:42<03:18,  4.70it/s] 33%|███▎      | 468/1399 [01:43<03:17,  4.71it/s] 34%|███▎      | 469/1399 [01:43<03:17,  4.71it/s] 34%|███▎      | 470/1399 [01:43<03:17,  4.71it/s] 34%|███▎      | 471/1399 [01:43<03:17,  4.71it/s] 34%|███▎      | 472/1399 [01:43<03:16,  4.71it/s] 34%|███▍      | 473/1399 [01:44<03:16,  4.71it/s] 34%|███▍      | 474/1399 [01:44<03:16,  4.71it/s] 34%|███▍      | 475/1399 [01:44<03:16,  4.70it/s] 34%|███▍      | 476/1399 [01:44<03:17,  4.67it/s] 34%|███▍      | 477/1399 [01:44<03:16,  4.69it/s] 34%|███▍      | 478/1399 [01:45<03:15,  4.72it/s] 34%|███▍      | 479/1399 [01:45<03:14,  4.72it/s] 34%|███▍      | 480/1399 [01:45<03:14,  4.72it/s] 34%|███▍      | 481/1399 [01:45<03:15,  4.71it/s] 34%|███▍      | 482/1399 [01:45<03:14,  4.71it/s] 35%|███▍      | 483/1399 [01:46<03:14,  4.71it/s] 35%|███▍      | 484/1399 [01:46<03:14,  4.71it/s] 35%|███▍      | 485/1399 [01:46<03:13,  4.72it/s] 35%|███▍      | 486/1399 [01:46<03:17,  4.63it/s] 35%|███▍      | 487/1399 [01:47<03:15,  4.66it/s] 35%|███▍      | 488/1399 [01:47<03:15,  4.67it/s] 35%|███▍      | 489/1399 [01:47<03:14,  4.69it/s] 35%|███▌      | 490/1399 [01:47<03:13,  4.69it/s] 35%|███▌      | 491/1399 [01:47<03:13,  4.70it/s] 35%|███▌      | 492/1399 [01:48<03:14,  4.67it/s] 35%|███▌      | 493/1399 [01:48<03:15,  4.64it/s] 35%|███▌      | 494/1399 [01:48<03:14,  4.65it/s] 35%|███▌      | 495/1399 [01:48<03:14,  4.65it/s] 35%|███▌      | 496/1399 [01:48<03:14,  4.65it/s] 36%|███▌      | 497/1399 [01:49<03:13,  4.65it/s] 36%|███▌      | 498/1399 [01:49<03:13,  4.67it/s] 36%|███▌      | 499/1399 [01:49<03:12,  4.68it/s] 36%|███▌      | 500/1399 [01:49<03:11,  4.70it/s] 36%|███▌      | 501/1399 [01:50<03:11,  4.69it/s] 36%|███▌      | 502/1399 [01:50<03:11,  4.68it/s] 36%|███▌      | 503/1399 [01:50<03:10,  4.70it/s] 36%|███▌      | 504/1399 [01:50<03:10,  4.69it/s] 36%|███▌      | 505/1399 [01:50<03:10,  4.69it/s] 36%|███▌      | 506/1399 [01:51<03:10,  4.69it/s] 36%|███▌      | 507/1399 [01:51<03:09,  4.71it/s] 36%|███▋      | 508/1399 [01:51<03:08,  4.72it/s] 36%|███▋      | 509/1399 [01:51<03:09,  4.70it/s] 36%|███▋      | 510/1399 [01:51<03:09,  4.70it/s] 37%|███▋      | 511/1399 [01:52<03:08,  4.71it/s] 37%|███▋      | 512/1399 [01:52<03:08,  4.70it/s] 37%|███▋      | 513/1399 [01:52<03:08,  4.71it/s] 37%|███▋      | 514/1399 [01:52<03:09,  4.68it/s] 37%|███▋      | 515/1399 [01:53<03:08,  4.68it/s] 37%|███▋      | 516/1399 [01:53<03:08,  4.68it/s] 37%|███▋      | 517/1399 [01:53<03:08,  4.68it/s] 37%|███▋      | 518/1399 [01:53<03:08,  4.67it/s] 37%|███▋      | 519/1399 [01:53<03:09,  4.65it/s] 37%|███▋      | 520/1399 [01:54<03:08,  4.65it/s] 37%|███▋      | 521/1399 [01:54<03:08,  4.66it/s] 37%|███▋      | 522/1399 [01:54<03:08,  4.65it/s] 37%|███▋      | 523/1399 [01:54<03:09,  4.63it/s] 37%|███▋      | 524/1399 [01:54<03:08,  4.64it/s] 38%|███▊      | 525/1399 [01:55<03:07,  4.65it/s] 38%|███▊      | 526/1399 [01:55<03:06,  4.68it/s] 38%|███▊      | 527/1399 [01:55<03:07,  4.66it/s] 38%|███▊      | 528/1399 [01:55<03:05,  4.69it/s] 38%|███▊      | 529/1399 [01:56<03:05,  4.68it/s] 38%|███▊      | 530/1399 [01:56<03:04,  4.70it/s] 38%|███▊      | 531/1399 [01:56<03:05,  4.68it/s] 38%|███▊      | 532/1399 [01:56<03:05,  4.68it/s] 38%|███▊      | 533/1399 [01:56<03:04,  4.70it/s] 38%|███▊      | 534/1399 [01:57<03:04,  4.70it/s] 38%|███▊      | 535/1399 [01:57<03:03,  4.71it/s] 38%|███▊      | 536/1399 [01:57<03:03,  4.71it/s] 38%|███▊      | 537/1399 [01:57<03:03,  4.69it/s] 38%|███▊      | 538/1399 [01:57<03:02,  4.71it/s] 39%|███▊      | 539/1399 [01:58<03:05,  4.63it/s] 39%|███▊      | 540/1399 [01:58<03:04,  4.65it/s] 39%|███▊      | 541/1399 [01:58<03:03,  4.68it/s] 39%|███▊      | 542/1399 [01:58<03:03,  4.68it/s] 39%|███▉      | 543/1399 [01:59<03:01,  4.71it/s] 39%|███▉      | 544/1399 [01:59<03:00,  4.73it/s] 39%|███▉      | 545/1399 [01:59<03:01,  4.71it/s] 39%|███▉      | 546/1399 [01:59<03:00,  4.74it/s] 39%|███▉      | 547/1399 [01:59<02:59,  4.74it/s] 39%|███▉      | 548/1399 [02:00<03:00,  4.71it/s] 39%|███▉      | 549/1399 [02:00<03:00,  4.71it/s] 39%|███▉      | 550/1399 [02:00<03:01,  4.69it/s] 39%|███▉      | 551/1399 [02:00<03:02,  4.66it/s] 39%|███▉      | 552/1399 [02:00<03:01,  4.68it/s] 40%|███▉      | 553/1399 [02:01<03:00,  4.69it/s] 40%|███▉      | 554/1399 [02:01<03:00,  4.68it/s] 40%|███▉      | 555/1399 [02:06<21:58,  1.56s/it] 40%|███▉      | 556/1399 [02:06<16:19,  1.16s/it] 40%|███▉      | 557/1399 [02:06<12:17,  1.14it/s] 40%|███▉      | 558/1399 [02:06<09:29,  1.48it/s] 40%|███▉      | 559/1399 [02:06<07:31,  1.86it/s] 40%|████      | 560/1399 [02:07<06:09,  2.27it/s] 40%|████      | 561/1399 [02:07<05:11,  2.69it/s] 40%|████      | 562/1399 [02:07<04:32,  3.08it/s] 40%|████      | 563/1399 [02:07<04:03,  3.44it/s] 40%|████      | 564/1399 [02:07<03:43,  3.74it/s] 40%|████      | 565/1399 [02:08<03:30,  3.97it/s] 40%|████      | 566/1399 [02:08<03:19,  4.17it/s] 41%|████      | 567/1399 [02:08<03:12,  4.31it/s] 41%|████      | 568/1399 [02:08<03:07,  4.44it/s] 41%|████      | 569/1399 [02:09<03:03,  4.51it/s] 41%|████      | 570/1399 [02:09<03:01,  4.57it/s] 41%|████      | 571/1399 [02:09<02:59,  4.62it/s] 41%|████      | 572/1399 [02:09<02:57,  4.65it/s] 41%|████      | 573/1399 [02:09<02:56,  4.67it/s] 41%|████      | 574/1399 [02:10<02:55,  4.70it/s] 41%|████      | 575/1399 [02:10<02:54,  4.71it/s] 41%|████      | 576/1399 [02:10<02:56,  4.67it/s] 41%|████      | 577/1399 [02:10<02:56,  4.66it/s] 41%|████▏     | 578/1399 [02:10<02:55,  4.69it/s] 41%|████▏     | 579/1399 [02:11<02:54,  4.69it/s] 41%|████▏     | 580/1399 [02:11<02:53,  4.71it/s] 42%|████▏     | 581/1399 [02:11<02:53,  4.71it/s] 42%|████▏     | 582/1399 [02:11<02:53,  4.71it/s] 42%|████▏     | 583/1399 [02:12<02:52,  4.72it/s] 42%|████▏     | 584/1399 [02:12<02:52,  4.72it/s] 42%|████▏     | 585/1399 [02:12<02:52,  4.72it/s] 42%|████▏     | 586/1399 [02:12<02:52,  4.72it/s] 42%|████▏     | 587/1399 [02:12<02:52,  4.72it/s] 42%|████▏     | 588/1399 [02:13<02:50,  4.75it/s] 42%|████▏     | 589/1399 [02:13<02:51,  4.74it/s] 42%|████▏     | 590/1399 [02:13<02:51,  4.73it/s] 42%|████▏     | 591/1399 [02:13<02:50,  4.73it/s] 42%|████▏     | 592/1399 [02:13<02:50,  4.73it/s] 42%|████▏     | 593/1399 [02:14<02:50,  4.73it/s] 42%|████▏     | 594/1399 [02:14<02:51,  4.69it/s] 43%|████▎     | 595/1399 [02:14<02:51,  4.68it/s] 43%|████▎     | 596/1399 [02:14<02:50,  4.70it/s] 43%|████▎     | 597/1399 [02:15<02:50,  4.69it/s] 43%|████▎     | 598/1399 [02:15<02:50,  4.70it/s] 43%|████▎     | 599/1399 [02:15<02:50,  4.70it/s] 43%|████▎     | 600/1399 [02:15<02:49,  4.72it/s] 43%|████▎     | 601/1399 [02:15<02:49,  4.70it/s] 43%|████▎     | 602/1399 [02:16<02:49,  4.71it/s] 43%|████▎     | 603/1399 [02:16<02:48,  4.72it/s] 43%|████▎     | 604/1399 [02:16<02:48,  4.72it/s] 43%|████▎     | 605/1399 [02:16<02:48,  4.71it/s] 43%|████▎     | 606/1399 [02:16<02:48,  4.72it/s] 43%|████▎     | 607/1399 [02:17<02:48,  4.71it/s] 43%|████▎     | 608/1399 [02:17<02:48,  4.70it/s] 44%|████▎     | 609/1399 [02:17<02:48,  4.70it/s] 44%|████▎     | 610/1399 [02:17<02:48,  4.70it/s] 44%|████▎     | 611/1399 [02:17<02:47,  4.71it/s] 44%|████▎     | 612/1399 [02:18<02:46,  4.72it/s] 44%|████▍     | 613/1399 [02:18<02:46,  4.73it/s] 44%|████▍     | 614/1399 [02:18<02:45,  4.73it/s] 44%|████▍     | 615/1399 [02:18<02:45,  4.73it/s] 44%|████▍     | 616/1399 [02:19<02:45,  4.74it/s] 44%|████▍     | 617/1399 [02:19<02:44,  4.76it/s] 44%|████▍     | 618/1399 [02:19<02:44,  4.75it/s] 44%|████▍     | 619/1399 [02:19<02:44,  4.75it/s] 44%|████▍     | 620/1399 [02:19<02:43,  4.76it/s] 44%|████▍     | 621/1399 [02:20<02:43,  4.75it/s] 44%|████▍     | 622/1399 [02:20<02:43,  4.75it/s] 45%|████▍     | 623/1399 [02:20<02:43,  4.75it/s] 45%|████▍     | 624/1399 [02:20<02:43,  4.75it/s] 45%|████▍     | 625/1399 [02:20<02:43,  4.74it/s] 45%|████▍     | 626/1399 [02:21<02:43,  4.74it/s] 45%|████▍     | 627/1399 [02:21<02:42,  4.75it/s] 45%|████▍     | 628/1399 [02:21<02:42,  4.76it/s] 45%|████▍     | 629/1399 [02:21<02:45,  4.65it/s] 45%|████▌     | 630/1399 [02:22<02:47,  4.60it/s] 45%|████▌     | 631/1399 [02:22<02:49,  4.53it/s] 45%|████▌     | 632/1399 [02:22<02:47,  4.57it/s] 45%|████▌     | 633/1399 [02:22<02:45,  4.63it/s] 45%|████▌     | 634/1399 [02:22<02:44,  4.66it/s] 45%|████▌     | 635/1399 [02:23<02:43,  4.68it/s] 45%|████▌     | 636/1399 [02:23<02:42,  4.68it/s] 46%|████▌     | 637/1399 [02:23<02:42,  4.70it/s] 46%|████▌     | 638/1399 [02:23<02:42,  4.68it/s] 46%|████▌     | 639/1399 [02:23<02:42,  4.68it/s] 46%|████▌     | 640/1399 [02:24<02:41,  4.70it/s] 46%|████▌     | 641/1399 [02:24<02:41,  4.70it/s] 46%|████▌     | 642/1399 [02:24<02:40,  4.71it/s] 46%|████▌     | 643/1399 [02:24<02:39,  4.73it/s] 46%|████▌     | 644/1399 [02:24<02:41,  4.68it/s] 46%|████▌     | 645/1399 [02:25<02:48,  4.48it/s] 46%|████▌     | 646/1399 [02:25<02:47,  4.48it/s] 46%|████▌     | 647/1399 [02:25<02:45,  4.53it/s] 46%|████▋     | 648/1399 [02:25<02:43,  4.58it/s] 46%|████▋     | 649/1399 [02:26<02:44,  4.57it/s] 46%|████▋     | 650/1399 [02:26<02:43,  4.59it/s] 47%|████▋     | 651/1399 [02:26<02:43,  4.59it/s] 47%|████▋     | 652/1399 [02:26<02:48,  4.45it/s] 47%|████▋     | 653/1399 [02:26<02:44,  4.52it/s] 47%|████▋     | 654/1399 [02:27<02:42,  4.59it/s] 47%|████▋     | 655/1399 [02:27<02:40,  4.63it/s] 47%|████▋     | 656/1399 [02:27<02:39,  4.64it/s] 47%|████▋     | 657/1399 [02:27<02:39,  4.64it/s] 47%|████▋     | 658/1399 [02:28<02:38,  4.67it/s] 47%|████▋     | 659/1399 [02:28<02:38,  4.67it/s] 47%|████▋     | 660/1399 [02:28<02:39,  4.65it/s] 47%|████▋     | 661/1399 [02:28<02:38,  4.65it/s] 47%|████▋     | 662/1399 [02:28<02:37,  4.67it/s] 47%|████▋     | 663/1399 [02:29<02:37,  4.67it/s] 47%|████▋     | 664/1399 [02:29<02:36,  4.69it/s] 48%|████▊     | 665/1399 [02:29<02:37,  4.67it/s] 48%|████▊     | 666/1399 [02:29<02:36,  4.68it/s] 48%|████▊     | 667/1399 [02:29<02:37,  4.66it/s] 48%|████▊     | 668/1399 [02:30<02:35,  4.69it/s] 48%|████▊     | 669/1399 [02:30<02:35,  4.71it/s] 48%|████▊     | 670/1399 [02:30<02:35,  4.69it/s] 48%|████▊     | 671/1399 [02:30<02:34,  4.72it/s] 48%|████▊     | 672/1399 [02:31<02:33,  4.73it/s] 48%|████▊     | 673/1399 [02:31<02:34,  4.71it/s] 48%|████▊     | 674/1399 [02:31<02:34,  4.70it/s] 48%|████▊     | 675/1399 [02:31<02:33,  4.71it/s] 48%|████▊     | 676/1399 [02:31<02:34,  4.67it/s] 48%|████▊     | 677/1399 [02:32<02:34,  4.66it/s] 48%|████▊     | 678/1399 [02:32<02:34,  4.67it/s] 49%|████▊     | 679/1399 [02:32<02:33,  4.68it/s] 49%|████▊     | 680/1399 [02:32<02:32,  4.71it/s] 49%|████▊     | 681/1399 [02:32<02:32,  4.71it/s] 49%|████▊     | 682/1399 [02:33<02:32,  4.71it/s] 49%|████▉     | 683/1399 [02:33<02:32,  4.71it/s] 49%|████▉     | 684/1399 [02:33<02:31,  4.72it/s] 49%|████▉     | 685/1399 [02:33<02:31,  4.72it/s] 49%|████▉     | 686/1399 [02:34<02:30,  4.73it/s] 49%|████▉     | 687/1399 [02:34<02:30,  4.74it/s] 49%|████▉     | 688/1399 [02:34<02:30,  4.74it/s] 49%|████▉     | 689/1399 [02:34<02:30,  4.73it/s] 49%|████▉     | 690/1399 [02:34<02:29,  4.73it/s] 49%|████▉     | 691/1399 [02:35<02:29,  4.73it/s] 49%|████▉     | 692/1399 [02:35<02:29,  4.74it/s] 50%|████▉     | 693/1399 [02:35<02:28,  4.74it/s] 50%|████▉     | 694/1399 [02:35<02:28,  4.75it/s] 50%|████▉     | 695/1399 [02:35<02:28,  4.75it/s] 50%|████▉     | 696/1399 [02:36<02:28,  4.74it/s] 50%|████▉     | 697/1399 [02:36<02:27,  4.74it/s] 50%|████▉     | 698/1399 [02:36<02:27,  4.74it/s] 50%|████▉     | 699/1399 [02:36<02:28,  4.73it/s] 50%|█████     | 700/1399 [02:36<02:27,  4.73it/s] 50%|█████     | 701/1399 [02:37<02:27,  4.73it/s] 50%|█████     | 702/1399 [02:37<02:27,  4.72it/s] 50%|█████     | 703/1399 [02:37<02:27,  4.72it/s] 50%|█████     | 704/1399 [02:37<02:27,  4.73it/s] 50%|█████     | 705/1399 [02:38<02:27,  4.71it/s] 50%|█████     | 706/1399 [02:38<02:26,  4.73it/s] 51%|█████     | 707/1399 [02:38<02:27,  4.71it/s] 51%|█████     | 708/1399 [02:38<02:26,  4.70it/s] 51%|█████     | 709/1399 [02:38<02:26,  4.72it/s] 51%|█████     | 710/1399 [02:39<02:26,  4.70it/s] 51%|█████     | 711/1399 [02:39<02:26,  4.71it/s] 51%|█████     | 712/1399 [02:39<02:27,  4.64it/s] 51%|█████     | 713/1399 [02:39<02:27,  4.64it/s] 51%|█████     | 714/1399 [02:39<02:26,  4.67it/s] 51%|█████     | 715/1399 [02:40<02:25,  4.69it/s] 51%|█████     | 716/1399 [02:40<02:25,  4.69it/s] 51%|█████▏    | 717/1399 [02:40<02:28,  4.60it/s] 51%|█████▏    | 718/1399 [02:40<02:26,  4.64it/s] 51%|█████▏    | 719/1399 [02:41<02:26,  4.64it/s] 51%|█████▏    | 720/1399 [02:41<02:25,  4.67it/s] 52%|█████▏    | 721/1399 [02:41<02:26,  4.64it/s] 52%|█████▏    | 722/1399 [02:41<02:25,  4.65it/s] 52%|█████▏    | 723/1399 [02:41<02:27,  4.58it/s] 52%|█████▏    | 724/1399 [02:42<02:28,  4.55it/s] 52%|█████▏    | 725/1399 [02:42<02:27,  4.57it/s] 52%|█████▏    | 726/1399 [02:42<02:25,  4.61it/s] 52%|█████▏    | 727/1399 [02:42<02:27,  4.57it/s] 52%|█████▏    | 728/1399 [02:42<02:25,  4.61it/s] 52%|█████▏    | 729/1399 [02:43<02:24,  4.62it/s] 52%|█████▏    | 730/1399 [02:43<02:25,  4.59it/s] 52%|█████▏    | 731/1399 [02:43<02:26,  4.57it/s] 52%|█████▏    | 732/1399 [02:43<02:26,  4.54it/s] 52%|█████▏    | 733/1399 [02:44<02:26,  4.55it/s] 52%|█████▏    | 734/1399 [02:44<02:25,  4.55it/s] 53%|█████▎    | 735/1399 [02:44<02:27,  4.49it/s] 53%|█████▎    | 736/1399 [02:44<02:25,  4.55it/s] 53%|█████▎    | 737/1399 [02:44<02:25,  4.54it/s] 53%|█████▎    | 738/1399 [02:45<02:25,  4.54it/s] 53%|█████▎    | 739/1399 [02:45<02:25,  4.54it/s] 53%|█████▎    | 740/1399 [02:45<02:24,  4.55it/s] 53%|█████▎    | 741/1399 [02:45<02:24,  4.57it/s] 53%|█████▎    | 742/1399 [02:46<02:22,  4.62it/s] 53%|█████▎    | 743/1399 [02:46<02:21,  4.63it/s] 53%|█████▎    | 744/1399 [02:46<02:20,  4.66it/s] 53%|█████▎    | 745/1399 [02:46<02:20,  4.67it/s] 53%|█████▎    | 746/1399 [02:46<02:20,  4.66it/s] 53%|█████▎    | 747/1399 [02:47<02:20,  4.64it/s] 53%|█████▎    | 748/1399 [02:47<02:19,  4.66it/s] 54%|█████▎    | 749/1399 [02:47<02:19,  4.66it/s] 54%|█████▎    | 750/1399 [02:47<02:18,  4.69it/s] 54%|█████▎    | 751/1399 [02:47<02:17,  4.71it/s] 54%|█████▍    | 752/1399 [02:48<02:17,  4.69it/s] 54%|█████▍    | 753/1399 [02:48<02:17,  4.69it/s] 54%|█████▍    | 754/1399 [02:48<02:17,  4.70it/s] 54%|█████▍    | 755/1399 [02:48<02:17,  4.68it/s] 54%|█████▍    | 756/1399 [02:49<02:17,  4.67it/s] 54%|█████▍    | 757/1399 [02:49<02:17,  4.69it/s] 54%|█████▍    | 758/1399 [02:49<02:16,  4.69it/s] 54%|█████▍    | 759/1399 [02:49<02:16,  4.69it/s] 54%|█████▍    | 760/1399 [02:49<02:15,  4.70it/s] 54%|█████▍    | 761/1399 [02:50<02:15,  4.71it/s] 54%|█████▍    | 762/1399 [02:50<02:15,  4.69it/s] 55%|█████▍    | 763/1399 [02:50<02:16,  4.67it/s] 55%|█████▍    | 764/1399 [02:50<02:15,  4.67it/s] 55%|█████▍    | 765/1399 [02:50<02:15,  4.68it/s] 55%|█████▍    | 766/1399 [02:51<02:15,  4.68it/s] 55%|█████▍    | 767/1399 [02:51<02:15,  4.68it/s] 55%|█████▍    | 768/1399 [02:51<02:14,  4.67it/s] 55%|█████▍    | 769/1399 [02:51<02:14,  4.68it/s] 55%|█████▌    | 770/1399 [02:52<02:14,  4.67it/s] 55%|█████▌    | 771/1399 [02:52<02:14,  4.67it/s] 55%|█████▌    | 772/1399 [02:52<02:14,  4.66it/s] 55%|█████▌    | 773/1399 [02:52<02:14,  4.67it/s] 55%|█████▌    | 774/1399 [02:52<02:13,  4.67it/s] 55%|█████▌    | 775/1399 [02:53<02:13,  4.67it/s] 55%|█████▌    | 776/1399 [02:53<02:13,  4.68it/s] 56%|█████▌    | 777/1399 [02:53<02:13,  4.67it/s] 56%|█████▌    | 778/1399 [02:53<02:12,  4.67it/s] 56%|█████▌    | 779/1399 [02:53<02:13,  4.65it/s] 56%|█████▌    | 780/1399 [02:54<02:13,  4.64it/s] 56%|█████▌    | 781/1399 [02:54<02:13,  4.63it/s] 56%|█████▌    | 782/1399 [02:54<02:12,  4.64it/s] 56%|█████▌    | 783/1399 [02:54<02:11,  4.67it/s] 56%|█████▌    | 784/1399 [02:55<02:11,  4.67it/s] 56%|█████▌    | 785/1399 [02:55<02:11,  4.67it/s] 56%|█████▌    | 786/1399 [02:55<02:11,  4.65it/s] 56%|█████▋    | 787/1399 [02:55<02:10,  4.67it/s] 56%|█████▋    | 788/1399 [02:55<02:10,  4.67it/s] 56%|█████▋    | 789/1399 [02:56<02:10,  4.68it/s] 56%|█████▋    | 790/1399 [02:56<02:10,  4.68it/s] 57%|█████▋    | 791/1399 [02:56<02:10,  4.67it/s] 57%|█████▋    | 792/1399 [02:56<02:10,  4.65it/s] 57%|█████▋    | 793/1399 [02:56<02:09,  4.67it/s] 57%|█████▋    | 794/1399 [02:57<02:09,  4.67it/s] 57%|█████▋    | 795/1399 [02:57<02:09,  4.66it/s] 57%|█████▋    | 796/1399 [02:57<02:09,  4.66it/s] 57%|█████▋    | 797/1399 [02:57<02:09,  4.66it/s] 57%|█████▋    | 798/1399 [02:58<02:09,  4.66it/s] 57%|█████▋    | 799/1399 [02:58<02:08,  4.65it/s] 57%|█████▋    | 800/1399 [02:58<02:08,  4.67it/s] 57%|█████▋    | 801/1399 [02:58<02:07,  4.69it/s] 57%|█████▋    | 802/1399 [02:58<02:07,  4.69it/s] 57%|█████▋    | 803/1399 [02:59<02:07,  4.68it/s] 57%|█████▋    | 804/1399 [02:59<02:07,  4.68it/s] 58%|█████▊    | 805/1399 [02:59<02:06,  4.69it/s] 58%|█████▊    | 806/1399 [02:59<02:06,  4.67it/s] 58%|█████▊    | 807/1399 [02:59<02:06,  4.69it/s] 58%|█████▊    | 808/1399 [03:00<02:06,  4.68it/s] 58%|█████▊    | 809/1399 [03:00<02:05,  4.71it/s] 58%|█████▊    | 810/1399 [03:00<02:05,  4.70it/s] 58%|█████▊    | 811/1399 [03:00<02:05,  4.70it/s] 58%|█████▊    | 812/1399 [03:01<02:05,  4.69it/s] 58%|█████▊    | 813/1399 [03:01<02:05,  4.68it/s] 58%|█████▊    | 814/1399 [03:01<02:04,  4.69it/s] 58%|█████▊    | 815/1399 [03:01<02:04,  4.68it/s] 58%|█████▊    | 816/1399 [03:01<02:04,  4.69it/s] 58%|█████▊    | 817/1399 [03:02<02:04,  4.68it/s] 58%|█████▊    | 818/1399 [03:02<02:04,  4.68it/s] 59%|█████▊    | 819/1399 [03:02<02:03,  4.69it/s] 59%|█████▊    | 820/1399 [03:02<02:03,  4.69it/s] 59%|█████▊    | 821/1399 [03:02<02:03,  4.69it/s] 59%|█████▉    | 822/1399 [03:03<02:03,  4.69it/s] 59%|█████▉    | 823/1399 [03:03<02:02,  4.70it/s] 59%|█████▉    | 824/1399 [03:03<02:02,  4.70it/s] 59%|█████▉    | 825/1399 [03:03<02:02,  4.68it/s] 59%|█████▉    | 826/1399 [03:04<02:01,  4.71it/s] 59%|█████▉    | 827/1399 [03:04<02:01,  4.70it/s] 59%|█████▉    | 828/1399 [03:04<02:01,  4.68it/s] 59%|█████▉    | 829/1399 [03:04<02:01,  4.69it/s] 59%|█████▉    | 830/1399 [03:04<02:01,  4.69it/s] 59%|█████▉    | 831/1399 [03:05<02:00,  4.70it/s] 59%|█████▉    | 832/1399 [03:05<02:00,  4.71it/s] 60%|█████▉    | 833/1399 [03:05<02:00,  4.70it/s] 60%|█████▉    | 834/1399 [03:05<02:00,  4.69it/s] 60%|█████▉    | 835/1399 [03:05<01:59,  4.70it/s] 60%|█████▉    | 836/1399 [03:06<01:59,  4.69it/s] 60%|█████▉    | 837/1399 [03:06<02:00,  4.68it/s] 60%|█████▉    | 838/1399 [03:06<01:59,  4.69it/s] 60%|█████▉    | 839/1399 [03:06<01:59,  4.70it/s] 60%|██████    | 840/1399 [03:07<01:59,  4.68it/s] 60%|██████    | 841/1399 [03:07<01:58,  4.69it/s] 60%|██████    | 842/1399 [03:07<01:58,  4.70it/s] 60%|██████    | 843/1399 [03:07<01:58,  4.68it/s] 60%|██████    | 844/1399 [03:07<01:58,  4.68it/s] 60%|██████    | 845/1399 [03:08<01:58,  4.68it/s] 60%|██████    | 846/1399 [03:08<01:58,  4.67it/s] 61%|██████    | 847/1399 [03:08<01:58,  4.66it/s] 61%|██████    | 848/1399 [03:08<01:57,  4.67it/s] 61%|██████    | 849/1399 [03:08<01:58,  4.66it/s] 61%|██████    | 850/1399 [03:09<01:57,  4.66it/s] 61%|██████    | 851/1399 [03:09<01:57,  4.65it/s] 61%|██████    | 852/1399 [03:09<01:57,  4.66it/s] 61%|██████    | 853/1399 [03:09<01:56,  4.68it/s] 61%|██████    | 854/1399 [03:10<01:56,  4.67it/s] 61%|██████    | 855/1399 [03:10<01:56,  4.67it/s] 61%|██████    | 856/1399 [03:10<01:55,  4.68it/s] 61%|██████▏   | 857/1399 [03:10<01:55,  4.69it/s] 61%|██████▏   | 858/1399 [03:10<01:55,  4.69it/s] 61%|██████▏   | 859/1399 [03:11<01:55,  4.68it/s] 61%|██████▏   | 860/1399 [03:11<01:55,  4.68it/s] 62%|██████▏   | 861/1399 [03:11<01:55,  4.67it/s] 62%|██████▏   | 862/1399 [03:11<01:54,  4.67it/s] 62%|██████▏   | 863/1399 [03:11<01:55,  4.66it/s] 62%|██████▏   | 864/1399 [03:12<01:54,  4.66it/s] 62%|██████▏   | 865/1399 [03:12<01:54,  4.68it/s] 62%|██████▏   | 866/1399 [03:12<01:54,  4.67it/s] 62%|██████▏   | 867/1399 [03:12<01:53,  4.68it/s] 62%|██████▏   | 868/1399 [03:12<01:53,  4.67it/s] 62%|██████▏   | 869/1399 [03:13<01:53,  4.68it/s] 62%|██████▏   | 870/1399 [03:13<01:52,  4.68it/s] 62%|██████▏   | 871/1399 [03:13<01:52,  4.70it/s] 62%|██████▏   | 872/1399 [03:13<01:52,  4.69it/s] 62%|██████▏   | 873/1399 [03:14<01:51,  4.70it/s] 62%|██████▏   | 874/1399 [03:14<01:51,  4.70it/s] 63%|██████▎   | 875/1399 [03:14<01:51,  4.69it/s] 63%|██████▎   | 876/1399 [03:14<01:51,  4.69it/s] 63%|██████▎   | 877/1399 [03:14<01:51,  4.68it/s] 63%|██████▎   | 878/1399 [03:15<01:51,  4.68it/s] 63%|██████▎   | 879/1399 [03:15<01:51,  4.67it/s] 63%|██████▎   | 880/1399 [03:15<01:50,  4.68it/s] 63%|██████▎   | 881/1399 [03:15<01:50,  4.67it/s] 63%|██████▎   | 882/1399 [03:15<01:50,  4.67it/s] 63%|██████▎   | 883/1399 [03:16<01:50,  4.67it/s] 63%|██████▎   | 884/1399 [03:16<01:50,  4.67it/s] 63%|██████▎   | 885/1399 [03:16<01:50,  4.66it/s] 63%|██████▎   | 886/1399 [03:16<01:50,  4.65it/s] 63%|██████▎   | 887/1399 [03:17<01:50,  4.63it/s] 63%|██████▎   | 888/1399 [03:17<01:50,  4.63it/s] 64%|██████▎   | 889/1399 [03:17<01:50,  4.62it/s] 64%|██████▎   | 890/1399 [03:17<01:49,  4.63it/s] 64%|██████▎   | 891/1399 [03:17<01:49,  4.62it/s] 64%|██████▍   | 892/1399 [03:18<01:49,  4.63it/s] 64%|██████▍   | 893/1399 [03:18<01:49,  4.63it/s] 64%|██████▍   | 894/1399 [03:18<01:48,  4.65it/s] 64%|██████▍   | 895/1399 [03:18<01:48,  4.65it/s] 64%|██████▍   | 896/1399 [03:19<01:48,  4.65it/s] 64%|██████▍   | 897/1399 [03:19<01:47,  4.67it/s] 64%|██████▍   | 898/1399 [03:19<01:47,  4.68it/s] 64%|██████▍   | 899/1399 [03:19<01:47,  4.67it/s] 64%|██████▍   | 900/1399 [03:19<01:46,  4.67it/s] 64%|██████▍   | 901/1399 [03:20<01:46,  4.67it/s] 64%|██████▍   | 902/1399 [03:20<01:46,  4.67it/s] 65%|██████▍   | 903/1399 [03:20<01:46,  4.67it/s] 65%|██████▍   | 904/1399 [03:20<01:45,  4.67it/s] 65%|██████▍   | 905/1399 [03:20<01:45,  4.67it/s] 65%|██████▍   | 906/1399 [03:21<01:46,  4.65it/s] 65%|██████▍   | 907/1399 [03:21<01:49,  4.50it/s] 65%|██████▍   | 908/1399 [03:21<01:53,  4.34it/s] 65%|██████▍   | 909/1399 [03:21<01:52,  4.37it/s] 65%|██████▌   | 910/1399 [03:22<01:51,  4.39it/s] 65%|██████▌   | 911/1399 [03:22<01:49,  4.46it/s] 65%|██████▌   | 912/1399 [03:22<01:49,  4.45it/s] 65%|██████▌   | 913/1399 [03:22<01:50,  4.40it/s] 65%|██████▌   | 914/1399 [03:22<01:49,  4.42it/s] 65%|██████▌   | 915/1399 [03:23<01:48,  4.45it/s] 65%|██████▌   | 916/1399 [03:23<01:47,  4.51it/s] 66%|██████▌   | 917/1399 [03:23<01:45,  4.56it/s] 66%|██████▌   | 918/1399 [03:23<01:45,  4.56it/s] 66%|██████▌   | 919/1399 [03:24<01:44,  4.59it/s] 66%|██████▌   | 920/1399 [03:24<01:43,  4.62it/s] 66%|██████▌   | 921/1399 [03:24<01:43,  4.64it/s] 66%|██████▌   | 922/1399 [03:24<01:42,  4.66it/s] 66%|██████▌   | 923/1399 [03:24<01:42,  4.66it/s] 66%|██████▌   | 924/1399 [03:25<01:41,  4.67it/s] 66%|██████▌   | 925/1399 [03:25<01:41,  4.68it/s] 66%|██████▌   | 926/1399 [03:25<01:41,  4.68it/s] 66%|██████▋   | 927/1399 [03:25<01:40,  4.69it/s] 66%|██████▋   | 928/1399 [03:25<01:40,  4.70it/s] 66%|██████▋   | 929/1399 [03:26<01:39,  4.70it/s] 66%|██████▋   | 930/1399 [03:26<01:39,  4.72it/s] 67%|██████▋   | 931/1399 [03:26<01:39,  4.72it/s] 67%|██████▋   | 932/1399 [03:26<01:38,  4.73it/s] 67%|██████▋   | 933/1399 [03:27<01:38,  4.73it/s] 67%|██████▋   | 934/1399 [03:27<01:38,  4.73it/s] 67%|██████▋   | 935/1399 [03:27<01:38,  4.71it/s] 67%|██████▋   | 936/1399 [03:27<01:38,  4.70it/s] 67%|██████▋   | 937/1399 [03:27<01:38,  4.70it/s] 67%|██████▋   | 938/1399 [03:28<01:38,  4.69it/s] 67%|██████▋   | 939/1399 [03:28<01:38,  4.69it/s] 67%|██████▋   | 940/1399 [03:28<01:38,  4.65it/s] 67%|██████▋   | 941/1399 [03:28<01:38,  4.66it/s] 67%|██████▋   | 942/1399 [03:28<01:37,  4.68it/s] 67%|██████▋   | 943/1399 [03:29<01:37,  4.70it/s] 67%|██████▋   | 944/1399 [03:29<01:36,  4.70it/s] 68%|██████▊   | 945/1399 [03:29<01:36,  4.70it/s] 68%|██████▊   | 946/1399 [03:29<01:36,  4.70it/s] 68%|██████▊   | 947/1399 [03:30<01:36,  4.70it/s] 68%|██████▊   | 948/1399 [03:30<01:36,  4.70it/s] 68%|██████▊   | 949/1399 [03:30<01:35,  4.69it/s] 68%|██████▊   | 950/1399 [03:30<01:35,  4.69it/s] 68%|██████▊   | 951/1399 [03:30<01:35,  4.69it/s] 68%|██████▊   | 952/1399 [03:31<01:35,  4.69it/s] 68%|██████▊   | 953/1399 [03:31<01:35,  4.69it/s] 68%|██████▊   | 954/1399 [03:31<01:34,  4.68it/s] 68%|██████▊   | 955/1399 [03:31<01:34,  4.69it/s] 68%|██████▊   | 956/1399 [03:31<01:34,  4.69it/s] 68%|██████▊   | 957/1399 [03:32<01:34,  4.69it/s] 68%|██████▊   | 958/1399 [03:32<01:33,  4.70it/s] 69%|██████▊   | 959/1399 [03:32<01:33,  4.71it/s] 69%|██████▊   | 960/1399 [03:32<01:33,  4.71it/s] 69%|██████▊   | 961/1399 [03:33<01:33,  4.70it/s] 69%|██████▉   | 962/1399 [03:33<01:32,  4.70it/s] 69%|██████▉   | 963/1399 [03:33<01:32,  4.70it/s] 69%|██████▉   | 964/1399 [03:33<01:32,  4.71it/s] 69%|██████▉   | 965/1399 [03:33<01:32,  4.71it/s] 69%|██████▉   | 966/1399 [03:34<01:31,  4.71it/s] 69%|██████▉   | 967/1399 [03:34<01:31,  4.70it/s] 69%|██████▉   | 968/1399 [03:34<01:31,  4.70it/s] 69%|██████▉   | 969/1399 [03:34<01:31,  4.71it/s] 69%|██████▉   | 970/1399 [03:34<01:31,  4.71it/s] 69%|██████▉   | 971/1399 [03:35<01:32,  4.65it/s] 69%|██████▉   | 972/1399 [03:35<01:32,  4.63it/s] 70%|██████▉   | 973/1399 [03:35<01:31,  4.65it/s] 70%|██████▉   | 974/1399 [03:35<01:31,  4.66it/s] 70%|██████▉   | 975/1399 [03:36<01:31,  4.66it/s] 70%|██████▉   | 976/1399 [03:36<01:30,  4.66it/s] 70%|██████▉   | 977/1399 [03:36<01:30,  4.67it/s] 70%|██████▉   | 978/1399 [03:36<01:29,  4.69it/s] 70%|██████▉   | 979/1399 [03:36<01:29,  4.70it/s] 70%|███████   | 980/1399 [03:37<01:29,  4.71it/s] 70%|███████   | 981/1399 [03:37<01:28,  4.70it/s] 70%|███████   | 982/1399 [03:37<01:28,  4.70it/s] 70%|███████   | 983/1399 [03:37<01:28,  4.69it/s] 70%|███████   | 984/1399 [03:37<01:28,  4.71it/s] 70%|███████   | 985/1399 [03:38<01:28,  4.70it/s] 70%|███████   | 986/1399 [03:38<01:27,  4.70it/s] 71%|███████   | 987/1399 [03:38<01:27,  4.71it/s] 71%|███████   | 988/1399 [03:38<01:27,  4.69it/s] 71%|███████   | 989/1399 [03:38<01:26,  4.72it/s] 71%|███████   | 990/1399 [03:39<01:26,  4.72it/s] 71%|███████   | 991/1399 [03:39<01:26,  4.70it/s] 71%|███████   | 992/1399 [03:39<01:26,  4.71it/s] 71%|███████   | 993/1399 [03:39<01:27,  4.66it/s] 71%|███████   | 994/1399 [03:40<01:27,  4.62it/s] 71%|███████   | 995/1399 [03:40<01:27,  4.64it/s] 71%|███████   | 996/1399 [03:40<01:26,  4.67it/s] 71%|███████▏  | 997/1399 [03:40<01:26,  4.67it/s] 71%|███████▏  | 998/1399 [03:40<01:25,  4.68it/s] 71%|███████▏  | 999/1399 [03:41<01:25,  4.68it/s] 71%|███████▏  | 1000/1399 [03:41<01:25,  4.69it/s] 72%|███████▏  | 1001/1399 [03:41<01:24,  4.69it/s] 72%|███████▏  | 1002/1399 [03:41<01:24,  4.70it/s] 72%|███████▏  | 1003/1399 [03:41<01:24,  4.71it/s] 72%|███████▏  | 1004/1399 [03:42<01:24,  4.69it/s] 72%|███████▏  | 1005/1399 [03:42<01:23,  4.69it/s] 72%|███████▏  | 1006/1399 [03:42<01:23,  4.69it/s] 72%|███████▏  | 1007/1399 [03:42<01:23,  4.70it/s] 72%|███████▏  | 1008/1399 [03:43<01:23,  4.70it/s] 72%|███████▏  | 1009/1399 [03:43<01:23,  4.70it/s] 72%|███████▏  | 1010/1399 [03:43<01:24,  4.60it/s] 72%|███████▏  | 1011/1399 [03:43<01:25,  4.56it/s] 72%|███████▏  | 1012/1399 [03:43<01:24,  4.60it/s] 72%|███████▏  | 1013/1399 [03:44<01:23,  4.63it/s] 72%|███████▏  | 1014/1399 [03:44<01:22,  4.65it/s] 73%|███████▎  | 1015/1399 [03:44<01:22,  4.68it/s] 73%|███████▎  | 1016/1399 [03:44<01:21,  4.69it/s] 73%|███████▎  | 1017/1399 [03:44<01:21,  4.69it/s] 73%|███████▎  | 1018/1399 [03:45<01:21,  4.70it/s] 73%|███████▎  | 1019/1399 [03:45<01:20,  4.70it/s] 73%|███████▎  | 1020/1399 [03:45<01:20,  4.70it/s] 73%|███████▎  | 1021/1399 [03:45<01:20,  4.71it/s] 73%|███████▎  | 1022/1399 [03:46<01:19,  4.72it/s] 73%|███████▎  | 1023/1399 [03:46<01:19,  4.72it/s] 73%|███████▎  | 1024/1399 [03:46<01:19,  4.70it/s] 73%|███████▎  | 1025/1399 [03:46<01:19,  4.70it/s] 73%|███████▎  | 1026/1399 [03:46<01:19,  4.70it/s] 73%|███████▎  | 1027/1399 [03:47<01:19,  4.67it/s] 73%|███████▎  | 1028/1399 [03:47<01:19,  4.68it/s] 74%|███████▎  | 1029/1399 [03:47<01:18,  4.69it/s] 74%|███████▎  | 1030/1399 [03:47<01:19,  4.66it/s] 74%|███████▎  | 1031/1399 [03:47<01:18,  4.68it/s] 74%|███████▍  | 1032/1399 [03:48<01:18,  4.67it/s] 74%|███████▍  | 1033/1399 [03:48<01:19,  4.62it/s] 74%|███████▍  | 1034/1399 [03:48<01:19,  4.57it/s] 74%|███████▍  | 1035/1399 [03:48<01:18,  4.62it/s] 74%|███████▍  | 1036/1399 [03:49<01:18,  4.64it/s] 74%|███████▍  | 1037/1399 [03:49<01:18,  4.61it/s] 74%|███████▍  | 1038/1399 [03:49<01:19,  4.57it/s] 74%|███████▍  | 1039/1399 [03:49<01:19,  4.56it/s] 74%|███████▍  | 1040/1399 [03:49<01:20,  4.48it/s] 74%|███████▍  | 1041/1399 [03:50<01:21,  4.39it/s] 74%|███████▍  | 1042/1399 [03:50<01:20,  4.42it/s] 75%|███████▍  | 1043/1399 [03:50<01:20,  4.40it/s] 75%|███████▍  | 1044/1399 [03:50<01:20,  4.42it/s] 75%|███████▍  | 1045/1399 [03:51<01:20,  4.39it/s] 75%|███████▍  | 1046/1399 [03:51<01:18,  4.49it/s] 75%|███████▍  | 1047/1399 [03:51<01:16,  4.58it/s] 75%|███████▍  | 1048/1399 [03:51<01:15,  4.62it/s] 75%|███████▍  | 1049/1399 [03:51<01:14,  4.67it/s] 75%|███████▌  | 1050/1399 [04:00<16:33,  2.85s/it] 75%|███████▌  | 1051/1399 [04:01<11:55,  2.06s/it] 75%|███████▌  | 1052/1399 [04:01<08:41,  1.50s/it] 75%|███████▌  | 1053/1399 [04:01<06:25,  1.11s/it] 75%|███████▌  | 1054/1399 [04:01<04:50,  1.19it/s] 75%|███████▌  | 1055/1399 [04:01<03:44,  1.53it/s] 75%|███████▌  | 1056/1399 [04:02<02:58,  1.93it/s] 76%|███████▌  | 1057/1399 [04:02<02:25,  2.35it/s] 76%|███████▌  | 1058/1399 [04:02<02:03,  2.77it/s] 76%|███████▌  | 1059/1399 [04:02<01:47,  3.17it/s] 76%|███████▌  | 1060/1399 [04:03<01:36,  3.52it/s] 76%|███████▌  | 1061/1399 [04:03<01:28,  3.83it/s] 76%|███████▌  | 1062/1399 [04:03<01:22,  4.07it/s] 76%|███████▌  | 1063/1399 [04:03<01:18,  4.26it/s] 76%|███████▌  | 1064/1399 [04:03<01:16,  4.40it/s] 76%|███████▌  | 1065/1399 [04:04<01:14,  4.51it/s] 76%|███████▌  | 1066/1399 [04:04<01:12,  4.59it/s] 76%|███████▋  | 1067/1399 [04:04<01:11,  4.64it/s] 76%|███████▋  | 1068/1399 [04:04<01:10,  4.69it/s] 76%|███████▋  | 1069/1399 [04:04<01:10,  4.71it/s] 76%|███████▋  | 1070/1399 [04:05<01:09,  4.74it/s] 77%|███████▋  | 1071/1399 [04:05<01:09,  4.75it/s] 77%|███████▋  | 1072/1399 [04:05<01:08,  4.76it/s] 77%|███████▋  | 1073/1399 [04:05<01:08,  4.78it/s] 77%|███████▋  | 1074/1399 [04:05<01:08,  4.78it/s] 77%|███████▋  | 1075/1399 [04:06<01:07,  4.78it/s] 77%|███████▋  | 1076/1399 [04:06<01:07,  4.78it/s] 77%|███████▋  | 1077/1399 [04:06<01:07,  4.78it/s] 77%|███████▋  | 1078/1399 [04:06<01:07,  4.78it/s] 77%|███████▋  | 1079/1399 [04:06<01:06,  4.79it/s] 77%|███████▋  | 1080/1399 [04:07<01:06,  4.79it/s] 77%|███████▋  | 1081/1399 [04:07<01:06,  4.78it/s] 77%|███████▋  | 1082/1399 [04:07<01:06,  4.79it/s] 77%|███████▋  | 1083/1399 [04:07<01:05,  4.79it/s] 77%|███████▋  | 1084/1399 [04:08<01:05,  4.79it/s] 78%|███████▊  | 1085/1399 [04:08<01:05,  4.80it/s] 78%|███████▊  | 1086/1399 [04:08<01:05,  4.79it/s] 78%|███████▊  | 1087/1399 [04:08<01:05,  4.79it/s] 78%|███████▊  | 1088/1399 [04:08<01:04,  4.79it/s] 78%|███████▊  | 1089/1399 [04:09<01:04,  4.80it/s] 78%|███████▊  | 1090/1399 [04:09<01:04,  4.79it/s] 78%|███████▊  | 1091/1399 [04:09<01:04,  4.79it/s] 78%|███████▊  | 1092/1399 [04:09<01:04,  4.79it/s] 78%|███████▊  | 1093/1399 [04:09<01:03,  4.79it/s] 78%|███████▊  | 1094/1399 [04:10<01:03,  4.79it/s] 78%|███████▊  | 1095/1399 [04:10<01:03,  4.79it/s] 78%|███████▊  | 1096/1399 [04:10<01:03,  4.79it/s] 78%|███████▊  | 1097/1399 [04:10<01:03,  4.78it/s] 78%|███████▊  | 1098/1399 [04:10<01:02,  4.78it/s] 79%|███████▊  | 1099/1399 [04:11<01:02,  4.79it/s] 79%|███████▊  | 1100/1399 [04:11<01:02,  4.78it/s] 79%|███████▊  | 1101/1399 [04:11<01:02,  4.78it/s] 79%|███████▉  | 1102/1399 [04:11<01:02,  4.78it/s] 79%|███████▉  | 1103/1399 [04:11<01:01,  4.79it/s] 79%|███████▉  | 1104/1399 [04:12<01:01,  4.78it/s] 79%|███████▉  | 1105/1399 [04:12<01:01,  4.77it/s] 79%|███████▉  | 1106/1399 [04:12<01:01,  4.77it/s] 79%|███████▉  | 1107/1399 [04:12<01:01,  4.77it/s] 79%|███████▉  | 1108/1399 [04:13<01:00,  4.78it/s] 79%|███████▉  | 1109/1399 [04:13<01:00,  4.78it/s] 79%|███████▉  | 1110/1399 [04:13<01:00,  4.76it/s] 79%|███████▉  | 1111/1399 [04:13<01:00,  4.76it/s] 79%|███████▉  | 1112/1399 [04:13<01:00,  4.76it/s] 80%|███████▉  | 1113/1399 [04:14<01:00,  4.76it/s] 80%|███████▉  | 1114/1399 [04:14<00:59,  4.76it/s] 80%|███████▉  | 1115/1399 [04:14<00:59,  4.76it/s] 80%|███████▉  | 1116/1399 [04:14<00:59,  4.76it/s] 80%|███████▉  | 1117/1399 [04:14<00:59,  4.77it/s] 80%|███████▉  | 1118/1399 [04:15<00:58,  4.76it/s] 80%|███████▉  | 1119/1399 [04:15<00:58,  4.76it/s] 80%|████████  | 1120/1399 [04:15<00:58,  4.77it/s] 80%|████████  | 1121/1399 [04:15<00:58,  4.78it/s] 80%|████████  | 1122/1399 [04:15<00:57,  4.79it/s] 80%|████████  | 1123/1399 [04:16<00:57,  4.79it/s] 80%|████████  | 1124/1399 [04:16<00:57,  4.79it/s] 80%|████████  | 1125/1399 [04:16<00:57,  4.79it/s] 80%|████████  | 1126/1399 [04:16<00:56,  4.79it/s] 81%|████████  | 1127/1399 [04:17<00:56,  4.80it/s] 81%|████████  | 1128/1399 [04:17<00:56,  4.80it/s] 81%|████████  | 1129/1399 [04:17<00:56,  4.79it/s] 81%|████████  | 1130/1399 [04:17<00:56,  4.80it/s] 81%|████████  | 1131/1399 [04:17<00:55,  4.79it/s] 81%|████████  | 1132/1399 [04:18<00:55,  4.79it/s] 81%|████████  | 1133/1399 [04:18<00:55,  4.79it/s] 81%|████████  | 1134/1399 [04:18<00:55,  4.78it/s] 81%|████████  | 1135/1399 [04:18<00:55,  4.79it/s] 81%|████████  | 1136/1399 [04:18<00:54,  4.80it/s] 81%|████████▏ | 1137/1399 [04:19<00:54,  4.77it/s] 81%|████████▏ | 1138/1399 [04:19<01:01,  4.21it/s] 81%|████████▏ | 1139/1399 [04:19<01:04,  4.04it/s] 81%|████████▏ | 1140/1399 [04:19<01:07,  3.85it/s] 82%|████████▏ | 1141/1399 [04:20<01:03,  4.08it/s] 82%|████████▏ | 1142/1399 [04:20<01:01,  4.17it/s] 82%|████████▏ | 1143/1399 [04:20<00:59,  4.33it/s] 82%|████████▏ | 1144/1399 [04:20<00:57,  4.45it/s] 82%|████████▏ | 1145/1399 [04:21<00:55,  4.55it/s] 82%|████████▏ | 1146/1399 [04:21<00:56,  4.48it/s] 82%|████████▏ | 1147/1399 [04:21<00:55,  4.56it/s] 82%|████████▏ | 1148/1399 [04:21<00:54,  4.61it/s] 82%|████████▏ | 1149/1399 [04:21<00:53,  4.63it/s] 82%|████████▏ | 1150/1399 [04:22<00:53,  4.64it/s] 82%|████████▏ | 1151/1399 [04:22<00:52,  4.68it/s] 82%|████████▏ | 1152/1399 [04:22<00:52,  4.72it/s] 82%|████████▏ | 1153/1399 [04:22<00:51,  4.74it/s] 82%|████████▏ | 1154/1399 [04:22<00:51,  4.76it/s] 83%|████████▎ | 1155/1399 [04:23<00:51,  4.77it/s] 83%|████████▎ | 1156/1399 [04:23<00:50,  4.78it/s] 83%|████████▎ | 1157/1399 [04:23<00:50,  4.78it/s] 83%|████████▎ | 1158/1399 [04:23<00:50,  4.76it/s] 83%|████████▎ | 1159/1399 [04:23<00:50,  4.75it/s] 83%|████████▎ | 1160/1399 [04:24<00:50,  4.77it/s] 83%|████████▎ | 1161/1399 [04:24<00:49,  4.77it/s] 83%|████████▎ | 1162/1399 [04:24<00:51,  4.58it/s] 83%|████████▎ | 1163/1399 [04:24<00:50,  4.64it/s] 83%|████████▎ | 1164/1399 [04:25<00:50,  4.64it/s] 83%|████████▎ | 1165/1399 [04:25<00:50,  4.67it/s] 83%|████████▎ | 1166/1399 [04:25<00:49,  4.70it/s] 83%|████████▎ | 1167/1399 [04:25<00:51,  4.51it/s] 83%|████████▎ | 1168/1399 [04:25<00:50,  4.59it/s] 84%|████████▎ | 1169/1399 [04:26<00:49,  4.65it/s] 84%|████████▎ | 1170/1399 [04:26<00:50,  4.52it/s] 84%|████████▎ | 1171/1399 [04:26<00:49,  4.59it/s] 84%|████████▍ | 1172/1399 [04:26<00:48,  4.65it/s] 84%|████████▍ | 1173/1399 [04:27<00:48,  4.64it/s] 84%|████████▍ | 1174/1399 [04:27<00:48,  4.63it/s] 84%|████████▍ | 1175/1399 [04:27<00:47,  4.67it/s] 84%|████████▍ | 1176/1399 [04:27<00:49,  4.53it/s] 84%|████████▍ | 1177/1399 [04:27<00:48,  4.59it/s] 84%|████████▍ | 1178/1399 [04:28<00:47,  4.61it/s] 84%|████████▍ | 1179/1399 [04:28<00:47,  4.62it/s] 84%|████████▍ | 1180/1399 [04:28<00:46,  4.67it/s] 84%|████████▍ | 1181/1399 [04:28<00:47,  4.60it/s] 84%|████████▍ | 1182/1399 [04:28<00:46,  4.64it/s] 85%|████████▍ | 1183/1399 [04:29<00:46,  4.64it/s] 85%|████████▍ | 1184/1399 [04:29<00:46,  4.67it/s] 85%|████████▍ | 1185/1399 [04:29<00:45,  4.69it/s] 85%|████████▍ | 1186/1399 [04:29<00:45,  4.72it/s] 85%|████████▍ | 1187/1399 [04:30<00:44,  4.74it/s] 85%|████████▍ | 1188/1399 [04:30<00:44,  4.75it/s] 85%|████████▍ | 1189/1399 [04:30<00:44,  4.76it/s] 85%|████████▌ | 1190/1399 [04:30<00:43,  4.76it/s] 85%|████████▌ | 1191/1399 [04:30<00:43,  4.76it/s] 85%|████████▌ | 1192/1399 [04:31<00:43,  4.77it/s] 85%|████████▌ | 1193/1399 [04:31<00:44,  4.68it/s] 85%|████████▌ | 1194/1399 [04:31<00:43,  4.68it/s] 85%|████████▌ | 1195/1399 [04:31<00:43,  4.71it/s] 85%|████████▌ | 1196/1399 [04:31<00:42,  4.74it/s] 86%|████████▌ | 1197/1399 [04:32<00:42,  4.76it/s] 86%|████████▌ | 1198/1399 [04:32<00:42,  4.78it/s] 86%|████████▌ | 1199/1399 [04:32<00:41,  4.78it/s] 86%|████████▌ | 1200/1399 [04:32<00:41,  4.78it/s] 86%|████████▌ | 1201/1399 [04:32<00:41,  4.79it/s] 86%|████████▌ | 1202/1399 [04:33<00:41,  4.79it/s] 86%|████████▌ | 1203/1399 [04:33<00:40,  4.78it/s] 86%|████████▌ | 1204/1399 [04:33<00:41,  4.68it/s] 86%|████████▌ | 1205/1399 [04:33<00:41,  4.71it/s] 86%|████████▌ | 1206/1399 [04:34<00:40,  4.73it/s] 86%|████████▋ | 1207/1399 [04:34<00:40,  4.74it/s] 86%|████████▋ | 1208/1399 [04:34<00:40,  4.75it/s] 86%|████████▋ | 1209/1399 [04:34<00:39,  4.76it/s] 86%|████████▋ | 1210/1399 [04:34<00:39,  4.77it/s] 87%|████████▋ | 1211/1399 [04:35<00:39,  4.76it/s] 87%|████████▋ | 1212/1399 [04:35<00:39,  4.76it/s] 87%|████████▋ | 1213/1399 [04:35<00:39,  4.77it/s] 87%|████████▋ | 1214/1399 [04:35<00:38,  4.77it/s] 87%|████████▋ | 1215/1399 [04:35<00:38,  4.77it/s] 87%|████████▋ | 1216/1399 [04:36<00:38,  4.77it/s] 87%|████████▋ | 1217/1399 [04:36<00:38,  4.78it/s] 87%|████████▋ | 1218/1399 [04:36<00:37,  4.78it/s] 87%|████████▋ | 1219/1399 [04:36<00:37,  4.77it/s] 87%|████████▋ | 1220/1399 [04:36<00:37,  4.76it/s] 87%|████████▋ | 1221/1399 [04:37<00:38,  4.65it/s] 87%|████████▋ | 1222/1399 [04:37<00:37,  4.68it/s] 87%|████████▋ | 1223/1399 [04:37<00:37,  4.70it/s] 87%|████████▋ | 1224/1399 [04:37<00:37,  4.71it/s] 88%|████████▊ | 1225/1399 [04:38<00:36,  4.73it/s] 88%|████████▊ | 1226/1399 [04:38<00:36,  4.74it/s] 88%|████████▊ | 1227/1399 [04:38<00:36,  4.74it/s] 88%|████████▊ | 1228/1399 [04:38<00:36,  4.74it/s] 88%|████████▊ | 1229/1399 [04:38<00:35,  4.75it/s] 88%|████████▊ | 1230/1399 [04:39<00:35,  4.75it/s] 88%|████████▊ | 1231/1399 [04:39<00:35,  4.75it/s] 88%|████████▊ | 1232/1399 [04:39<00:35,  4.76it/s] 88%|████████▊ | 1233/1399 [04:39<00:34,  4.77it/s] 88%|████████▊ | 1234/1399 [04:39<00:34,  4.77it/s] 88%|████████▊ | 1235/1399 [04:40<00:34,  4.77it/s] 88%|████████▊ | 1236/1399 [04:40<00:36,  4.42it/s] 88%|████████▊ | 1237/1399 [04:40<00:35,  4.53it/s] 88%|████████▊ | 1238/1399 [04:40<00:35,  4.60it/s] 89%|████████▊ | 1239/1399 [04:41<00:34,  4.65it/s] 89%|████████▊ | 1240/1399 [04:41<00:33,  4.68it/s] 89%|████████▊ | 1241/1399 [04:41<00:33,  4.72it/s] 89%|████████▉ | 1242/1399 [04:41<00:33,  4.72it/s] 89%|████████▉ | 1243/1399 [04:41<00:32,  4.74it/s] 89%|████████▉ | 1244/1399 [04:42<00:32,  4.71it/s] 89%|████████▉ | 1245/1399 [04:42<00:32,  4.73it/s] 89%|████████▉ | 1246/1399 [04:42<00:32,  4.73it/s] 89%|████████▉ | 1247/1399 [04:42<00:32,  4.75it/s] 89%|████████▉ | 1248/1399 [04:42<00:31,  4.76it/s] 89%|████████▉ | 1249/1399 [04:43<00:31,  4.75it/s] 89%|████████▉ | 1250/1399 [04:43<00:31,  4.71it/s] 89%|████████▉ | 1251/1399 [04:43<00:31,  4.71it/s] 89%|████████▉ | 1252/1399 [04:43<00:31,  4.70it/s] 90%|████████▉ | 1253/1399 [04:43<00:30,  4.71it/s] 90%|████████▉ | 1254/1399 [04:44<00:30,  4.71it/s] 90%|████████▉ | 1255/1399 [04:44<00:30,  4.71it/s] 90%|████████▉ | 1256/1399 [04:44<00:30,  4.70it/s] 90%|████████▉ | 1257/1399 [04:44<00:30,  4.71it/s] 90%|████████▉ | 1258/1399 [04:45<00:29,  4.72it/s] 90%|████████▉ | 1259/1399 [04:45<00:29,  4.72it/s] 90%|█████████ | 1260/1399 [04:45<00:29,  4.73it/s] 90%|█████████ | 1261/1399 [04:45<00:28,  4.81it/s] 90%|█████████ | 1262/1399 [04:45<00:28,  4.86it/s] 90%|█████████ | 1263/1399 [04:46<00:28,  4.81it/s] 90%|█████████ | 1264/1399 [04:46<00:28,  4.76it/s] 90%|█████████ | 1265/1399 [04:46<00:28,  4.74it/s] 90%|█████████ | 1266/1399 [04:46<00:28,  4.74it/s] 91%|█████████ | 1267/1399 [04:46<00:27,  4.72it/s] 91%|█████████ | 1268/1399 [04:47<00:27,  4.70it/s] 91%|█████████ | 1269/1399 [04:47<00:27,  4.70it/s] 91%|█████████ | 1270/1399 [04:47<00:26,  4.79it/s] 91%|█████████ | 1271/1399 [04:47<00:26,  4.84it/s] 91%|█████████ | 1272/1399 [04:47<00:26,  4.83it/s] 91%|█████████ | 1273/1399 [04:48<00:25,  4.88it/s] 91%|█████████ | 1274/1399 [04:48<00:25,  4.82it/s] 91%|█████████ | 1275/1399 [04:48<00:25,  4.77it/s] 91%|█████████ | 1276/1399 [04:48<00:25,  4.74it/s] 91%|█████████▏| 1277/1399 [04:49<00:25,  4.71it/s] 91%|█████████▏| 1278/1399 [04:49<00:25,  4.70it/s] 91%|█████████▏| 1279/1399 [04:49<00:25,  4.69it/s] 91%|█████████▏| 1280/1399 [04:49<00:24,  4.77it/s] 92%|█████████▏| 1281/1399 [04:49<00:24,  4.83it/s] 92%|█████████▏| 1282/1399 [04:50<00:23,  4.88it/s] 92%|█████████▏| 1283/1399 [04:50<00:23,  4.90it/s] 92%|█████████▏| 1284/1399 [04:50<00:23,  4.93it/s] 92%|█████████▏| 1285/1399 [04:50<00:23,  4.94it/s] 92%|█████████▏| 1286/1399 [04:50<00:22,  4.95it/s] 92%|█████████▏| 1287/1399 [04:51<00:22,  4.96it/s] 92%|█████████▏| 1288/1399 [04:51<00:22,  4.96it/s] 92%|█████████▏| 1289/1399 [04:51<00:22,  4.96it/s] 92%|█████████▏| 1290/1399 [04:51<00:21,  4.96it/s] 92%|█████████▏| 1291/1399 [04:51<00:21,  4.97it/s] 92%|█████████▏| 1292/1399 [04:52<00:21,  4.97it/s] 92%|█████████▏| 1293/1399 [04:52<00:21,  4.98it/s] 92%|█████████▏| 1294/1399 [04:52<00:21,  4.98it/s] 93%|█████████▎| 1295/1399 [04:52<00:20,  4.98it/s] 93%|█████████▎| 1296/1399 [04:52<00:20,  4.97it/s] 93%|█████████▎| 1297/1399 [04:53<00:20,  4.96it/s] 93%|█████████▎| 1298/1399 [04:53<00:20,  4.95it/s] 93%|█████████▎| 1299/1399 [04:53<00:20,  4.96it/s] 93%|█████████▎| 1300/1399 [04:53<00:19,  4.97it/s] 93%|█████████▎| 1301/1399 [04:53<00:19,  4.96it/s] 93%|█████████▎| 1302/1399 [04:54<00:19,  4.96it/s] 93%|█████████▎| 1303/1399 [04:54<00:19,  4.96it/s] 93%|█████████▎| 1304/1399 [04:54<00:19,  4.97it/s] 93%|█████████▎| 1305/1399 [04:54<00:18,  4.95it/s] 93%|█████████▎| 1306/1399 [04:54<00:18,  4.95it/s] 93%|█████████▎| 1307/1399 [04:55<00:18,  4.94it/s] 93%|█████████▎| 1308/1399 [04:55<00:18,  4.94it/s] 94%|█████████▎| 1309/1399 [04:55<00:18,  4.95it/s] 94%|█████████▎| 1310/1399 [04:55<00:17,  4.96it/s] 94%|█████████▎| 1311/1399 [04:55<00:17,  4.97it/s] 94%|█████████▍| 1312/1399 [04:56<00:17,  4.97it/s] 94%|█████████▍| 1313/1399 [04:56<00:17,  4.97it/s] 94%|█████████▍| 1314/1399 [04:56<00:17,  4.97it/s] 94%|█████████▍| 1315/1399 [04:56<00:16,  4.96it/s] 94%|█████████▍| 1316/1399 [04:56<00:16,  4.96it/s] 94%|█████████▍| 1317/1399 [04:57<00:16,  4.97it/s] 94%|█████████▍| 1318/1399 [04:57<00:16,  4.98it/s] 94%|█████████▍| 1319/1399 [04:57<00:16,  4.98it/s] 94%|█████████▍| 1320/1399 [04:57<00:15,  4.98it/s] 94%|█████████▍| 1321/1399 [04:57<00:15,  4.98it/s] 94%|█████████▍| 1322/1399 [04:58<00:15,  4.96it/s] 95%|█████████▍| 1323/1399 [04:58<00:15,  4.95it/s] 95%|█████████▍| 1324/1399 [04:58<00:15,  4.96it/s] 95%|█████████▍| 1325/1399 [04:58<00:14,  4.94it/s] 95%|█████████▍| 1326/1399 [04:58<00:14,  4.94it/s] 95%|█████████▍| 1327/1399 [04:59<00:14,  4.93it/s] 95%|█████████▍| 1328/1399 [04:59<00:14,  4.92it/s] 95%|█████████▍| 1329/1399 [04:59<00:14,  4.92it/s] 95%|█████████▌| 1330/1399 [04:59<00:14,  4.91it/s] 95%|█████████▌| 1331/1399 [04:59<00:13,  4.91it/s] 95%|█████████▌| 1332/1399 [05:00<00:13,  4.92it/s] 95%|█████████▌| 1333/1399 [05:00<00:13,  4.92it/s] 95%|█████████▌| 1334/1399 [05:00<00:13,  4.94it/s] 95%|█████████▌| 1335/1399 [05:00<00:12,  4.93it/s] 95%|█████████▌| 1336/1399 [05:00<00:12,  4.93it/s] 96%|█████████▌| 1337/1399 [05:01<00:12,  4.94it/s] 96%|█████████▌| 1338/1399 [05:01<00:12,  4.94it/s] 96%|█████████▌| 1339/1399 [05:01<00:12,  4.94it/s] 96%|█████████▌| 1340/1399 [05:01<00:11,  4.93it/s] 96%|█████████▌| 1341/1399 [05:01<00:11,  4.94it/s] 96%|█████████▌| 1342/1399 [05:02<00:11,  4.85it/s] 96%|█████████▌| 1343/1399 [05:02<00:11,  4.89it/s] 96%|█████████▌| 1344/1399 [05:02<00:11,  4.91it/s] 96%|█████████▌| 1345/1399 [05:02<00:10,  4.92it/s] 96%|█████████▌| 1346/1399 [05:02<00:10,  4.94it/s] 96%|█████████▋| 1347/1399 [05:03<00:10,  4.95it/s] 96%|█████████▋| 1348/1399 [05:03<00:10,  4.95it/s] 96%|█████████▋| 1349/1399 [05:03<00:10,  4.96it/s] 96%|█████████▋| 1350/1399 [05:03<00:09,  4.97it/s] 97%|█████████▋| 1351/1399 [05:03<00:09,  4.98it/s] 97%|█████████▋| 1352/1399 [05:04<00:09,  4.98it/s] 97%|█████████▋| 1353/1399 [05:04<00:09,  4.98it/s] 97%|█████████▋| 1354/1399 [05:04<00:09,  4.98it/s] 97%|█████████▋| 1355/1399 [05:04<00:08,  4.96it/s] 97%|█████████▋| 1356/1399 [05:05<00:08,  4.96it/s] 97%|█████████▋| 1357/1399 [05:05<00:08,  4.96it/s] 97%|█████████▋| 1358/1399 [05:05<00:08,  4.95it/s] 97%|█████████▋| 1359/1399 [05:05<00:08,  4.95it/s] 97%|█████████▋| 1360/1399 [05:05<00:07,  4.93it/s] 97%|█████████▋| 1361/1399 [05:06<00:07,  4.93it/s] 97%|█████████▋| 1362/1399 [05:06<00:07,  4.93it/s] 97%|█████████▋| 1363/1399 [05:06<00:07,  4.92it/s] 97%|█████████▋| 1364/1399 [05:06<00:07,  4.92it/s] 98%|█████████▊| 1365/1399 [05:06<00:06,  4.92it/s] 98%|█████████▊| 1366/1399 [05:07<00:06,  4.93it/s] 98%|█████████▊| 1367/1399 [05:07<00:06,  4.94it/s] 98%|█████████▊| 1368/1399 [05:07<00:06,  4.93it/s] 98%|█████████▊| 1369/1399 [05:07<00:06,  4.94it/s] 98%|█████████▊| 1370/1399 [05:07<00:05,  4.95it/s] 98%|█████████▊| 1371/1399 [05:08<00:05,  4.96it/s] 98%|█████████▊| 1372/1399 [05:08<00:05,  4.96it/s] 98%|█████████▊| 1373/1399 [05:08<00:05,  4.96it/s] 98%|█████████▊| 1374/1399 [05:08<00:05,  4.97it/s] 98%|█████████▊| 1375/1399 [05:08<00:04,  4.96it/s] 98%|█████████▊| 1376/1399 [05:09<00:04,  4.96it/s] 98%|█████████▊| 1377/1399 [05:09<00:04,  4.96it/s] 98%|█████████▊| 1378/1399 [05:09<00:04,  4.95it/s] 99%|█████████▊| 1379/1399 [05:09<00:04,  4.96it/s] 99%|█████████▊| 1380/1399 [05:09<00:03,  4.97it/s] 99%|█████████▊| 1381/1399 [05:10<00:03,  4.97it/s] 99%|█████████▉| 1382/1399 [05:10<00:03,  4.96it/s] 99%|█████████▉| 1383/1399 [05:10<00:03,  4.97it/s] 99%|█████████▉| 1384/1399 [05:10<00:03,  4.96it/s] 99%|█████████▉| 1385/1399 [05:10<00:02,  4.97it/s] 99%|█████████▉| 1386/1399 [05:11<00:02,  4.97it/s] 99%|█████████▉| 1387/1399 [05:11<00:02,  4.96it/s] 99%|█████████▉| 1388/1399 [05:11<00:02,  4.97it/s] 99%|█████████▉| 1389/1399 [05:11<00:02,  4.96it/s] 99%|█████████▉| 1390/1399 [05:11<00:01,  4.96it/s] 99%|█████████▉| 1391/1399 [05:12<00:01,  4.96it/s] 99%|█████████▉| 1392/1399 [05:12<00:01,  4.96it/s]100%|█████████▉| 1393/1399 [05:12<00:01,  4.96it/s]100%|█████████▉| 1394/1399 [05:12<00:01,  4.96it/s]100%|█████████▉| 1395/1399 [05:12<00:00,  4.97it/s]100%|█████████▉| 1396/1399 [05:13<00:00,  4.98it/s]100%|█████████▉| 1397/1399 [05:13<00:00,  4.98it/s]100%|█████████▉| 1398/1399 [05:13<00:00,  4.99it/s]100%|██████████| 1399/1399 [05:13<00:00,  5.03it/s]100%|██████████| 1399/1399 [05:13<00:00,  4.46it/s]
kilosort.run_kilosort: 20731586 spikes extracted in 324.29s; total 326.66s
kilosort.run_kilosort:  
kilosort.run_kilosort: Resource usage after spike detect (univ)
kilosort.run_kilosort: ********************************************************
kilosort.run_kilosort: CPU usage:     0.00 %
kilosort.run_kilosort: Mem used:      6.40 %     |       7.90 GB
kilosort.run_kilosort: Mem avail:    115.13 / 123.03 GB
kilosort.run_kilosort: ------------------------------------------------------
kilosort.run_kilosort: GPU usage:    `conda install pynvml` for GPU usage
kilosort.run_kilosort: GPU memory:   28.34 %     |      8.89   /    31.36 GB
kilosort.run_kilosort: Allocated:     0.11 %     |      0.03   /    31.36 GB
kilosort.run_kilosort: Max alloc:    16.10 %     |      5.05   /    31.36 GB
kilosort.run_kilosort: ********************************************************
kilosort.run_kilosort:  
kilosort.run_kilosort: First clustering
kilosort.run_kilosort: ----------------------------------------
  0%|          | 0/4 [00:00<?, ?it/s]/home/kbsuresh/.conda/envs/dartsort/lib/python3.14/site-packages/kilosort/clustering_qr.py:94: UserWarning: Sparse invariant checks are implicitly disabled. Memory errors (e.g. SEGFAULT) will occur when operating on a sparse tensor which violates the invariants, but checks incur performance overhead. To silence this warning, explicitly opt in or out. See `torch.sparse.check_sparse_tensor_invariants.__doc__` for guidance.  (Triggered internally at /home/conda/feedstock_root/build_artifacts/libtorch_1784990605524/work/aten/src/ATen/Context.cpp:816.)
  xS = coo(iis, tones2.flatten(), (nsub, nclust))
 25%|██▌       | 1/4 [02:42<08:08, 162.88s/it] 50%|█████     | 2/4 [05:31<05:32, 166.09s/it] 75%|███████▌  | 3/4 [08:04<02:40, 160.09s/it]100%|██████████| 4/4 [10:16<00:00, 148.95s/it]100%|██████████| 4/4 [10:16<00:00, 154.01s/it]
kilosort.run_kilosort: 1069 clusters found, in 625.13s; total 951.82s
kilosort.run_kilosort:  
kilosort.run_kilosort: Resource usage after first clustering
kilosort.run_kilosort: ********************************************************
kilosort.run_kilosort: CPU usage:     0.00 %
kilosort.run_kilosort: Mem used:     10.20 %     |      12.50 GB
kilosort.run_kilosort: Mem avail:    110.53 / 123.03 GB
kilosort.run_kilosort: ------------------------------------------------------
kilosort.run_kilosort: GPU usage:    `conda install pynvml` for GPU usage
kilosort.run_kilosort: GPU memory:   28.35 %     |      8.89   /    31.36 GB
kilosort.run_kilosort: Allocated:     0.13 %     |      0.04   /    31.36 GB
kilosort.run_kilosort: Max alloc:     5.91 %     |      1.85   /    31.36 GB
kilosort.run_kilosort: ********************************************************
kilosort.run_kilosort:  
kilosort.run_kilosort: Extracting spikes using cluster waveforms
kilosort.run_kilosort: ----------------------------------------
  0%|          | 0/1399 [00:00<?, ?it/s]  0%|          | 1/1399 [00:00<08:16,  2.81it/s]  0%|          | 2/1399 [00:00<07:29,  3.11it/s]  0%|          | 3/1399 [00:00<07:09,  3.25it/s]  0%|          | 4/1399 [00:01<07:32,  3.08it/s]  0%|          | 5/1399 [00:01<07:47,  2.98it/s]  0%|          | 6/1399 [00:01<07:31,  3.09it/s]  1%|          | 7/1399 [00:02<07:18,  3.17it/s]  1%|          | 8/1399 [00:02<07:11,  3.22it/s]  1%|          | 9/1399 [00:02<07:18,  3.17it/s]  1%|          | 10/1399 [00:03<06:53,  3.36it/s]  1%|          | 11/1399 [00:03<06:32,  3.54it/s]  1%|          | 12/1399 [00:03<06:42,  3.45it/s]  1%|          | 13/1399 [00:03<06:21,  3.63it/s]  1%|          | 14/1399 [00:04<06:26,  3.58it/s]  1%|          | 15/1399 [00:04<06:37,  3.48it/s]  1%|          | 16/1399 [00:04<06:50,  3.37it/s]  1%|          | 17/1399 [00:05<07:00,  3.29it/s]  1%|▏         | 18/1399 [00:05<06:56,  3.32it/s]  1%|▏         | 19/1399 [00:05<07:03,  3.26it/s]  1%|▏         | 20/1399 [00:06<07:17,  3.15it/s]  2%|▏         | 21/1399 [00:06<07:15,  3.16it/s]  2%|▏         | 22/1399 [00:06<07:14,  3.17it/s]  2%|▏         | 23/1399 [00:07<07:31,  3.05it/s]  2%|▏         | 24/1399 [00:07<07:21,  3.11it/s]  2%|▏         | 25/1399 [00:07<07:11,  3.18it/s]  2%|▏         | 26/1399 [00:08<07:13,  3.17it/s]  2%|▏         | 27/1399 [00:08<06:39,  3.44it/s]  2%|▏         | 28/1399 [00:08<06:52,  3.32it/s]  2%|▏         | 29/1399 [00:08<07:15,  3.15it/s]  2%|▏         | 30/1399 [00:09<07:28,  3.05it/s]  2%|▏         | 31/1399 [00:09<07:26,  3.07it/s]  2%|▏         | 32/1399 [00:09<07:24,  3.07it/s]  2%|▏         | 33/1399 [00:10<07:31,  3.02it/s]  2%|▏         | 34/1399 [00:10<07:32,  3.02it/s]  3%|▎         | 35/1399 [00:10<07:32,  3.01it/s]  3%|▎         | 36/1399 [00:11<09:34,  2.37it/s]  3%|▎         | 37/1399 [00:11<08:35,  2.64it/s]  3%|▎         | 38/1399 [00:12<08:11,  2.77it/s]  3%|▎         | 39/1399 [00:12<08:00,  2.83it/s]  3%|▎         | 40/1399 [00:12<08:07,  2.79it/s]  3%|▎         | 41/1399 [00:13<07:43,  2.93it/s]  3%|▎         | 42/1399 [00:13<07:24,  3.06it/s]  3%|▎         | 43/1399 [00:13<07:21,  3.07it/s]  3%|▎         | 44/1399 [00:14<07:21,  3.07it/s]  3%|▎         | 45/1399 [00:14<07:17,  3.10it/s]  3%|▎         | 46/1399 [00:14<07:13,  3.12it/s]  3%|▎         | 47/1399 [00:15<07:19,  3.08it/s]  3%|▎         | 48/1399 [00:15<07:21,  3.06it/s]  4%|▎         | 49/1399 [00:15<07:16,  3.09it/s]  4%|▎         | 50/1399 [00:16<06:58,  3.22it/s]  4%|▎         | 51/1399 [00:16<06:28,  3.47it/s]  4%|▎         | 52/1399 [00:16<06:46,  3.31it/s]  4%|▍         | 53/1399 [00:16<06:59,  3.21it/s]  4%|▍         | 54/1399 [00:17<07:06,  3.16it/s]  4%|▍         | 55/1399 [00:17<07:08,  3.13it/s]  4%|▍         | 56/1399 [00:17<06:41,  3.35it/s]  4%|▍         | 57/1399 [00:18<06:31,  3.42it/s]  4%|▍         | 58/1399 [00:18<06:58,  3.21it/s]  4%|▍         | 59/1399 [00:18<07:09,  3.12it/s]  4%|▍         | 60/1399 [00:19<06:46,  3.30it/s]  4%|▍         | 61/1399 [00:19<06:18,  3.54it/s]  4%|▍         | 62/1399 [00:19<05:59,  3.72it/s]  5%|▍         | 63/1399 [00:19<06:22,  3.49it/s]  5%|▍         | 64/1399 [00:20<06:44,  3.30it/s]  5%|▍         | 65/1399 [00:20<07:09,  3.11it/s]  5%|▍         | 66/1399 [00:20<07:09,  3.10it/s]  5%|▍         | 67/1399 [00:21<07:02,  3.15it/s]  5%|▍         | 68/1399 [00:21<07:20,  3.02it/s]  5%|▍         | 69/1399 [00:21<07:13,  3.07it/s]  5%|▌         | 70/1399 [00:22<10:39,  2.08it/s]  5%|▌         | 71/1399 [00:23<09:19,  2.37it/s]  5%|▌         | 72/1399 [00:23<08:54,  2.48it/s]  5%|▌         | 73/1399 [00:23<08:24,  2.63it/s]  5%|▌         | 74/1399 [00:23<07:47,  2.83it/s]  5%|▌         | 75/1399 [00:24<07:49,  2.82it/s]  5%|▌         | 76/1399 [00:24<07:06,  3.10it/s]  6%|▌         | 77/1399 [00:24<07:09,  3.08it/s]  6%|▌         | 78/1399 [00:25<06:51,  3.21it/s]  6%|▌         | 79/1399 [00:25<07:10,  3.07it/s]  6%|▌         | 80/1399 [00:25<07:24,  2.97it/s]  6%|▌         | 81/1399 [00:26<07:06,  3.09it/s]  6%|▌         | 82/1399 [00:26<06:43,  3.26it/s]  6%|▌         | 83/1399 [00:26<06:27,  3.40it/s]  6%|▌         | 84/1399 [00:26<06:04,  3.61it/s]  6%|▌         | 85/1399 [00:27<06:36,  3.32it/s]  6%|▌         | 86/1399 [00:27<06:47,  3.22it/s]  6%|▌         | 87/1399 [00:27<06:32,  3.34it/s]  6%|▋         | 88/1399 [00:28<06:45,  3.23it/s]  6%|▋         | 89/1399 [00:28<07:08,  3.06it/s]  6%|▋         | 90/1399 [00:28<06:58,  3.13it/s]  7%|▋         | 91/1399 [00:29<07:25,  2.93it/s]  7%|▋         | 92/1399 [00:29<07:31,  2.90it/s]  7%|▋         | 93/1399 [00:30<07:35,  2.87it/s]  7%|▋         | 94/1399 [00:30<07:14,  3.00it/s]  7%|▋         | 95/1399 [00:30<07:31,  2.89it/s]  7%|▋         | 96/1399 [00:30<07:03,  3.08it/s]  7%|▋         | 97/1399 [00:31<07:02,  3.08it/s]  7%|▋         | 98/1399 [00:31<07:21,  2.95it/s]  7%|▋         | 99/1399 [00:31<07:03,  3.07it/s]  7%|▋         | 100/1399 [00:32<06:57,  3.11it/s]  7%|▋         | 101/1399 [00:32<06:54,  3.14it/s]  7%|▋         | 102/1399 [00:32<06:54,  3.13it/s]  7%|▋         | 103/1399 [00:33<07:05,  3.05it/s]  7%|▋         | 104/1399 [00:33<07:12,  3.00it/s]  8%|▊         | 105/1399 [00:33<07:06,  3.04it/s]  8%|▊         | 106/1399 [00:34<07:12,  2.99it/s]  8%|▊         | 107/1399 [00:34<07:02,  3.06it/s]  8%|▊         | 108/1399 [00:34<06:57,  3.09it/s]  8%|▊         | 109/1399 [00:35<07:10,  3.00it/s]  8%|▊         | 110/1399 [00:35<07:09,  3.00it/s]  8%|▊         | 111/1399 [00:35<07:10,  2.99it/s]  8%|▊         | 112/1399 [00:36<07:31,  2.85it/s]  8%|▊         | 113/1399 [00:36<06:55,  3.09it/s]  8%|▊         | 114/1399 [00:36<06:48,  3.15it/s]  8%|▊         | 115/1399 [00:37<06:59,  3.06it/s]  8%|▊         | 116/1399 [00:37<06:45,  3.16it/s]  8%|▊         | 117/1399 [00:37<06:56,  3.08it/s]  8%|▊         | 118/1399 [00:38<06:45,  3.16it/s]  9%|▊         | 119/1399 [00:38<06:57,  3.07it/s]  9%|▊         | 120/1399 [00:38<06:45,  3.15it/s]  9%|▊         | 121/1399 [00:39<06:40,  3.19it/s]  9%|▊         | 122/1399 [00:39<06:38,  3.20it/s]  9%|▉         | 123/1399 [00:39<06:55,  3.07it/s]  9%|▉         | 124/1399 [00:40<06:43,  3.16it/s]  9%|▉         | 125/1399 [00:40<06:51,  3.09it/s]  9%|▉         | 126/1399 [00:40<07:03,  3.01it/s]  9%|▉         | 127/1399 [00:41<07:03,  3.01it/s]  9%|▉         | 128/1399 [00:41<07:22,  2.87it/s]  9%|▉         | 129/1399 [00:41<07:22,  2.87it/s]  9%|▉         | 130/1399 [00:42<07:10,  2.95it/s]  9%|▉         | 131/1399 [00:42<07:06,  2.97it/s]  9%|▉         | 132/1399 [00:42<07:07,  2.97it/s] 10%|▉         | 133/1399 [00:43<07:09,  2.95it/s] 10%|▉         | 134/1399 [00:43<07:20,  2.87it/s] 10%|▉         | 135/1399 [00:43<07:19,  2.87it/s] 10%|▉         | 136/1399 [00:44<06:44,  3.12it/s] 10%|▉         | 137/1399 [00:44<06:45,  3.12it/s] 10%|▉         | 138/1399 [00:44<06:55,  3.03it/s] 10%|▉         | 139/1399 [00:45<06:38,  3.16it/s] 10%|█         | 140/1399 [00:46<13:28,  1.56it/s] 10%|█         | 141/1399 [00:46<11:43,  1.79it/s] 10%|█         | 142/1399 [00:47<10:11,  2.06it/s] 10%|█         | 143/1399 [00:47<08:54,  2.35it/s] 10%|█         | 144/1399 [00:47<07:55,  2.64it/s] 10%|█         | 145/1399 [00:48<07:34,  2.76it/s] 10%|█         | 146/1399 [00:48<07:05,  2.94it/s] 11%|█         | 147/1399 [00:48<06:32,  3.19it/s] 11%|█         | 148/1399 [00:48<06:55,  3.01it/s] 11%|█         | 149/1399 [00:49<06:40,  3.12it/s] 11%|█         | 150/1399 [00:49<06:20,  3.28it/s] 11%|█         | 151/1399 [00:49<06:32,  3.18it/s] 11%|█         | 152/1399 [00:50<06:39,  3.13it/s] 11%|█         | 153/1399 [00:50<06:52,  3.02it/s] 11%|█         | 154/1399 [00:50<06:55,  2.99it/s] 11%|█         | 155/1399 [00:51<06:58,  2.97it/s] 11%|█         | 156/1399 [00:51<06:48,  3.05it/s] 11%|█         | 157/1399 [00:51<06:28,  3.20it/s] 11%|█▏        | 158/1399 [00:52<06:27,  3.20it/s] 11%|█▏        | 159/1399 [00:52<06:09,  3.36it/s] 11%|█▏        | 160/1399 [00:52<05:54,  3.50it/s] 12%|█▏        | 161/1399 [00:52<05:37,  3.67it/s] 12%|█▏        | 162/1399 [00:53<05:29,  3.75it/s] 12%|█▏        | 163/1399 [00:53<05:41,  3.62it/s] 12%|█▏        | 164/1399 [00:53<06:14,  3.30it/s] 12%|█▏        | 165/1399 [00:54<06:38,  3.10it/s] 12%|█▏        | 166/1399 [00:54<06:54,  2.97it/s] 12%|█▏        | 167/1399 [00:54<06:47,  3.02it/s] 12%|█▏        | 168/1399 [00:55<06:31,  3.14it/s] 12%|█▏        | 169/1399 [00:55<06:26,  3.18it/s] 12%|█▏        | 170/1399 [00:55<05:55,  3.46it/s] 12%|█▏        | 171/1399 [00:56<06:17,  3.26it/s] 12%|█▏        | 172/1399 [00:56<06:23,  3.20it/s] 12%|█▏        | 173/1399 [00:56<06:28,  3.16it/s] 12%|█▏        | 174/1399 [00:57<06:42,  3.05it/s] 13%|█▎        | 175/1399 [00:57<06:41,  3.05it/s] 13%|█▎        | 176/1399 [00:57<06:22,  3.20it/s] 13%|█▎        | 177/1399 [00:57<06:18,  3.23it/s] 13%|█▎        | 178/1399 [00:58<06:24,  3.17it/s] 13%|█▎        | 179/1399 [00:58<06:10,  3.30it/s] 13%|█▎        | 180/1399 [00:58<06:24,  3.17it/s] 13%|█▎        | 181/1399 [00:59<06:18,  3.22it/s] 13%|█▎        | 182/1399 [00:59<06:08,  3.31it/s] 13%|█▎        | 183/1399 [00:59<06:20,  3.19it/s] 13%|█▎        | 184/1399 [01:00<06:08,  3.30it/s] 13%|█▎        | 185/1399 [01:00<06:17,  3.21it/s] 13%|█▎        | 186/1399 [01:00<06:24,  3.15it/s] 13%|█▎        | 187/1399 [01:01<06:31,  3.09it/s] 13%|█▎        | 188/1399 [01:01<06:42,  3.01it/s] 14%|█▎        | 189/1399 [01:01<06:55,  2.91it/s] 14%|█▎        | 190/1399 [01:02<06:35,  3.05it/s] 14%|█▎        | 191/1399 [01:02<06:12,  3.24it/s] 14%|█▎        | 192/1399 [01:02<06:36,  3.04it/s] 14%|█▍        | 193/1399 [01:03<06:39,  3.02it/s] 14%|█▍        | 194/1399 [01:03<06:28,  3.10it/s] 14%|█▍        | 195/1399 [01:03<06:37,  3.03it/s] 14%|█▍        | 196/1399 [01:04<06:14,  3.21it/s] 14%|█▍        | 197/1399 [01:04<06:29,  3.08it/s] 14%|█▍        | 198/1399 [01:04<06:41,  2.99it/s] 14%|█▍        | 199/1399 [01:05<06:48,  2.94it/s] 14%|█▍        | 200/1399 [01:05<06:49,  2.93it/s] 14%|█▍        | 201/1399 [01:05<06:40,  2.99it/s] 14%|█▍        | 202/1399 [01:06<06:38,  3.00it/s] 15%|█▍        | 203/1399 [01:06<06:24,  3.11it/s] 15%|█▍        | 204/1399 [01:06<06:01,  3.31it/s] 15%|█▍        | 205/1399 [01:06<06:15,  3.18it/s] 15%|█▍        | 206/1399 [01:07<06:31,  3.05it/s] 15%|█▍        | 207/1399 [01:07<06:42,  2.96it/s] 15%|█▍        | 208/1399 [01:08<06:39,  2.98it/s] 15%|█▍        | 209/1399 [01:08<06:37,  2.99it/s] 15%|█▌        | 210/1399 [01:08<06:36,  3.00it/s] 15%|█▌        | 211/1399 [01:09<06:55,  2.86it/s] 15%|█▌        | 212/1399 [01:09<06:48,  2.91it/s] 15%|█▌        | 213/1399 [01:09<06:23,  3.09it/s] 15%|█▌        | 214/1399 [01:09<06:00,  3.29it/s] 15%|█▌        | 215/1399 [01:10<06:04,  3.24it/s] 15%|█▌        | 216/1399 [01:10<06:23,  3.09it/s] 16%|█▌        | 217/1399 [01:10<06:32,  3.01it/s] 16%|█▌        | 218/1399 [01:11<06:35,  2.99it/s] 16%|█▌        | 219/1399 [01:11<06:18,  3.12it/s] 16%|█▌        | 220/1399 [01:11<06:34,  2.98it/s] 16%|█▌        | 221/1399 [01:12<06:14,  3.15it/s] 16%|█▌        | 222/1399 [01:12<06:22,  3.08it/s] 16%|█▌        | 223/1399 [01:12<06:20,  3.09it/s] 16%|█▌        | 224/1399 [01:13<06:13,  3.14it/s] 16%|█▌        | 225/1399 [01:13<06:17,  3.11it/s] 16%|█▌        | 226/1399 [01:13<06:16,  3.12it/s] 16%|█▌        | 227/1399 [01:14<05:55,  3.30it/s] 16%|█▋        | 228/1399 [01:14<06:20,  3.08it/s] 16%|█▋        | 229/1399 [01:14<06:36,  2.95it/s] 16%|█▋        | 230/1399 [01:15<06:29,  3.00it/s] 17%|█▋        | 231/1399 [01:15<06:41,  2.91it/s] 17%|█▋        | 232/1399 [01:15<06:32,  2.97it/s] 17%|█▋        | 233/1399 [01:16<06:58,  2.78it/s] 17%|█▋        | 234/1399 [01:16<06:32,  2.97it/s] 17%|█▋        | 235/1399 [01:16<06:38,  2.92it/s] 17%|█▋        | 236/1399 [01:17<06:14,  3.10it/s] 17%|█▋        | 237/1399 [01:17<06:18,  3.07it/s] 17%|█▋        | 238/1399 [01:17<06:24,  3.02it/s] 17%|█▋        | 239/1399 [01:18<06:21,  3.04it/s] 17%|█▋        | 240/1399 [01:18<06:00,  3.21it/s] 17%|█▋        | 241/1399 [01:18<06:11,  3.11it/s] 17%|█▋        | 242/1399 [01:19<06:15,  3.08it/s] 17%|█▋        | 243/1399 [01:19<05:54,  3.26it/s] 17%|█▋        | 244/1399 [01:19<06:09,  3.13it/s] 18%|█▊        | 245/1399 [01:20<06:09,  3.13it/s] 18%|█▊        | 246/1399 [01:20<06:28,  2.97it/s] 18%|█▊        | 247/1399 [01:20<06:49,  2.81it/s] 18%|█▊        | 248/1399 [01:21<06:33,  2.93it/s] 18%|█▊        | 249/1399 [01:21<06:23,  3.00it/s] 18%|█▊        | 250/1399 [01:21<06:41,  2.86it/s] 18%|█▊        | 251/1399 [01:22<06:31,  2.93it/s] 18%|█▊        | 252/1399 [01:22<06:36,  2.89it/s] 18%|█▊        | 253/1399 [01:22<06:09,  3.10it/s] 18%|█▊        | 254/1399 [01:23<05:48,  3.28it/s] 18%|█▊        | 255/1399 [01:23<05:59,  3.18it/s] 18%|█▊        | 256/1399 [01:23<06:17,  3.03it/s] 18%|█▊        | 257/1399 [01:24<06:27,  2.94it/s] 18%|█▊        | 258/1399 [01:24<06:24,  2.97it/s] 19%|█▊        | 259/1399 [01:24<06:04,  3.13it/s] 19%|█▊        | 260/1399 [01:25<06:20,  3.00it/s] 19%|█▊        | 261/1399 [01:25<06:21,  2.98it/s] 19%|█▊        | 262/1399 [01:25<06:21,  2.98it/s] 19%|█▉        | 263/1399 [01:26<06:20,  2.99it/s] 19%|█▉        | 264/1399 [01:26<06:15,  3.03it/s] 19%|█▉        | 265/1399 [01:26<06:16,  3.01it/s] 19%|█▉        | 266/1399 [01:27<06:21,  2.97it/s] 19%|█▉        | 267/1399 [01:27<06:25,  2.94it/s] 19%|█▉        | 268/1399 [01:27<06:16,  3.00it/s] 19%|█▉        | 269/1399 [01:28<06:00,  3.14it/s] 19%|█▉        | 270/1399 [01:28<05:46,  3.25it/s] 19%|█▉        | 271/1399 [01:28<05:55,  3.17it/s] 19%|█▉        | 272/1399 [01:29<06:19,  2.97it/s] 20%|█▉        | 273/1399 [01:29<06:30,  2.88it/s] 20%|█▉        | 274/1399 [01:29<06:10,  3.03it/s] 20%|█▉        | 275/1399 [01:30<06:28,  2.89it/s] 20%|█▉        | 276/1399 [01:30<06:30,  2.88it/s] 20%|█▉        | 277/1399 [01:30<06:36,  2.83it/s] 20%|█▉        | 278/1399 [01:33<19:45,  1.06s/it] 20%|█▉        | 279/1399 [01:33<15:23,  1.21it/s] 20%|██        | 280/1399 [01:34<12:25,  1.50it/s] 20%|██        | 281/1399 [01:34<10:42,  1.74it/s] 20%|██        | 282/1399 [01:34<09:26,  1.97it/s] 20%|██        | 283/1399 [01:35<08:45,  2.12it/s] 20%|██        | 284/1399 [01:35<07:48,  2.38it/s] 20%|██        | 285/1399 [01:35<07:42,  2.41it/s] 20%|██        | 286/1399 [01:36<07:41,  2.41it/s] 21%|██        | 287/1399 [01:36<07:08,  2.59it/s] 21%|██        | 288/1399 [01:36<06:46,  2.73it/s] 21%|██        | 289/1399 [01:37<06:41,  2.76it/s] 21%|██        | 290/1399 [01:37<06:19,  2.92it/s] 21%|██        | 291/1399 [01:38<06:31,  2.83it/s] 21%|██        | 292/1399 [01:38<06:20,  2.91it/s] 21%|██        | 293/1399 [01:38<06:31,  2.82it/s] 21%|██        | 294/1399 [01:39<06:07,  3.01it/s] 21%|██        | 295/1399 [01:39<06:18,  2.92it/s] 21%|██        | 296/1399 [01:39<06:17,  2.92it/s] 21%|██        | 297/1399 [01:40<06:17,  2.92it/s] 21%|██▏       | 298/1399 [01:40<06:01,  3.05it/s] 21%|██▏       | 299/1399 [01:40<06:10,  2.97it/s] 21%|██▏       | 300/1399 [01:40<05:37,  3.26it/s] 22%|██▏       | 301/1399 [01:41<05:40,  3.22it/s] 22%|██▏       | 302/1399 [01:41<05:30,  3.32it/s] 22%|██▏       | 303/1399 [01:41<05:51,  3.12it/s] 22%|██▏       | 304/1399 [01:42<06:01,  3.03it/s] 22%|██▏       | 305/1399 [01:42<05:29,  3.33it/s] 22%|██▏       | 306/1399 [01:42<05:48,  3.13it/s] 22%|██▏       | 307/1399 [01:43<05:44,  3.17it/s] 22%|██▏       | 308/1399 [01:43<05:22,  3.38it/s] 22%|██▏       | 309/1399 [01:43<05:08,  3.54it/s] 22%|██▏       | 310/1399 [01:43<04:56,  3.68it/s] 22%|██▏       | 311/1399 [01:44<04:47,  3.78it/s] 22%|██▏       | 312/1399 [01:44<04:52,  3.71it/s] 22%|██▏       | 313/1399 [01:44<04:44,  3.81it/s] 22%|██▏       | 314/1399 [01:44<04:40,  3.87it/s] 23%|██▎       | 315/1399 [01:45<04:42,  3.83it/s] 23%|██▎       | 316/1399 [01:45<04:53,  3.70it/s] 23%|██▎       | 317/1399 [01:45<04:52,  3.70it/s] 23%|██▎       | 318/1399 [01:46<04:46,  3.78it/s] 23%|██▎       | 319/1399 [01:46<05:12,  3.46it/s] 23%|██▎       | 320/1399 [01:46<05:16,  3.41it/s] 23%|██▎       | 321/1399 [01:47<05:37,  3.19it/s] 23%|██▎       | 322/1399 [01:47<05:32,  3.24it/s] 23%|██▎       | 323/1399 [01:47<05:29,  3.26it/s] 23%|██▎       | 324/1399 [01:47<05:19,  3.37it/s] 23%|██▎       | 325/1399 [01:48<05:32,  3.23it/s] 23%|██▎       | 326/1399 [01:48<05:22,  3.32it/s] 23%|██▎       | 327/1399 [01:48<05:13,  3.42it/s] 23%|██▎       | 328/1399 [01:49<05:45,  3.10it/s] 24%|██▎       | 329/1399 [01:49<05:29,  3.25it/s] 24%|██▎       | 330/1399 [01:49<05:55,  3.01it/s] 24%|██▎       | 331/1399 [01:50<05:44,  3.10it/s] 24%|██▎       | 332/1399 [01:50<05:46,  3.08it/s] 24%|██▍       | 333/1399 [01:50<05:27,  3.26it/s] 24%|██▍       | 334/1399 [01:50<05:08,  3.46it/s] 24%|██▍       | 335/1399 [01:51<05:38,  3.15it/s] 24%|██▍       | 336/1399 [01:51<05:43,  3.09it/s] 24%|██▍       | 337/1399 [01:52<05:43,  3.09it/s] 24%|██▍       | 338/1399 [01:52<05:49,  3.03it/s] 24%|██▍       | 339/1399 [01:52<06:00,  2.94it/s] 24%|██▍       | 340/1399 [01:53<06:02,  2.92it/s] 24%|██▍       | 341/1399 [01:53<06:18,  2.80it/s] 24%|██▍       | 342/1399 [01:53<06:08,  2.87it/s] 25%|██▍       | 343/1399 [01:54<06:31,  2.70it/s] 25%|██▍       | 344/1399 [01:54<05:57,  2.95it/s] 25%|██▍       | 345/1399 [01:54<06:07,  2.87it/s] 25%|██▍       | 346/1399 [01:55<06:03,  2.90it/s] 25%|██▍       | 347/1399 [01:55<05:58,  2.94it/s] 25%|██▍       | 348/1399 [01:55<05:57,  2.94it/s] 25%|██▍       | 349/1399 [01:56<05:45,  3.04it/s] 25%|██▌       | 350/1399 [01:56<05:38,  3.10it/s] 25%|██▌       | 351/1399 [01:56<06:09,  2.84it/s] 25%|██▌       | 352/1399 [01:57<06:06,  2.85it/s] 25%|██▌       | 353/1399 [01:57<05:48,  3.00it/s] 25%|██▌       | 354/1399 [01:57<05:56,  2.93it/s] 25%|██▌       | 355/1399 [01:58<05:26,  3.19it/s] 25%|██▌       | 356/1399 [01:58<05:07,  3.39it/s] 26%|██▌       | 357/1399 [01:58<05:03,  3.43it/s] 26%|██▌       | 358/1399 [01:59<05:29,  3.16it/s] 26%|██▌       | 359/1399 [01:59<05:46,  3.00it/s] 26%|██▌       | 360/1399 [01:59<05:40,  3.05it/s] 26%|██▌       | 361/1399 [02:00<05:39,  3.06it/s] 26%|██▌       | 362/1399 [02:00<05:44,  3.01it/s] 26%|██▌       | 363/1399 [02:00<05:16,  3.27it/s] 26%|██▌       | 364/1399 [02:00<05:06,  3.38it/s] 26%|██▌       | 365/1399 [02:01<04:57,  3.48it/s] 26%|██▌       | 366/1399 [02:01<04:49,  3.57it/s] 26%|██▌       | 367/1399 [02:01<04:49,  3.57it/s] 26%|██▋       | 368/1399 [02:02<04:50,  3.54it/s] 26%|██▋       | 369/1399 [02:02<04:29,  3.82it/s] 26%|██▋       | 370/1399 [02:02<04:21,  3.93it/s] 27%|██▋       | 371/1399 [02:02<04:08,  4.14it/s] 27%|██▋       | 372/1399 [02:02<04:18,  3.98it/s] 27%|██▋       | 373/1399 [02:03<04:54,  3.48it/s] 27%|██▋       | 374/1399 [02:03<04:58,  3.44it/s] 27%|██▋       | 375/1399 [02:03<04:46,  3.57it/s] 27%|██▋       | 376/1399 [02:04<04:50,  3.53it/s] 27%|██▋       | 377/1399 [02:04<04:37,  3.69it/s] 27%|██▋       | 378/1399 [02:04<04:32,  3.75it/s] 27%|██▋       | 379/1399 [02:05<04:46,  3.56it/s] 27%|██▋       | 380/1399 [02:05<05:13,  3.25it/s] 27%|██▋       | 381/1399 [02:05<05:11,  3.27it/s] 27%|██▋       | 382/1399 [02:06<05:30,  3.08it/s] 27%|██▋       | 383/1399 [02:06<05:19,  3.18it/s] 27%|██▋       | 384/1399 [02:06<05:04,  3.33it/s] 28%|██▊       | 385/1399 [02:06<05:26,  3.11it/s] 28%|██▊       | 386/1399 [02:07<05:37,  3.00it/s] 28%|██▊       | 387/1399 [02:07<05:18,  3.18it/s] 28%|██▊       | 388/1399 [02:07<04:55,  3.42it/s] 28%|██▊       | 389/1399 [02:08<05:07,  3.29it/s] 28%|██▊       | 390/1399 [02:08<05:29,  3.06it/s] 28%|██▊       | 391/1399 [02:08<05:16,  3.19it/s] 28%|██▊       | 392/1399 [02:09<04:56,  3.40it/s] 28%|██▊       | 393/1399 [02:09<04:50,  3.46it/s] 28%|██▊       | 394/1399 [02:09<04:47,  3.49it/s] 28%|██▊       | 395/1399 [02:09<04:53,  3.42it/s] 28%|██▊       | 396/1399 [02:10<05:14,  3.19it/s] 28%|██▊       | 397/1399 [02:10<05:19,  3.14it/s] 28%|██▊       | 398/1399 [02:11<05:31,  3.02it/s] 29%|██▊       | 399/1399 [02:11<05:41,  2.92it/s] 29%|██▊       | 400/1399 [02:11<05:41,  2.92it/s] 29%|██▊       | 401/1399 [02:12<05:49,  2.86it/s] 29%|██▊       | 402/1399 [02:12<05:52,  2.83it/s] 29%|██▉       | 403/1399 [02:12<05:51,  2.84it/s] 29%|██▉       | 404/1399 [02:13<05:35,  2.96it/s] 29%|██▉       | 405/1399 [02:13<05:51,  2.83it/s] 29%|██▉       | 406/1399 [02:13<05:32,  2.99it/s] 29%|██▉       | 407/1399 [02:14<05:47,  2.85it/s] 29%|██▉       | 408/1399 [02:14<05:58,  2.76it/s] 29%|██▉       | 409/1399 [02:14<05:53,  2.80it/s] 29%|██▉       | 410/1399 [02:15<05:35,  2.95it/s] 29%|██▉       | 411/1399 [02:15<05:55,  2.78it/s] 29%|██▉       | 412/1399 [02:15<05:39,  2.91it/s] 30%|██▉       | 413/1399 [02:16<05:45,  2.86it/s] 30%|██▉       | 414/1399 [02:16<06:09,  2.67it/s] 30%|██▉       | 415/1399 [02:17<05:47,  2.83it/s] 30%|██▉       | 416/1399 [02:17<05:54,  2.77it/s] 30%|██▉       | 417/1399 [02:17<06:14,  2.62it/s] 30%|██▉       | 418/1399 [02:18<05:45,  2.84it/s] 30%|██▉       | 419/1399 [02:18<05:48,  2.82it/s] 30%|███       | 420/1399 [02:18<06:11,  2.64it/s] 30%|███       | 421/1399 [02:19<05:53,  2.76it/s] 30%|███       | 422/1399 [02:19<06:03,  2.69it/s] 30%|███       | 423/1399 [02:20<06:17,  2.59it/s] 30%|███       | 424/1399 [02:20<06:25,  2.53it/s] 30%|███       | 425/1399 [02:20<06:25,  2.52it/s] 30%|███       | 426/1399 [02:21<05:58,  2.72it/s] 31%|███       | 427/1399 [02:21<06:09,  2.63it/s] 31%|███       | 428/1399 [02:21<05:41,  2.85it/s] 31%|███       | 429/1399 [02:22<05:58,  2.70it/s] 31%|███       | 430/1399 [02:22<05:30,  2.93it/s] 31%|███       | 431/1399 [02:22<05:08,  3.14it/s] 31%|███       | 432/1399 [02:23<05:25,  2.97it/s] 31%|███       | 433/1399 [02:23<05:47,  2.78it/s] 31%|███       | 434/1399 [02:23<05:42,  2.82it/s] 31%|███       | 435/1399 [02:24<05:54,  2.72it/s] 31%|███       | 436/1399 [02:24<05:29,  2.92it/s] 31%|███       | 437/1399 [02:24<05:24,  2.97it/s] 31%|███▏      | 438/1399 [02:25<05:40,  2.82it/s] 31%|███▏      | 439/1399 [02:25<05:58,  2.68it/s] 31%|███▏      | 440/1399 [02:26<06:01,  2.65it/s] 32%|███▏      | 441/1399 [02:26<06:10,  2.58it/s] 32%|███▏      | 442/1399 [02:26<05:54,  2.70it/s] 32%|███▏      | 443/1399 [02:27<06:05,  2.62it/s] 32%|███▏      | 444/1399 [02:27<05:45,  2.76it/s] 32%|███▏      | 445/1399 [02:27<05:25,  2.93it/s] 32%|███▏      | 446/1399 [02:28<05:19,  2.98it/s] 32%|███▏      | 447/1399 [02:28<05:03,  3.14it/s] 32%|███▏      | 448/1399 [02:28<05:10,  3.06it/s] 32%|███▏      | 449/1399 [02:29<05:41,  2.78it/s] 32%|███▏      | 450/1399 [02:29<05:22,  2.94it/s] 32%|███▏      | 451/1399 [02:29<05:10,  3.06it/s] 32%|███▏      | 452/1399 [02:30<05:16,  2.99it/s] 32%|███▏      | 453/1399 [02:30<05:44,  2.75it/s] 32%|███▏      | 454/1399 [02:31<05:47,  2.72it/s] 33%|███▎      | 455/1399 [02:31<05:28,  2.87it/s] 33%|███▎      | 456/1399 [02:31<05:12,  3.02it/s] 33%|███▎      | 457/1399 [02:31<05:11,  3.02it/s] 33%|███▎      | 458/1399 [02:32<05:13,  3.00it/s] 33%|███▎      | 459/1399 [02:32<05:30,  2.84it/s] 33%|███▎      | 460/1399 [02:33<05:54,  2.65it/s] 33%|███▎      | 461/1399 [02:33<05:40,  2.76it/s] 33%|███▎      | 462/1399 [02:33<05:27,  2.86it/s] 33%|███▎      | 463/1399 [02:34<05:17,  2.95it/s] 33%|███▎      | 464/1399 [02:34<05:14,  2.97it/s] 33%|███▎      | 465/1399 [02:34<05:33,  2.80it/s] 33%|███▎      | 466/1399 [02:35<05:53,  2.64it/s] 33%|███▎      | 467/1399 [02:35<05:49,  2.66it/s] 33%|███▎      | 468/1399 [02:36<06:01,  2.57it/s] 34%|███▎      | 469/1399 [02:36<05:47,  2.68it/s] 34%|███▎      | 470/1399 [02:36<06:03,  2.56it/s] 34%|███▎      | 471/1399 [02:37<06:07,  2.53it/s] 34%|███▎      | 472/1399 [02:37<05:50,  2.65it/s] 34%|███▍      | 473/1399 [02:37<06:05,  2.54it/s] 34%|███▍      | 474/1399 [02:38<05:48,  2.66it/s] 34%|███▍      | 475/1399 [02:38<05:48,  2.65it/s] 34%|███▍      | 476/1399 [02:39<05:54,  2.61it/s] 34%|███▍      | 477/1399 [02:39<06:01,  2.55it/s] 34%|███▍      | 478/1399 [02:39<05:57,  2.58it/s] 34%|███▍      | 479/1399 [02:40<05:25,  2.83it/s] 34%|███▍      | 480/1399 [02:40<05:44,  2.67it/s] 34%|███▍      | 481/1399 [02:40<05:44,  2.66it/s] 34%|███▍      | 482/1399 [02:41<06:04,  2.52it/s] 35%|███▍      | 483/1399 [02:41<06:00,  2.54it/s] 35%|███▍      | 484/1399 [02:42<05:31,  2.76it/s] 35%|███▍      | 485/1399 [02:42<05:31,  2.76it/s] 35%|███▍      | 486/1399 [02:42<05:46,  2.63it/s] 35%|███▍      | 487/1399 [02:43<05:57,  2.55it/s] 35%|███▍      | 488/1399 [02:43<05:51,  2.60it/s] 35%|███▍      | 489/1399 [02:44<05:40,  2.68it/s] 35%|███▌      | 490/1399 [02:44<05:21,  2.83it/s] 35%|███▌      | 491/1399 [02:44<05:43,  2.65it/s] 35%|███▌      | 492/1399 [02:45<05:53,  2.57it/s] 35%|███▌      | 493/1399 [02:45<06:05,  2.48it/s] 35%|███▌      | 494/1399 [02:45<05:35,  2.70it/s] 35%|███▌      | 495/1399 [02:46<05:48,  2.60it/s] 35%|███▌      | 496/1399 [02:46<05:54,  2.54it/s] 36%|███▌      | 497/1399 [02:47<05:25,  2.77it/s] 36%|███▌      | 498/1399 [02:47<05:45,  2.61it/s] 36%|███▌      | 499/1399 [02:47<05:42,  2.62it/s] 36%|███▌      | 500/1399 [02:48<05:16,  2.84it/s] 36%|███▌      | 501/1399 [02:48<05:35,  2.67it/s] 36%|███▌      | 502/1399 [02:48<05:46,  2.59it/s] 36%|███▌      | 503/1399 [02:49<05:30,  2.71it/s] 36%|███▌      | 504/1399 [02:49<05:40,  2.63it/s] 36%|███▌      | 505/1399 [02:50<05:49,  2.56it/s] 36%|███▌      | 506/1399 [02:50<06:02,  2.46it/s] 36%|███▌      | 507/1399 [02:50<05:59,  2.48it/s] 36%|███▋      | 508/1399 [02:51<05:31,  2.69it/s] 36%|███▋      | 509/1399 [02:51<05:47,  2.56it/s] 36%|███▋      | 510/1399 [02:52<05:43,  2.59it/s] 37%|███▋      | 511/1399 [02:52<05:46,  2.56it/s] 37%|███▋      | 512/1399 [02:52<06:04,  2.44it/s] 37%|███▋      | 513/1399 [02:53<06:02,  2.44it/s] 37%|███▋      | 514/1399 [02:53<06:04,  2.43it/s] 37%|███▋      | 515/1399 [02:54<05:58,  2.47it/s] 37%|███▋      | 516/1399 [02:54<05:59,  2.45it/s] 37%|███▋      | 517/1399 [02:54<05:48,  2.53it/s] 37%|███▋      | 518/1399 [02:55<06:03,  2.43it/s] 37%|███▋      | 519/1399 [02:55<05:40,  2.58it/s] 37%|███▋      | 520/1399 [02:56<05:53,  2.49it/s] 37%|███▋      | 521/1399 [02:56<05:36,  2.61it/s] 37%|███▋      | 522/1399 [02:56<05:49,  2.51it/s] 37%|███▋      | 523/1399 [02:57<05:27,  2.67it/s] 37%|███▋      | 524/1399 [02:57<05:17,  2.76it/s] 38%|███▊      | 525/1399 [02:57<05:23,  2.70it/s] 38%|███▊      | 526/1399 [02:58<05:25,  2.68it/s] 38%|███▊      | 527/1399 [02:58<05:17,  2.75it/s] 38%|███▊      | 528/1399 [02:59<05:37,  2.58it/s] 38%|███▊      | 529/1399 [02:59<05:50,  2.48it/s] 38%|███▊      | 530/1399 [02:59<05:28,  2.64it/s] 38%|███▊      | 531/1399 [03:00<05:14,  2.76it/s] 38%|███▊      | 532/1399 [03:00<04:50,  2.98it/s] 38%|███▊      | 533/1399 [03:00<05:05,  2.84it/s] 38%|███▊      | 534/1399 [03:01<05:05,  2.83it/s] 38%|███▊      | 535/1399 [03:01<04:56,  2.92it/s] 38%|███▊      | 536/1399 [03:01<04:56,  2.91it/s] 38%|███▊      | 537/1399 [03:02<05:19,  2.70it/s] 38%|███▊      | 538/1399 [03:02<05:29,  2.61it/s] 39%|███▊      | 539/1399 [03:08<28:14,  1.97s/it] 39%|███▊      | 540/1399 [03:08<21:36,  1.51s/it] 39%|███▊      | 541/1399 [03:09<16:57,  1.19s/it] 39%|███▊      | 542/1399 [03:09<13:42,  1.04it/s] 39%|███▉      | 543/1399 [03:10<11:10,  1.28it/s] 39%|███▉      | 544/1399 [03:10<09:31,  1.50it/s] 39%|███▉      | 545/1399 [03:10<08:30,  1.67it/s] 39%|███▉      | 546/1399 [03:11<07:21,  1.93it/s] 39%|███▉      | 547/1399 [03:11<06:47,  2.09it/s] 39%|███▉      | 548/1399 [03:11<06:10,  2.29it/s] 39%|███▉      | 549/1399 [03:12<05:32,  2.55it/s] 39%|███▉      | 550/1399 [03:12<05:34,  2.54it/s] 39%|███▉      | 551/1399 [03:13<05:47,  2.44it/s] 39%|███▉      | 552/1399 [03:13<05:25,  2.60it/s] 40%|███▉      | 553/1399 [03:13<05:35,  2.52it/s] 40%|███▉      | 554/1399 [03:14<05:41,  2.47it/s] 40%|███▉      | 555/1399 [03:14<05:15,  2.68it/s] 40%|███▉      | 556/1399 [03:14<05:23,  2.60it/s] 40%|███▉      | 557/1399 [03:15<05:37,  2.50it/s] 40%|███▉      | 558/1399 [03:15<05:46,  2.43it/s] 40%|███▉      | 559/1399 [03:16<05:15,  2.66it/s] 40%|████      | 560/1399 [03:16<05:30,  2.54it/s] 40%|████      | 561/1399 [03:16<05:19,  2.62it/s] 40%|████      | 562/1399 [03:17<05:16,  2.64it/s] 40%|████      | 563/1399 [03:17<04:52,  2.85it/s] 40%|████      | 564/1399 [03:17<04:27,  3.13it/s] 40%|████      | 565/1399 [03:18<04:38,  2.99it/s] 40%|████      | 566/1399 [03:18<04:40,  2.97it/s] 41%|████      | 567/1399 [03:18<04:33,  3.05it/s] 41%|████      | 568/1399 [03:19<04:14,  3.27it/s] 41%|████      | 569/1399 [03:19<03:55,  3.52it/s] 41%|████      | 570/1399 [03:19<03:52,  3.57it/s] 41%|████      | 571/1399 [03:19<04:08,  3.34it/s] 41%|████      | 572/1399 [03:20<04:04,  3.38it/s] 41%|████      | 573/1399 [03:20<04:35,  3.00it/s] 41%|████      | 574/1399 [03:20<04:37,  2.98it/s] 41%|████      | 575/1399 [03:21<04:15,  3.22it/s] 41%|████      | 576/1399 [03:21<04:15,  3.22it/s] 41%|████      | 577/1399 [03:21<04:35,  2.99it/s] 41%|████▏     | 578/1399 [03:22<04:26,  3.08it/s] 41%|████▏     | 579/1399 [03:22<04:31,  3.02it/s] 41%|████▏     | 580/1399 [03:22<04:17,  3.18it/s] 42%|████▏     | 581/1399 [03:23<04:27,  3.05it/s] 42%|████▏     | 582/1399 [03:23<04:28,  3.04it/s] 42%|████▏     | 583/1399 [03:23<04:21,  3.12it/s] 42%|████▏     | 584/1399 [03:24<04:10,  3.25it/s] 42%|████▏     | 585/1399 [03:24<03:52,  3.50it/s] 42%|████▏     | 586/1399 [03:24<03:39,  3.71it/s] 42%|████▏     | 587/1399 [03:24<03:34,  3.79it/s] 42%|████▏     | 588/1399 [03:25<03:45,  3.60it/s] 42%|████▏     | 589/1399 [03:25<04:08,  3.26it/s] 42%|████▏     | 590/1399 [03:25<04:12,  3.20it/s] 42%|████▏     | 591/1399 [03:26<04:08,  3.25it/s] 42%|████▏     | 592/1399 [03:26<04:12,  3.20it/s] 42%|████▏     | 593/1399 [03:26<03:56,  3.40it/s] 42%|████▏     | 594/1399 [03:27<03:51,  3.48it/s] 43%|████▎     | 595/1399 [03:27<03:54,  3.43it/s] 43%|████▎     | 596/1399 [03:27<03:56,  3.40it/s] 43%|████▎     | 597/1399 [03:27<03:48,  3.50it/s] 43%|████▎     | 598/1399 [03:28<03:38,  3.66it/s] 43%|████▎     | 599/1399 [03:28<03:38,  3.67it/s] 43%|████▎     | 600/1399 [03:28<03:41,  3.60it/s] 43%|████▎     | 601/1399 [03:28<03:40,  3.61it/s] 43%|████▎     | 602/1399 [03:29<04:17,  3.10it/s] 43%|████▎     | 603/1399 [03:29<04:15,  3.12it/s] 43%|████▎     | 604/1399 [03:30<04:17,  3.09it/s] 43%|████▎     | 605/1399 [03:30<04:23,  3.01it/s] 43%|████▎     | 606/1399 [03:30<04:46,  2.77it/s] 43%|████▎     | 607/1399 [03:31<04:52,  2.71it/s] 43%|████▎     | 608/1399 [03:31<05:08,  2.56it/s] 44%|████▎     | 609/1399 [03:31<04:55,  2.68it/s] 44%|████▎     | 610/1399 [03:32<04:53,  2.69it/s] 44%|████▎     | 611/1399 [03:32<04:46,  2.75it/s] 44%|████▎     | 612/1399 [03:33<04:49,  2.72it/s] 44%|████▍     | 613/1399 [03:33<04:52,  2.69it/s] 44%|████▍     | 614/1399 [03:33<05:11,  2.52it/s] 44%|████▍     | 615/1399 [03:34<04:58,  2.62it/s] 44%|████▍     | 616/1399 [03:34<05:05,  2.56it/s] 44%|████▍     | 617/1399 [03:34<04:45,  2.74it/s] 44%|████▍     | 618/1399 [03:35<05:08,  2.53it/s] 44%|████▍     | 619/1399 [03:35<05:08,  2.53it/s] 44%|████▍     | 620/1399 [03:36<04:54,  2.64it/s] 44%|████▍     | 621/1399 [03:36<04:52,  2.66it/s] 44%|████▍     | 622/1399 [03:36<04:41,  2.76it/s] 45%|████▍     | 623/1399 [03:37<04:48,  2.69it/s] 45%|████▍     | 624/1399 [03:37<04:55,  2.62it/s] 45%|████▍     | 625/1399 [03:38<05:07,  2.51it/s] 45%|████▍     | 626/1399 [03:38<05:14,  2.46it/s] 45%|████▍     | 627/1399 [03:38<04:54,  2.62it/s] 45%|████▍     | 628/1399 [03:39<04:55,  2.61it/s] 45%|████▍     | 629/1399 [03:39<05:07,  2.50it/s] 45%|████▌     | 630/1399 [03:40<04:52,  2.63it/s] 45%|████▌     | 631/1399 [03:40<05:09,  2.48it/s] 45%|████▌     | 632/1399 [03:40<05:12,  2.45it/s] 45%|████▌     | 633/1399 [03:41<04:58,  2.56it/s] 45%|████▌     | 634/1399 [03:41<05:07,  2.49it/s] 45%|████▌     | 635/1399 [03:42<05:10,  2.46it/s] 45%|████▌     | 636/1399 [03:42<04:57,  2.56it/s] 46%|████▌     | 637/1399 [03:42<04:32,  2.79it/s] 46%|████▌     | 638/1399 [03:43<04:25,  2.87it/s] 46%|████▌     | 639/1399 [03:43<04:19,  2.93it/s] 46%|████▌     | 640/1399 [03:43<04:38,  2.73it/s] 46%|████▌     | 641/1399 [03:44<04:53,  2.58it/s] 46%|████▌     | 642/1399 [03:44<04:55,  2.56it/s] 46%|████▌     | 643/1399 [03:45<05:02,  2.50it/s] 46%|████▌     | 644/1399 [03:45<05:09,  2.44it/s] 46%|████▌     | 645/1399 [03:45<04:59,  2.51it/s] 46%|████▌     | 646/1399 [03:46<05:11,  2.41it/s] 46%|████▌     | 647/1399 [03:46<05:04,  2.47it/s] 46%|████▋     | 648/1399 [03:47<04:50,  2.58it/s] 46%|████▋     | 649/1399 [03:47<05:00,  2.50it/s] 46%|████▋     | 650/1399 [03:47<04:58,  2.51it/s] 47%|████▋     | 651/1399 [03:48<04:48,  2.59it/s] 47%|████▋     | 652/1399 [03:48<04:31,  2.75it/s] 47%|████▋     | 653/1399 [03:48<04:40,  2.66it/s] 47%|████▋     | 654/1399 [03:49<04:50,  2.56it/s] 47%|████▋     | 655/1399 [03:49<05:03,  2.45it/s] 47%|████▋     | 656/1399 [03:50<05:04,  2.44it/s] 47%|████▋     | 657/1399 [03:50<05:10,  2.39it/s] 47%|████▋     | 658/1399 [03:51<05:09,  2.40it/s] 47%|████▋     | 659/1399 [03:51<05:11,  2.38it/s] 47%|████▋     | 660/1399 [03:51<05:09,  2.39it/s] 47%|████▋     | 661/1399 [03:52<04:43,  2.60it/s] 47%|████▋     | 662/1399 [03:52<04:33,  2.69it/s] 47%|████▋     | 663/1399 [03:52<04:30,  2.72it/s] 47%|████▋     | 664/1399 [03:53<04:10,  2.93it/s] 48%|████▊     | 665/1399 [03:53<03:57,  3.09it/s] 48%|████▊     | 666/1399 [03:53<03:59,  3.06it/s] 48%|████▊     | 667/1399 [03:54<03:55,  3.11it/s] 48%|████▊     | 668/1399 [03:54<03:52,  3.14it/s] 48%|████▊     | 669/1399 [03:54<03:50,  3.16it/s] 48%|████▊     | 670/1399 [03:55<04:15,  2.86it/s] 48%|████▊     | 671/1399 [03:55<04:06,  2.95it/s] 48%|████▊     | 672/1399 [03:55<03:58,  3.04it/s] 48%|████▊     | 673/1399 [03:56<04:17,  2.82it/s] 48%|████▊     | 674/1399 [03:56<04:30,  2.68it/s] 48%|████▊     | 675/1399 [03:56<04:18,  2.80it/s] 48%|████▊     | 676/1399 [03:57<04:39,  2.58it/s] 48%|████▊     | 677/1399 [03:57<04:26,  2.71it/s] 48%|████▊     | 678/1399 [03:58<04:44,  2.53it/s] 49%|████▊     | 679/1399 [03:58<04:44,  2.53it/s] 49%|████▊     | 680/1399 [03:58<04:33,  2.63it/s] 49%|████▊     | 681/1399 [03:59<04:31,  2.64it/s] 49%|████▊     | 682/1399 [03:59<04:17,  2.78it/s] 49%|████▉     | 683/1399 [04:00<04:25,  2.70it/s] 49%|████▉     | 684/1399 [04:00<04:29,  2.65it/s] 49%|████▉     | 685/1399 [04:00<04:30,  2.64it/s] 49%|████▉     | 686/1399 [04:01<04:22,  2.72it/s] 49%|████▉     | 687/1399 [04:01<04:24,  2.69it/s] 49%|████▉     | 688/1399 [04:01<04:17,  2.76it/s] 49%|████▉     | 689/1399 [04:02<04:21,  2.71it/s] 49%|████▉     | 690/1399 [04:02<04:16,  2.76it/s] 49%|████▉     | 691/1399 [04:02<03:59,  2.96it/s] 49%|████▉     | 692/1399 [04:03<03:44,  3.15it/s] 50%|████▉     | 693/1399 [04:03<03:32,  3.33it/s] 50%|████▉     | 694/1399 [04:03<03:37,  3.24it/s] 50%|████▉     | 695/1399 [04:04<03:44,  3.13it/s] 50%|████▉     | 696/1399 [04:04<03:46,  3.10it/s] 50%|████▉     | 697/1399 [04:04<03:31,  3.32it/s] 50%|████▉     | 698/1399 [04:04<03:27,  3.38it/s] 50%|████▉     | 699/1399 [04:05<03:47,  3.07it/s] 50%|█████     | 700/1399 [04:05<04:01,  2.90it/s] 50%|█████     | 701/1399 [04:06<04:05,  2.85it/s] 50%|█████     | 702/1399 [04:06<04:09,  2.79it/s] 50%|█████     | 703/1399 [04:06<04:10,  2.78it/s] 50%|█████     | 704/1399 [04:07<03:54,  2.97it/s] 50%|█████     | 705/1399 [04:07<03:47,  3.05it/s] 50%|█████     | 706/1399 [04:07<03:31,  3.28it/s] 51%|█████     | 707/1399 [04:08<03:53,  2.96it/s] 51%|█████     | 708/1399 [04:08<03:50,  2.99it/s] 51%|█████     | 709/1399 [04:08<03:54,  2.94it/s] 51%|█████     | 710/1399 [04:09<03:46,  3.04it/s] 51%|█████     | 711/1399 [04:09<03:38,  3.16it/s] 51%|█████     | 712/1399 [04:09<03:42,  3.08it/s] 51%|█████     | 713/1399 [04:10<04:01,  2.84it/s] 51%|█████     | 714/1399 [04:10<04:03,  2.82it/s] 51%|█████     | 715/1399 [04:10<03:55,  2.91it/s] 51%|█████     | 716/1399 [04:11<04:02,  2.81it/s] 51%|█████▏    | 717/1399 [04:11<03:55,  2.89it/s] 51%|█████▏    | 718/1399 [04:11<03:51,  2.94it/s] 51%|█████▏    | 719/1399 [04:12<04:07,  2.75it/s] 51%|█████▏    | 720/1399 [04:12<03:49,  2.96it/s] 52%|█████▏    | 721/1399 [04:12<04:08,  2.72it/s] 52%|█████▏    | 722/1399 [04:13<03:54,  2.89it/s] 52%|█████▏    | 723/1399 [04:13<03:37,  3.11it/s] 52%|█████▏    | 724/1399 [04:13<03:55,  2.86it/s] 52%|█████▏    | 725/1399 [04:14<03:49,  2.94it/s] 52%|█████▏    | 726/1399 [04:14<03:48,  2.94it/s] 52%|█████▏    | 727/1399 [04:14<03:53,  2.87it/s] 52%|█████▏    | 728/1399 [04:15<04:07,  2.71it/s] 52%|█████▏    | 729/1399 [04:15<04:10,  2.67it/s] 52%|█████▏    | 730/1399 [04:16<04:08,  2.69it/s] 52%|█████▏    | 731/1399 [04:16<04:01,  2.76it/s] 52%|█████▏    | 732/1399 [04:16<04:12,  2.64it/s] 52%|█████▏    | 733/1399 [04:17<03:59,  2.78it/s] 52%|█████▏    | 734/1399 [04:17<04:10,  2.66it/s] 53%|█████▎    | 735/1399 [04:18<04:16,  2.59it/s] 53%|█████▎    | 736/1399 [04:18<04:20,  2.54it/s] 53%|█████▎    | 737/1399 [04:18<04:33,  2.42it/s] 53%|█████▎    | 738/1399 [04:19<04:16,  2.58it/s] 53%|█████▎    | 739/1399 [04:19<04:12,  2.61it/s] 53%|█████▎    | 740/1399 [04:20<04:23,  2.50it/s] 53%|█████▎    | 741/1399 [04:20<04:02,  2.71it/s] 53%|█████▎    | 742/1399 [04:20<03:52,  2.82it/s] 53%|█████▎    | 743/1399 [04:21<04:01,  2.72it/s] 53%|█████▎    | 744/1399 [04:21<04:16,  2.55it/s] 53%|█████▎    | 745/1399 [04:21<04:14,  2.57it/s] 53%|█████▎    | 746/1399 [04:22<04:25,  2.46it/s] 53%|█████▎    | 747/1399 [04:22<04:19,  2.51it/s] 53%|█████▎    | 748/1399 [04:23<04:10,  2.60it/s] 54%|█████▎    | 749/1399 [04:23<04:02,  2.68it/s] 54%|█████▎    | 750/1399 [04:23<04:19,  2.50it/s] 54%|█████▎    | 751/1399 [04:24<04:26,  2.43it/s] 54%|█████▍    | 752/1399 [04:24<04:26,  2.43it/s] 54%|█████▍    | 753/1399 [04:25<04:24,  2.44it/s] 54%|█████▍    | 754/1399 [04:25<04:11,  2.56it/s] 54%|█████▍    | 755/1399 [04:25<04:20,  2.47it/s] 54%|█████▍    | 756/1399 [04:26<04:27,  2.41it/s] 54%|█████▍    | 757/1399 [04:26<04:30,  2.37it/s] 54%|█████▍    | 758/1399 [04:27<04:32,  2.35it/s] 54%|█████▍    | 759/1399 [04:27<04:21,  2.44it/s] 54%|█████▍    | 760/1399 [04:27<04:24,  2.42it/s] 54%|█████▍    | 761/1399 [04:28<04:27,  2.38it/s] 54%|█████▍    | 762/1399 [04:28<04:29,  2.36it/s] 55%|█████▍    | 763/1399 [04:29<04:36,  2.30it/s] 55%|█████▍    | 764/1399 [04:29<04:31,  2.34it/s] 55%|█████▍    | 765/1399 [04:30<04:26,  2.38it/s] 55%|█████▍    | 766/1399 [04:30<04:32,  2.32it/s] 55%|█████▍    | 767/1399 [04:31<04:34,  2.30it/s] 55%|█████▍    | 768/1399 [04:31<04:27,  2.36it/s] 55%|█████▍    | 769/1399 [04:31<04:18,  2.44it/s] 55%|█████▌    | 770/1399 [04:32<04:25,  2.37it/s] 55%|█████▌    | 771/1399 [04:32<04:28,  2.34it/s] 55%|█████▌    | 772/1399 [04:33<04:32,  2.30it/s] 55%|█████▌    | 773/1399 [04:33<04:37,  2.26it/s] 55%|█████▌    | 774/1399 [04:34<04:31,  2.30it/s] 55%|█████▌    | 775/1399 [04:34<04:07,  2.52it/s] 55%|█████▌    | 776/1399 [04:34<04:08,  2.51it/s] 56%|█████▌    | 777/1399 [04:35<03:59,  2.60it/s] 56%|█████▌    | 778/1399 [04:35<03:43,  2.78it/s] 56%|█████▌    | 779/1399 [04:35<03:47,  2.72it/s] 56%|█████▌    | 780/1399 [04:36<03:37,  2.84it/s] 56%|█████▌    | 781/1399 [04:36<03:41,  2.79it/s] 56%|█████▌    | 782/1399 [04:36<03:47,  2.71it/s] 56%|█████▌    | 783/1399 [04:37<03:40,  2.80it/s] 56%|█████▌    | 784/1399 [04:37<03:32,  2.89it/s] 56%|█████▌    | 785/1399 [04:37<03:40,  2.79it/s] 56%|█████▌    | 786/1399 [04:38<03:43,  2.74it/s] 56%|█████▋    | 787/1399 [04:38<03:42,  2.75it/s] 56%|█████▋    | 788/1399 [04:39<03:42,  2.74it/s] 56%|█████▋    | 789/1399 [04:39<03:33,  2.85it/s] 56%|█████▋    | 790/1399 [04:39<03:38,  2.79it/s] 57%|█████▋    | 791/1399 [04:40<03:28,  2.92it/s] 57%|█████▋    | 792/1399 [04:40<03:41,  2.75it/s] 57%|█████▋    | 793/1399 [04:40<03:51,  2.62it/s] 57%|█████▋    | 794/1399 [04:41<03:36,  2.80it/s] 57%|█████▋    | 795/1399 [04:41<03:25,  2.94it/s] 57%|█████▋    | 796/1399 [04:41<03:35,  2.79it/s] 57%|█████▋    | 797/1399 [04:42<03:40,  2.73it/s] 57%|█████▋    | 798/1399 [04:42<03:43,  2.69it/s] 57%|█████▋    | 799/1399 [04:42<03:34,  2.79it/s] 57%|█████▋    | 800/1399 [04:43<03:17,  3.03it/s] 57%|█████▋    | 801/1399 [04:43<03:12,  3.11it/s] 57%|█████▋    | 802/1399 [04:43<03:12,  3.11it/s] 57%|█████▋    | 803/1399 [04:44<03:24,  2.92it/s] 57%|█████▋    | 804/1399 [04:44<03:36,  2.75it/s] 58%|█████▊    | 805/1399 [04:45<03:36,  2.74it/s] 58%|█████▊    | 806/1399 [04:45<03:26,  2.87it/s] 58%|█████▊    | 807/1399 [04:45<03:35,  2.75it/s] 58%|█████▊    | 808/1399 [04:46<03:44,  2.63it/s] 58%|█████▊    | 809/1399 [04:46<03:46,  2.60it/s] 58%|█████▊    | 810/1399 [04:46<03:53,  2.52it/s] 58%|█████▊    | 811/1399 [04:47<03:47,  2.58it/s] 58%|█████▊    | 812/1399 [04:47<03:45,  2.61it/s] 58%|█████▊    | 813/1399 [04:48<03:45,  2.60it/s] 58%|█████▊    | 814/1399 [04:48<03:55,  2.49it/s] 58%|█████▊    | 815/1399 [04:48<03:51,  2.52it/s] 58%|█████▊    | 816/1399 [04:49<03:56,  2.46it/s] 58%|█████▊    | 817/1399 [04:49<04:00,  2.42it/s] 58%|█████▊    | 818/1399 [04:50<03:56,  2.46it/s] 59%|█████▊    | 819/1399 [04:50<03:51,  2.51it/s] 59%|█████▊    | 820/1399 [04:50<03:38,  2.65it/s] 59%|█████▊    | 821/1399 [04:51<03:45,  2.56it/s] 59%|█████▉    | 822/1399 [04:51<03:41,  2.60it/s] 59%|█████▉    | 823/1399 [04:52<03:47,  2.53it/s] 59%|█████▉    | 824/1399 [04:52<03:40,  2.60it/s] 59%|█████▉    | 825/1399 [04:52<03:46,  2.54it/s] 59%|█████▉    | 826/1399 [04:53<03:47,  2.52it/s] 59%|█████▉    | 827/1399 [04:53<03:26,  2.78it/s] 59%|█████▉    | 828/1399 [04:53<03:30,  2.71it/s] 59%|█████▉    | 829/1399 [04:54<03:34,  2.65it/s] 59%|█████▉    | 830/1399 [04:54<03:28,  2.73it/s] 59%|█████▉    | 831/1399 [04:54<03:10,  2.99it/s] 59%|█████▉    | 832/1399 [04:55<03:09,  2.99it/s] 60%|█████▉    | 833/1399 [04:55<03:26,  2.74it/s] 60%|█████▉    | 834/1399 [04:55<03:15,  2.88it/s] 60%|█████▉    | 835/1399 [04:56<03:25,  2.75it/s] 60%|█████▉    | 836/1399 [04:56<03:35,  2.62it/s] 60%|█████▉    | 837/1399 [04:57<03:23,  2.77it/s] 60%|█████▉    | 838/1399 [04:57<03:33,  2.62it/s] 60%|█████▉    | 839/1399 [04:57<03:34,  2.61it/s] 60%|██████    | 840/1399 [04:58<03:34,  2.61it/s] 60%|██████    | 841/1399 [04:58<03:36,  2.58it/s] 60%|██████    | 842/1399 [04:59<03:35,  2.59it/s] 60%|██████    | 843/1399 [04:59<03:39,  2.53it/s] 60%|██████    | 844/1399 [04:59<03:43,  2.48it/s] 60%|██████    | 845/1399 [05:00<03:34,  2.58it/s] 60%|██████    | 846/1399 [05:00<03:34,  2.58it/s] 61%|██████    | 847/1399 [05:01<03:41,  2.50it/s] 61%|██████    | 848/1399 [05:01<03:44,  2.46it/s] 61%|██████    | 849/1399 [05:01<03:39,  2.51it/s] 61%|██████    | 850/1399 [05:02<03:37,  2.52it/s] 61%|██████    | 851/1399 [05:02<03:42,  2.46it/s] 61%|██████    | 852/1399 [05:03<03:40,  2.48it/s] 61%|██████    | 853/1399 [05:03<03:43,  2.45it/s] 61%|██████    | 854/1399 [05:03<03:42,  2.45it/s] 61%|██████    | 855/1399 [05:04<03:42,  2.44it/s] 61%|██████    | 856/1399 [05:04<03:34,  2.54it/s] 61%|██████▏   | 857/1399 [05:05<03:31,  2.57it/s] 61%|██████▏   | 858/1399 [05:05<03:27,  2.60it/s] 61%|██████▏   | 859/1399 [05:05<03:29,  2.58it/s] 61%|██████▏   | 860/1399 [05:06<03:27,  2.60it/s] 62%|██████▏   | 861/1399 [05:06<03:20,  2.68it/s] 62%|██████▏   | 862/1399 [05:07<03:29,  2.57it/s] 62%|██████▏   | 863/1399 [05:07<03:30,  2.54it/s] 62%|██████▏   | 864/1399 [05:07<03:27,  2.58it/s] 62%|██████▏   | 865/1399 [05:08<03:33,  2.50it/s] 62%|██████▏   | 866/1399 [05:08<03:27,  2.56it/s] 62%|██████▏   | 867/1399 [05:08<03:20,  2.65it/s] 62%|██████▏   | 868/1399 [05:09<03:19,  2.67it/s] 62%|██████▏   | 869/1399 [05:09<03:26,  2.57it/s] 62%|██████▏   | 870/1399 [05:10<03:31,  2.50it/s] 62%|██████▏   | 871/1399 [05:10<03:34,  2.46it/s] 62%|██████▏   | 872/1399 [05:10<03:19,  2.65it/s] 62%|██████▏   | 873/1399 [05:11<03:07,  2.80it/s] 62%|██████▏   | 874/1399 [05:11<03:15,  2.68it/s] 63%|██████▎   | 875/1399 [05:12<03:21,  2.61it/s] 63%|██████▎   | 876/1399 [05:12<03:25,  2.55it/s] 63%|██████▎   | 877/1399 [05:12<03:24,  2.55it/s] 63%|██████▎   | 878/1399 [05:13<03:26,  2.53it/s] 63%|██████▎   | 879/1399 [05:13<03:25,  2.53it/s] 63%|██████▎   | 880/1399 [05:14<03:29,  2.47it/s] 63%|██████▎   | 881/1399 [05:14<03:24,  2.53it/s] 63%|██████▎   | 882/1399 [05:14<03:16,  2.63it/s] 63%|██████▎   | 883/1399 [05:15<03:21,  2.56it/s] 63%|██████▎   | 884/1399 [05:15<03:23,  2.53it/s] 63%|██████▎   | 885/1399 [05:16<03:25,  2.50it/s] 63%|██████▎   | 886/1399 [05:16<03:31,  2.43it/s] 63%|██████▎   | 887/1399 [05:16<03:28,  2.45it/s] 63%|██████▎   | 888/1399 [05:17<03:27,  2.47it/s] 64%|██████▎   | 889/1399 [05:17<03:23,  2.51it/s] 64%|██████▎   | 890/1399 [05:18<03:22,  2.51it/s] 64%|██████▎   | 891/1399 [05:18<03:18,  2.56it/s] 64%|██████▍   | 892/1399 [05:18<03:26,  2.45it/s] 64%|██████▍   | 893/1399 [05:19<03:11,  2.64it/s] 64%|██████▍   | 894/1399 [05:19<03:15,  2.58it/s] 64%|██████▍   | 895/1399 [05:19<03:14,  2.59it/s] 64%|██████▍   | 896/1399 [05:20<03:22,  2.49it/s] 64%|██████▍   | 897/1399 [05:20<03:17,  2.54it/s] 64%|██████▍   | 898/1399 [05:21<03:23,  2.46it/s] 64%|██████▍   | 899/1399 [05:21<03:11,  2.61it/s] 64%|██████▍   | 900/1399 [05:21<03:17,  2.53it/s] 64%|██████▍   | 901/1399 [05:22<03:23,  2.44it/s] 64%|██████▍   | 902/1399 [05:22<03:26,  2.41it/s] 65%|██████▍   | 903/1399 [05:23<03:21,  2.46it/s] 65%|██████▍   | 904/1399 [05:23<03:24,  2.42it/s] 65%|██████▍   | 905/1399 [05:24<03:23,  2.43it/s] 65%|██████▍   | 906/1399 [05:24<03:27,  2.38it/s] 65%|██████▍   | 907/1399 [05:24<03:18,  2.47it/s] 65%|██████▍   | 908/1399 [05:25<03:03,  2.68it/s] 65%|██████▍   | 909/1399 [05:25<02:51,  2.86it/s] 65%|██████▌   | 910/1399 [05:25<02:53,  2.81it/s] 65%|██████▌   | 911/1399 [05:26<02:59,  2.71it/s] 65%|██████▌   | 912/1399 [05:26<03:08,  2.59it/s] 65%|██████▌   | 913/1399 [05:27<03:10,  2.56it/s] 65%|██████▌   | 914/1399 [05:27<03:12,  2.52it/s] 65%|██████▌   | 915/1399 [05:27<03:17,  2.45it/s] 65%|██████▌   | 916/1399 [05:28<03:17,  2.44it/s] 66%|██████▌   | 917/1399 [05:28<03:17,  2.44it/s] 66%|██████▌   | 918/1399 [05:29<03:15,  2.45it/s] 66%|██████▌   | 919/1399 [05:29<03:14,  2.46it/s] 66%|██████▌   | 920/1399 [05:29<03:01,  2.64it/s] 66%|██████▌   | 921/1399 [05:30<02:52,  2.77it/s] 66%|██████▌   | 922/1399 [05:30<03:00,  2.64it/s] 66%|██████▌   | 923/1399 [05:30<03:02,  2.61it/s] 66%|██████▌   | 924/1399 [05:31<03:01,  2.61it/s] 66%|██████▌   | 925/1399 [05:31<03:09,  2.51it/s] 66%|██████▌   | 926/1399 [05:32<03:03,  2.57it/s] 66%|██████▋   | 927/1399 [05:32<02:52,  2.74it/s] 66%|██████▋   | 928/1399 [05:32<02:43,  2.88it/s] 66%|██████▋   | 929/1399 [05:33<02:34,  3.05it/s] 66%|██████▋   | 930/1399 [05:33<02:27,  3.19it/s] 67%|██████▋   | 931/1399 [05:33<02:25,  3.22it/s] 67%|██████▋   | 932/1399 [05:33<02:24,  3.24it/s] 67%|██████▋   | 933/1399 [05:34<02:28,  3.13it/s] 67%|██████▋   | 934/1399 [05:34<02:36,  2.97it/s] 67%|██████▋   | 935/1399 [05:34<02:35,  2.98it/s] 67%|██████▋   | 936/1399 [05:35<02:29,  3.10it/s] 67%|██████▋   | 937/1399 [05:35<02:33,  3.02it/s] 67%|██████▋   | 938/1399 [05:35<02:26,  3.14it/s] 67%|██████▋   | 939/1399 [05:36<02:32,  3.01it/s] 67%|██████▋   | 940/1399 [05:36<02:40,  2.87it/s] 67%|██████▋   | 941/1399 [05:37<02:47,  2.74it/s] 67%|██████▋   | 942/1399 [05:37<02:45,  2.76it/s] 67%|██████▋   | 943/1399 [05:37<02:33,  2.96it/s] 67%|██████▋   | 944/1399 [05:38<02:45,  2.75it/s] 68%|██████▊   | 945/1399 [05:38<02:50,  2.67it/s] 68%|██████▊   | 946/1399 [05:38<02:57,  2.55it/s] 68%|██████▊   | 947/1399 [05:39<02:52,  2.62it/s] 68%|██████▊   | 948/1399 [05:39<02:55,  2.57it/s] 68%|██████▊   | 949/1399 [05:40<02:49,  2.66it/s] 68%|██████▊   | 950/1399 [05:40<02:53,  2.58it/s] 68%|██████▊   | 951/1399 [05:40<02:56,  2.54it/s] 68%|██████▊   | 952/1399 [05:41<03:01,  2.46it/s] 68%|██████▊   | 953/1399 [05:41<03:01,  2.46it/s] 68%|██████▊   | 954/1399 [05:42<02:55,  2.53it/s] 68%|██████▊   | 955/1399 [05:42<02:56,  2.51it/s] 68%|██████▊   | 956/1399 [05:42<02:54,  2.55it/s] 68%|██████▊   | 957/1399 [05:43<03:00,  2.45it/s] 68%|██████▊   | 958/1399 [05:43<03:01,  2.42it/s] 69%|██████▊   | 959/1399 [05:44<02:46,  2.64it/s] 69%|██████▊   | 960/1399 [05:44<02:41,  2.71it/s] 69%|██████▊   | 961/1399 [05:44<02:48,  2.60it/s] 69%|██████▉   | 962/1399 [05:45<02:48,  2.59it/s] 69%|██████▉   | 963/1399 [05:45<02:45,  2.64it/s] 69%|██████▉   | 964/1399 [05:45<02:39,  2.73it/s] 69%|██████▉   | 965/1399 [05:46<02:38,  2.73it/s] 69%|██████▉   | 966/1399 [05:46<02:44,  2.64it/s] 69%|██████▉   | 967/1399 [05:47<02:51,  2.52it/s] 69%|██████▉   | 968/1399 [05:47<02:52,  2.50it/s] 69%|██████▉   | 969/1399 [05:47<02:43,  2.62it/s] 69%|██████▉   | 970/1399 [05:48<02:41,  2.66it/s] 69%|██████▉   | 971/1399 [05:48<02:43,  2.63it/s] 69%|██████▉   | 972/1399 [05:49<02:47,  2.54it/s] 70%|██████▉   | 973/1399 [05:49<02:45,  2.58it/s] 70%|██████▉   | 974/1399 [05:49<02:45,  2.56it/s] 70%|██████▉   | 975/1399 [05:50<02:49,  2.50it/s] 70%|██████▉   | 976/1399 [05:50<02:49,  2.49it/s] 70%|██████▉   | 977/1399 [05:51<02:52,  2.45it/s] 70%|██████▉   | 978/1399 [05:51<02:52,  2.44it/s] 70%|██████▉   | 979/1399 [05:51<02:48,  2.49it/s] 70%|███████   | 980/1399 [05:52<02:46,  2.51it/s] 70%|███████   | 981/1399 [05:52<02:41,  2.59it/s] 70%|███████   | 982/1399 [05:53<02:43,  2.55it/s] 70%|███████   | 983/1399 [05:53<02:42,  2.56it/s] 70%|███████   | 984/1399 [05:53<02:43,  2.54it/s] 70%|███████   | 985/1399 [05:54<02:45,  2.51it/s] 70%|███████   | 986/1399 [05:54<02:49,  2.43it/s] 71%|███████   | 987/1399 [05:55<02:42,  2.54it/s] 71%|███████   | 988/1399 [05:55<02:44,  2.50it/s] 71%|███████   | 989/1399 [05:55<02:34,  2.65it/s] 71%|███████   | 990/1399 [05:56<02:24,  2.84it/s] 71%|███████   | 991/1399 [05:56<02:31,  2.69it/s] 71%|███████   | 992/1399 [05:56<02:32,  2.68it/s] 71%|███████   | 993/1399 [05:57<02:37,  2.57it/s] 71%|███████   | 994/1399 [05:57<02:38,  2.56it/s] 71%|███████   | 995/1399 [05:58<02:37,  2.57it/s] 71%|███████   | 996/1399 [05:58<02:38,  2.55it/s] 71%|███████▏  | 997/1399 [05:58<02:24,  2.78it/s] 71%|███████▏  | 998/1399 [05:59<02:14,  2.97it/s] 71%|███████▏  | 999/1399 [05:59<02:23,  2.78it/s] 71%|███████▏  | 1000/1399 [05:59<02:32,  2.61it/s] 72%|███████▏  | 1001/1399 [06:00<02:34,  2.58it/s] 72%|███████▏  | 1002/1399 [06:00<02:33,  2.59it/s] 72%|███████▏  | 1003/1399 [06:01<02:38,  2.50it/s] 72%|███████▏  | 1004/1399 [06:01<02:36,  2.53it/s] 72%|███████▏  | 1005/1399 [06:01<02:29,  2.63it/s] 72%|███████▏  | 1006/1399 [06:02<02:24,  2.72it/s] 72%|███████▏  | 1007/1399 [06:02<02:23,  2.74it/s] 72%|███████▏  | 1008/1399 [06:02<02:27,  2.65it/s] 72%|███████▏  | 1009/1399 [06:03<02:32,  2.56it/s] 72%|███████▏  | 1010/1399 [06:03<02:22,  2.74it/s] 72%|███████▏  | 1011/1399 [06:14<22:23,  3.46s/it] 72%|███████▏  | 1012/1399 [06:14<16:23,  2.54s/it] 72%|███████▏  | 1013/1399 [06:15<12:09,  1.89s/it] 72%|███████▏  | 1014/1399 [06:15<09:20,  1.46s/it] 73%|███████▎  | 1015/1399 [06:15<07:22,  1.15s/it] 73%|███████▎  | 1016/1399 [06:16<05:58,  1.07it/s] 73%|███████▎  | 1017/1399 [06:16<04:49,  1.32it/s] 73%|███████▎  | 1018/1399 [06:17<04:09,  1.53it/s] 73%|███████▎  | 1019/1399 [06:17<03:39,  1.73it/s] 73%|███████▎  | 1020/1399 [06:17<03:20,  1.89it/s] 73%|███████▎  | 1021/1399 [06:18<03:10,  1.99it/s] 73%|███████▎  | 1022/1399 [06:18<02:47,  2.25it/s] 73%|███████▎  | 1023/1399 [06:19<02:37,  2.39it/s] 73%|███████▎  | 1024/1399 [06:19<02:36,  2.39it/s] 73%|███████▎  | 1025/1399 [06:19<02:37,  2.38it/s] 73%|███████▎  | 1026/1399 [06:20<02:36,  2.38it/s] 73%|███████▎  | 1027/1399 [06:20<02:36,  2.37it/s] 73%|███████▎  | 1028/1399 [06:21<02:31,  2.46it/s] 74%|███████▎  | 1029/1399 [06:21<02:31,  2.44it/s] 74%|███████▎  | 1030/1399 [06:21<02:24,  2.55it/s] 74%|███████▎  | 1031/1399 [06:22<02:20,  2.61it/s] 74%|███████▍  | 1032/1399 [06:22<02:21,  2.59it/s] 74%|███████▍  | 1033/1399 [06:23<02:23,  2.55it/s] 74%|███████▍  | 1034/1399 [06:23<02:16,  2.67it/s] 74%|███████▍  | 1035/1399 [06:23<02:18,  2.64it/s] 74%|███████▍  | 1036/1399 [06:24<02:22,  2.54it/s] 74%|███████▍  | 1037/1399 [06:24<02:17,  2.63it/s] 74%|███████▍  | 1038/1399 [06:24<02:20,  2.57it/s] 74%|███████▍  | 1039/1399 [06:25<02:23,  2.50it/s] 74%|███████▍  | 1040/1399 [06:25<02:22,  2.51it/s] 74%|███████▍  | 1041/1399 [06:26<02:23,  2.50it/s] 74%|███████▍  | 1042/1399 [06:26<02:26,  2.43it/s] 75%|███████▍  | 1043/1399 [06:26<02:19,  2.55it/s] 75%|███████▍  | 1044/1399 [06:27<02:17,  2.59it/s] 75%|███████▍  | 1045/1399 [06:27<02:13,  2.66it/s] 75%|███████▍  | 1046/1399 [06:28<02:15,  2.60it/s] 75%|███████▍  | 1047/1399 [06:28<02:16,  2.59it/s] 75%|███████▍  | 1048/1399 [06:28<02:17,  2.55it/s] 75%|███████▍  | 1049/1399 [06:29<02:17,  2.54it/s] 75%|███████▌  | 1050/1399 [06:29<02:19,  2.50it/s] 75%|███████▌  | 1051/1399 [06:30<02:17,  2.53it/s] 75%|███████▌  | 1052/1399 [06:30<02:20,  2.47it/s] 75%|███████▌  | 1053/1399 [06:30<02:18,  2.49it/s] 75%|███████▌  | 1054/1399 [06:31<02:16,  2.54it/s] 75%|███████▌  | 1055/1399 [06:31<02:15,  2.55it/s] 75%|███████▌  | 1056/1399 [06:32<02:10,  2.62it/s] 76%|███████▌  | 1057/1399 [06:32<02:12,  2.59it/s] 76%|███████▌  | 1058/1399 [06:32<02:06,  2.70it/s] 76%|███████▌  | 1059/1399 [06:33<02:00,  2.81it/s] 76%|███████▌  | 1060/1399 [06:33<02:05,  2.70it/s] 76%|███████▌  | 1061/1399 [06:33<02:07,  2.65it/s] 76%|███████▌  | 1062/1399 [06:34<02:01,  2.78it/s] 76%|███████▌  | 1063/1399 [06:34<02:03,  2.72it/s] 76%|███████▌  | 1064/1399 [06:34<02:01,  2.76it/s] 76%|███████▌  | 1065/1399 [06:35<01:58,  2.81it/s] 76%|███████▌  | 1066/1399 [06:35<02:00,  2.76it/s] 76%|███████▋  | 1067/1399 [06:36<02:01,  2.73it/s] 76%|███████▋  | 1068/1399 [06:36<01:57,  2.82it/s] 76%|███████▋  | 1069/1399 [06:36<02:04,  2.66it/s] 76%|███████▋  | 1070/1399 [06:37<01:59,  2.75it/s] 77%|███████▋  | 1071/1399 [06:37<02:00,  2.72it/s] 77%|███████▋  | 1072/1399 [06:37<01:59,  2.73it/s] 77%|███████▋  | 1073/1399 [06:38<01:56,  2.79it/s] 77%|███████▋  | 1074/1399 [06:38<01:58,  2.74it/s] 77%|███████▋  | 1075/1399 [06:38<01:55,  2.79it/s] 77%|███████▋  | 1076/1399 [06:39<01:55,  2.81it/s] 77%|███████▋  | 1077/1399 [06:39<01:55,  2.79it/s] 77%|███████▋  | 1078/1399 [06:40<01:55,  2.78it/s] 77%|███████▋  | 1079/1399 [06:40<01:51,  2.87it/s] 77%|███████▋  | 1080/1399 [06:40<01:55,  2.76it/s] 77%|███████▋  | 1081/1399 [06:41<01:55,  2.76it/s] 77%|███████▋  | 1082/1399 [06:41<01:58,  2.67it/s] 77%|███████▋  | 1083/1399 [06:41<01:58,  2.66it/s] 77%|███████▋  | 1084/1399 [06:42<01:56,  2.70it/s] 78%|███████▊  | 1085/1399 [06:42<01:54,  2.73it/s] 78%|███████▊  | 1086/1399 [06:42<01:48,  2.88it/s] 78%|███████▊  | 1087/1399 [06:43<01:55,  2.69it/s] 78%|███████▊  | 1088/1399 [06:43<01:46,  2.91it/s] 78%|███████▊  | 1089/1399 [06:43<01:40,  3.08it/s] 78%|███████▊  | 1090/1399 [06:44<01:42,  3.02it/s] 78%|███████▊  | 1091/1399 [06:44<01:47,  2.87it/s] 78%|███████▊  | 1092/1399 [06:44<01:43,  2.98it/s] 78%|███████▊  | 1093/1399 [06:45<01:40,  3.05it/s] 78%|███████▊  | 1094/1399 [06:45<01:38,  3.10it/s] 78%|███████▊  | 1095/1399 [06:45<01:32,  3.28it/s] 78%|███████▊  | 1096/1399 [06:46<01:41,  2.99it/s] 78%|███████▊  | 1097/1399 [06:46<01:45,  2.85it/s] 78%|███████▊  | 1098/1399 [06:46<01:44,  2.89it/s] 79%|███████▊  | 1099/1399 [06:47<01:39,  3.02it/s] 79%|███████▊  | 1100/1399 [06:47<01:43,  2.90it/s] 79%|███████▊  | 1101/1399 [06:47<01:45,  2.82it/s] 79%|███████▉  | 1102/1399 [06:48<01:48,  2.73it/s] 79%|███████▉  | 1103/1399 [06:48<01:48,  2.72it/s] 79%|███████▉  | 1104/1399 [06:49<01:44,  2.83it/s] 79%|███████▉  | 1105/1399 [06:49<01:43,  2.83it/s] 79%|███████▉  | 1106/1399 [06:49<01:45,  2.79it/s] 79%|███████▉  | 1107/1399 [06:50<01:47,  2.73it/s] 79%|███████▉  | 1108/1399 [06:50<01:47,  2.71it/s] 79%|███████▉  | 1109/1399 [06:50<01:40,  2.89it/s] 79%|███████▉  | 1110/1399 [06:51<01:42,  2.81it/s] 79%|███████▉  | 1111/1399 [06:51<01:34,  3.04it/s] 79%|███████▉  | 1112/1399 [06:51<01:38,  2.92it/s] 80%|███████▉  | 1113/1399 [06:52<01:39,  2.87it/s] 80%|███████▉  | 1114/1399 [06:52<01:33,  3.04it/s] 80%|███████▉  | 1115/1399 [06:52<01:28,  3.19it/s] 80%|███████▉  | 1116/1399 [06:53<01:33,  3.04it/s] 80%|███████▉  | 1117/1399 [06:53<01:28,  3.19it/s] 80%|███████▉  | 1118/1399 [06:53<01:36,  2.90it/s] 80%|███████▉  | 1119/1399 [06:54<01:39,  2.83it/s] 80%|████████  | 1120/1399 [06:54<01:41,  2.76it/s] 80%|████████  | 1121/1399 [06:55<01:43,  2.68it/s] 80%|████████  | 1122/1399 [06:55<01:40,  2.74it/s] 80%|████████  | 1123/1399 [06:55<01:35,  2.88it/s] 80%|████████  | 1124/1399 [06:56<01:39,  2.77it/s] 80%|████████  | 1125/1399 [06:56<01:37,  2.81it/s] 80%|████████  | 1126/1399 [06:56<01:37,  2.80it/s] 81%|████████  | 1127/1399 [06:57<01:34,  2.88it/s] 81%|████████  | 1128/1399 [06:57<01:30,  2.99it/s] 81%|████████  | 1129/1399 [06:57<01:33,  2.90it/s] 81%|████████  | 1130/1399 [06:58<01:35,  2.82it/s] 81%|████████  | 1131/1399 [06:58<01:28,  3.02it/s] 81%|████████  | 1132/1399 [06:58<01:21,  3.27it/s] 81%|████████  | 1133/1399 [06:58<01:19,  3.33it/s] 81%|████████  | 1134/1399 [06:59<01:23,  3.19it/s] 81%|████████  | 1135/1399 [06:59<01:23,  3.18it/s] 81%|████████  | 1136/1399 [06:59<01:27,  2.99it/s] 81%|████████▏ | 1137/1399 [07:00<01:30,  2.91it/s] 81%|████████▏ | 1138/1399 [07:00<01:32,  2.82it/s] 81%|████████▏ | 1139/1399 [07:01<01:33,  2.79it/s] 81%|████████▏ | 1140/1399 [07:01<01:35,  2.72it/s] 82%|████████▏ | 1141/1399 [07:01<01:33,  2.77it/s] 82%|████████▏ | 1142/1399 [07:02<01:33,  2.75it/s] 82%|████████▏ | 1143/1399 [07:02<01:34,  2.70it/s] 82%|████████▏ | 1144/1399 [07:02<01:32,  2.75it/s] 82%|████████▏ | 1145/1399 [07:03<01:24,  3.01it/s] 82%|████████▏ | 1146/1399 [07:03<01:23,  3.03it/s] 82%|████████▏ | 1147/1399 [07:03<01:30,  2.80it/s] 82%|████████▏ | 1148/1399 [07:04<01:31,  2.73it/s] 82%|████████▏ | 1149/1399 [07:04<01:27,  2.85it/s] 82%|████████▏ | 1150/1399 [07:04<01:26,  2.88it/s] 82%|████████▏ | 1151/1399 [07:05<01:26,  2.86it/s] 82%|████████▏ | 1152/1399 [07:05<01:29,  2.77it/s] 82%|████████▏ | 1153/1399 [07:06<01:27,  2.80it/s] 82%|████████▏ | 1154/1399 [07:06<01:31,  2.67it/s] 83%|████████▎ | 1155/1399 [07:06<01:33,  2.61it/s] 83%|████████▎ | 1156/1399 [07:07<01:33,  2.61it/s] 83%|████████▎ | 1157/1399 [07:07<01:29,  2.71it/s] 83%|████████▎ | 1158/1399 [07:08<01:32,  2.60it/s] 83%|████████▎ | 1159/1399 [07:08<01:32,  2.60it/s] 83%|████████▎ | 1160/1399 [07:08<01:30,  2.65it/s] 83%|████████▎ | 1161/1399 [07:09<01:26,  2.76it/s] 83%|████████▎ | 1162/1399 [07:09<01:25,  2.79it/s] 83%|████████▎ | 1163/1399 [07:09<01:24,  2.80it/s] 83%|████████▎ | 1164/1399 [07:10<01:19,  2.96it/s] 83%|████████▎ | 1165/1399 [07:10<01:15,  3.10it/s] 83%|████████▎ | 1166/1399 [07:10<01:19,  2.94it/s] 83%|████████▎ | 1167/1399 [07:11<01:19,  2.90it/s] 83%|████████▎ | 1168/1399 [07:11<01:16,  3.00it/s] 84%|████████▎ | 1169/1399 [07:11<01:16,  3.00it/s] 84%|████████▎ | 1170/1399 [07:12<01:17,  2.94it/s] 84%|████████▎ | 1171/1399 [07:12<01:17,  2.95it/s] 84%|████████▍ | 1172/1399 [07:12<01:15,  2.99it/s] 84%|████████▍ | 1173/1399 [07:13<01:16,  2.96it/s] 84%|████████▍ | 1174/1399 [07:13<01:13,  3.06it/s] 84%|████████▍ | 1175/1399 [07:13<01:12,  3.08it/s] 84%|████████▍ | 1176/1399 [07:14<01:11,  3.12it/s] 84%|████████▍ | 1177/1399 [07:14<01:10,  3.14it/s] 84%|████████▍ | 1178/1399 [07:14<01:12,  3.05it/s] 84%|████████▍ | 1179/1399 [07:15<01:09,  3.15it/s] 84%|████████▍ | 1180/1399 [07:15<01:08,  3.21it/s] 84%|████████▍ | 1181/1399 [07:15<01:03,  3.44it/s] 84%|████████▍ | 1182/1399 [07:15<00:59,  3.66it/s] 85%|████████▍ | 1183/1399 [07:16<01:02,  3.46it/s] 85%|████████▍ | 1184/1399 [07:16<01:00,  3.56it/s] 85%|████████▍ | 1185/1399 [07:16<00:57,  3.74it/s] 85%|████████▍ | 1186/1399 [07:16<01:00,  3.53it/s] 85%|████████▍ | 1187/1399 [07:17<00:58,  3.60it/s] 85%|████████▍ | 1188/1399 [07:17<01:00,  3.52it/s] 85%|████████▍ | 1189/1399 [07:17<00:57,  3.67it/s] 85%|████████▌ | 1190/1399 [07:17<00:54,  3.83it/s] 85%|████████▌ | 1191/1399 [07:18<00:52,  3.98it/s] 85%|████████▌ | 1192/1399 [07:18<00:49,  4.16it/s] 85%|████████▌ | 1193/1399 [07:18<00:48,  4.23it/s] 85%|████████▌ | 1194/1399 [07:18<00:47,  4.34it/s] 85%|████████▌ | 1195/1399 [07:19<00:47,  4.29it/s] 85%|████████▌ | 1196/1399 [07:19<00:46,  4.40it/s] 86%|████████▌ | 1197/1399 [07:19<00:44,  4.52it/s] 86%|████████▌ | 1198/1399 [07:19<00:43,  4.61it/s] 86%|████████▌ | 1199/1399 [07:19<00:42,  4.66it/s] 86%|████████▌ | 1200/1399 [07:20<00:42,  4.63it/s] 86%|████████▌ | 1201/1399 [07:20<00:42,  4.61it/s] 86%|████████▌ | 1202/1399 [07:20<00:44,  4.41it/s] 86%|████████▌ | 1203/1399 [07:20<00:43,  4.54it/s] 86%|████████▌ | 1204/1399 [07:21<00:42,  4.64it/s] 86%|████████▌ | 1205/1399 [07:21<00:41,  4.67it/s] 86%|████████▌ | 1206/1399 [07:21<00:44,  4.36it/s] 86%|████████▋ | 1207/1399 [07:21<00:48,  3.99it/s] 86%|████████▋ | 1208/1399 [07:22<00:50,  3.77it/s] 86%|████████▋ | 1209/1399 [07:22<00:53,  3.58it/s] 86%|████████▋ | 1210/1399 [07:22<00:49,  3.81it/s] 87%|████████▋ | 1211/1399 [07:22<00:50,  3.70it/s] 87%|████████▋ | 1212/1399 [07:23<00:48,  3.83it/s] 87%|████████▋ | 1213/1399 [07:23<00:46,  3.97it/s] 87%|████████▋ | 1214/1399 [07:23<00:49,  3.77it/s] 87%|████████▋ | 1215/1399 [07:23<00:49,  3.69it/s] 87%|████████▋ | 1216/1399 [07:24<00:46,  3.91it/s] 87%|████████▋ | 1217/1399 [07:24<00:52,  3.44it/s] 87%|████████▋ | 1218/1399 [07:24<00:51,  3.49it/s] 87%|████████▋ | 1219/1399 [07:25<00:52,  3.44it/s] 87%|████████▋ | 1220/1399 [07:25<00:51,  3.48it/s] 87%|████████▋ | 1221/1399 [07:25<00:49,  3.61it/s] 87%|████████▋ | 1222/1399 [07:26<00:51,  3.47it/s] 87%|████████▋ | 1223/1399 [07:26<00:50,  3.47it/s] 87%|████████▋ | 1224/1399 [07:26<00:46,  3.77it/s] 88%|████████▊ | 1225/1399 [07:26<00:46,  3.78it/s] 88%|████████▊ | 1226/1399 [07:26<00:43,  3.96it/s] 88%|████████▊ | 1227/1399 [07:27<00:42,  4.07it/s] 88%|████████▊ | 1228/1399 [07:27<00:41,  4.10it/s] 88%|████████▊ | 1229/1399 [07:27<00:40,  4.24it/s] 88%|████████▊ | 1230/1399 [07:28<00:44,  3.77it/s] 88%|████████▊ | 1231/1399 [07:28<00:46,  3.62it/s] 88%|████████▊ | 1232/1399 [07:28<00:44,  3.75it/s] 88%|████████▊ | 1233/1399 [07:28<00:41,  3.96it/s] 88%|████████▊ | 1234/1399 [07:29<00:40,  4.12it/s] 88%|████████▊ | 1235/1399 [07:29<00:39,  4.13it/s] 88%|████████▊ | 1236/1399 [07:29<00:38,  4.27it/s] 88%|████████▊ | 1237/1399 [07:29<00:37,  4.37it/s] 88%|████████▊ | 1238/1399 [07:29<00:37,  4.34it/s] 89%|████████▊ | 1239/1399 [07:30<00:38,  4.12it/s] 89%|████████▊ | 1240/1399 [07:30<00:38,  4.10it/s] 89%|████████▊ | 1241/1399 [07:30<00:38,  4.10it/s] 89%|████████▉ | 1242/1399 [07:30<00:37,  4.21it/s] 89%|████████▉ | 1243/1399 [07:31<00:36,  4.32it/s] 89%|████████▉ | 1244/1399 [07:31<00:35,  4.40it/s] 89%|████████▉ | 1245/1399 [07:31<00:37,  4.14it/s] 89%|████████▉ | 1246/1399 [07:31<00:38,  3.95it/s] 89%|████████▉ | 1247/1399 [07:32<00:36,  4.14it/s] 89%|████████▉ | 1248/1399 [07:32<00:35,  4.27it/s] 89%|████████▉ | 1249/1399 [07:32<00:34,  4.41it/s] 89%|████████▉ | 1250/1399 [07:32<00:37,  3.98it/s] 89%|████████▉ | 1251/1399 [07:33<00:39,  3.72it/s] 89%|████████▉ | 1252/1399 [07:33<00:37,  3.90it/s] 90%|████████▉ | 1253/1399 [07:33<00:39,  3.66it/s] 90%|████████▉ | 1254/1399 [07:34<00:41,  3.50it/s] 90%|████████▉ | 1255/1399 [07:34<00:38,  3.71it/s] 90%|████████▉ | 1256/1399 [07:34<00:37,  3.77it/s] 90%|████████▉ | 1257/1399 [07:34<00:35,  3.97it/s] 90%|████████▉ | 1258/1399 [07:34<00:33,  4.17it/s] 90%|████████▉ | 1259/1399 [07:35<00:33,  4.20it/s] 90%|█████████ | 1260/1399 [07:35<00:34,  4.07it/s] 90%|█████████ | 1261/1399 [07:35<00:35,  3.92it/s] 90%|█████████ | 1262/1399 [07:35<00:35,  3.90it/s] 90%|█████████ | 1263/1399 [07:36<00:34,  3.90it/s] 90%|█████████ | 1264/1399 [07:36<00:33,  3.98it/s] 90%|█████████ | 1265/1399 [07:36<00:32,  4.12it/s] 90%|█████████ | 1266/1399 [07:36<00:33,  3.93it/s] 91%|█████████ | 1267/1399 [07:37<00:34,  3.85it/s] 91%|█████████ | 1268/1399 [07:37<00:33,  3.92it/s] 91%|█████████ | 1269/1399 [07:37<00:32,  3.99it/s] 91%|█████████ | 1270/1399 [07:37<00:32,  3.97it/s] 91%|█████████ | 1271/1399 [07:38<00:33,  3.78it/s] 91%|█████████ | 1272/1399 [07:38<00:32,  3.92it/s] 91%|█████████ | 1273/1399 [07:38<00:31,  4.01it/s] 91%|█████████ | 1274/1399 [07:38<00:30,  4.10it/s] 91%|█████████ | 1275/1399 [07:39<00:30,  4.12it/s] 91%|█████████ | 1276/1399 [07:39<00:31,  3.97it/s] 91%|█████████▏| 1277/1399 [07:39<00:30,  3.96it/s] 91%|█████████▏| 1278/1399 [07:40<00:31,  3.87it/s] 91%|█████████▏| 1279/1399 [07:40<00:29,  4.04it/s] 91%|█████████▏| 1280/1399 [07:40<00:30,  3.84it/s] 92%|█████████▏| 1281/1399 [07:40<00:30,  3.85it/s] 92%|█████████▏| 1282/1399 [07:40<00:29,  4.00it/s] 92%|█████████▏| 1283/1399 [07:41<00:30,  3.85it/s] 92%|█████████▏| 1284/1399 [07:41<00:29,  3.95it/s] 92%|█████████▏| 1285/1399 [07:41<00:28,  4.00it/s] 92%|█████████▏| 1286/1399 [07:42<00:28,  3.91it/s] 92%|█████████▏| 1287/1399 [07:42<00:28,  3.98it/s] 92%|█████████▏| 1288/1399 [07:42<00:28,  3.84it/s] 92%|█████████▏| 1289/1399 [07:42<00:28,  3.84it/s] 92%|█████████▏| 1290/1399 [07:43<00:27,  3.95it/s] 92%|█████████▏| 1291/1399 [07:43<00:28,  3.73it/s] 92%|█████████▏| 1292/1399 [07:43<00:28,  3.79it/s] 92%|█████████▏| 1293/1399 [07:43<00:27,  3.88it/s] 92%|█████████▏| 1294/1399 [07:44<00:26,  3.93it/s] 93%|█████████▎| 1295/1399 [07:44<00:26,  3.94it/s] 93%|█████████▎| 1296/1399 [07:44<00:28,  3.61it/s] 93%|█████████▎| 1297/1399 [07:44<00:28,  3.61it/s] 93%|█████████▎| 1298/1399 [07:45<00:30,  3.34it/s] 93%|█████████▎| 1299/1399 [07:45<00:28,  3.49it/s] 93%|█████████▎| 1300/1399 [07:45<00:27,  3.66it/s] 93%|█████████▎| 1301/1399 [07:46<00:25,  3.78it/s] 93%|█████████▎| 1302/1399 [07:46<00:26,  3.62it/s] 93%|█████████▎| 1303/1399 [07:46<00:26,  3.60it/s] 93%|█████████▎| 1304/1399 [07:46<00:25,  3.66it/s] 93%|█████████▎| 1305/1399 [07:47<00:25,  3.68it/s] 93%|█████████▎| 1306/1399 [07:47<00:24,  3.76it/s] 93%|█████████▎| 1307/1399 [07:47<00:23,  3.86it/s] 93%|█████████▎| 1308/1399 [07:47<00:23,  3.88it/s] 94%|█████████▎| 1309/1399 [07:48<00:23,  3.89it/s] 94%|█████████▎| 1310/1399 [07:48<00:22,  3.88it/s] 94%|█████████▎| 1311/1399 [07:48<00:22,  3.84it/s] 94%|█████████▍| 1312/1399 [07:48<00:23,  3.69it/s] 94%|█████████▍| 1313/1399 [07:49<00:23,  3.63it/s] 94%|█████████▍| 1314/1399 [07:49<00:22,  3.80it/s] 94%|█████████▍| 1315/1399 [07:49<00:22,  3.67it/s] 94%|█████████▍| 1316/1399 [07:50<00:22,  3.73it/s] 94%|█████████▍| 1317/1399 [07:50<00:21,  3.77it/s] 94%|█████████▍| 1318/1399 [07:50<00:21,  3.78it/s] 94%|█████████▍| 1319/1399 [07:50<00:21,  3.71it/s] 94%|█████████▍| 1320/1399 [07:51<00:21,  3.61it/s] 94%|█████████▍| 1321/1399 [07:51<00:21,  3.62it/s] 94%|█████████▍| 1322/1399 [07:51<00:21,  3.55it/s] 95%|█████████▍| 1323/1399 [07:51<00:20,  3.63it/s] 95%|█████████▍| 1324/1399 [07:52<00:20,  3.65it/s] 95%|█████████▍| 1325/1399 [07:52<00:21,  3.37it/s] 95%|█████████▍| 1326/1399 [07:52<00:22,  3.21it/s] 95%|█████████▍| 1327/1399 [07:53<00:21,  3.35it/s] 95%|█████████▍| 1328/1399 [07:53<00:21,  3.25it/s] 95%|█████████▍| 1329/1399 [07:53<00:22,  3.16it/s] 95%|█████████▌| 1330/1399 [07:54<00:21,  3.20it/s] 95%|█████████▌| 1331/1399 [07:54<00:20,  3.28it/s] 95%|█████████▌| 1332/1399 [07:54<00:19,  3.41it/s] 95%|█████████▌| 1333/1399 [07:55<00:18,  3.52it/s] 95%|█████████▌| 1334/1399 [07:55<00:17,  3.68it/s] 95%|█████████▌| 1335/1399 [07:55<00:17,  3.68it/s] 95%|█████████▌| 1336/1399 [07:55<00:17,  3.69it/s] 96%|█████████▌| 1337/1399 [07:56<00:17,  3.59it/s] 96%|█████████▌| 1338/1399 [07:56<00:17,  3.58it/s] 96%|█████████▌| 1339/1399 [07:56<00:15,  3.78it/s] 96%|█████████▌| 1340/1399 [07:56<00:15,  3.87it/s] 96%|█████████▌| 1341/1399 [07:57<00:15,  3.72it/s] 96%|█████████▌| 1342/1399 [07:57<00:15,  3.64it/s] 96%|█████████▌| 1343/1399 [07:57<00:15,  3.72it/s] 96%|█████████▌| 1344/1399 [07:57<00:14,  3.73it/s] 96%|█████████▌| 1345/1399 [07:58<00:14,  3.76it/s] 96%|█████████▌| 1346/1399 [07:58<00:13,  3.80it/s] 96%|█████████▋| 1347/1399 [07:58<00:13,  3.80it/s] 96%|█████████▋| 1348/1399 [07:58<00:13,  3.78it/s] 96%|█████████▋| 1349/1399 [07:59<00:13,  3.77it/s] 96%|█████████▋| 1350/1399 [07:59<00:12,  3.82it/s] 97%|█████████▋| 1351/1399 [07:59<00:12,  3.84it/s] 97%|█████████▋| 1352/1399 [08:00<00:12,  3.79it/s] 97%|█████████▋| 1353/1399 [08:00<00:11,  3.89it/s] 97%|█████████▋| 1354/1399 [08:00<00:11,  3.87it/s] 97%|█████████▋| 1355/1399 [08:00<00:11,  3.88it/s] 97%|█████████▋| 1356/1399 [08:01<00:11,  3.67it/s] 97%|█████████▋| 1357/1399 [08:01<00:11,  3.61it/s] 97%|█████████▋| 1358/1399 [08:01<00:11,  3.55it/s] 97%|█████████▋| 1359/1399 [08:01<00:11,  3.63it/s] 97%|█████████▋| 1360/1399 [08:02<00:11,  3.52it/s] 97%|█████████▋| 1361/1399 [08:02<00:10,  3.62it/s] 97%|█████████▋| 1362/1399 [08:02<00:10,  3.67it/s] 97%|█████████▋| 1363/1399 [08:03<00:10,  3.57it/s] 97%|█████████▋| 1364/1399 [08:03<00:09,  3.60it/s] 98%|█████████▊| 1365/1399 [08:03<00:09,  3.59it/s] 98%|█████████▊| 1366/1399 [08:03<00:08,  3.68it/s] 98%|█████████▊| 1367/1399 [08:04<00:08,  3.70it/s] 98%|█████████▊| 1368/1399 [08:04<00:08,  3.77it/s] 98%|█████████▊| 1369/1399 [08:04<00:07,  3.76it/s] 98%|█████████▊| 1370/1399 [08:04<00:08,  3.61it/s] 98%|█████████▊| 1371/1399 [08:05<00:07,  3.55it/s] 98%|█████████▊| 1372/1399 [08:05<00:07,  3.63it/s] 98%|█████████▊| 1373/1399 [08:05<00:07,  3.61it/s] 98%|█████████▊| 1374/1399 [08:06<00:06,  3.57it/s] 98%|█████████▊| 1375/1399 [08:06<00:06,  3.75it/s] 98%|█████████▊| 1376/1399 [08:06<00:06,  3.75it/s] 98%|█████████▊| 1377/1399 [08:06<00:05,  3.83it/s] 98%|█████████▊| 1378/1399 [08:07<00:05,  3.79it/s] 99%|█████████▊| 1379/1399 [08:07<00:05,  3.84it/s] 99%|█████████▊| 1380/1399 [08:07<00:05,  3.80it/s] 99%|█████████▊| 1381/1399 [08:07<00:04,  3.67it/s] 99%|█████████▉| 1382/1399 [08:08<00:04,  3.73it/s] 99%|█████████▉| 1383/1399 [08:08<00:04,  3.74it/s] 99%|█████████▉| 1384/1399 [08:08<00:03,  3.78it/s] 99%|█████████▉| 1385/1399 [08:09<00:03,  3.64it/s] 99%|█████████▉| 1386/1399 [08:09<00:03,  3.63it/s] 99%|█████████▉| 1387/1399 [08:09<00:03,  3.39it/s] 99%|█████████▉| 1388/1399 [08:09<00:03,  3.28it/s] 99%|█████████▉| 1389/1399 [08:10<00:02,  3.40it/s] 99%|█████████▉| 1390/1399 [08:10<00:02,  3.48it/s] 99%|█████████▉| 1391/1399 [08:10<00:02,  3.60it/s] 99%|█████████▉| 1392/1399 [08:11<00:01,  3.63it/s]100%|█████████▉| 1393/1399 [08:11<00:01,  3.52it/s]100%|█████████▉| 1394/1399 [08:11<00:01,  3.55it/s]100%|█████████▉| 1395/1399 [08:11<00:01,  3.64it/s]100%|█████████▉| 1396/1399 [08:12<00:00,  3.57it/s]100%|█████████▉| 1397/1399 [08:12<00:00,  3.39it/s]100%|█████████▉| 1398/1399 [08:12<00:00,  3.43it/s]100%|██████████| 1399/1399 [08:12<00:00,  3.81it/s]100%|██████████| 1399/1399 [08:12<00:00,  2.84it/s]
kilosort.run_kilosort: 42830558 spikes extracted in 501.51s; total 1453.35s
kilosort.run_kilosort:  
kilosort.run_kilosort: Resource usage after spike detect (learned)
kilosort.run_kilosort: ********************************************************
kilosort.run_kilosort: CPU usage:     0.00 %
kilosort.run_kilosort: Mem used:     13.70 %     |      16.83 GB
kilosort.run_kilosort: Mem avail:    106.20 / 123.03 GB
kilosort.run_kilosort: ------------------------------------------------------
kilosort.run_kilosort: GPU usage:    `conda install pynvml` for GPU usage
kilosort.run_kilosort: GPU memory:   28.35 %     |      8.89   /    31.36 GB
kilosort.run_kilosort: Allocated:     0.13 %     |      0.04   /    31.36 GB
kilosort.run_kilosort: Max alloc:    10.18 %     |      3.19   /    31.36 GB
kilosort.run_kilosort: ********************************************************
kilosort.run_kilosort: Generating diagnostic plots ...
kilosort.run_kilosort:  
kilosort.run_kilosort: Final clustering
kilosort.run_kilosort: ----------------------------------------
  0%|          | 0/4 [00:00<?, ?it/s] 25%|██▌       | 1/4 [07:11<21:33, 431.02s/it] 50%|█████     | 2/4 [14:36<14:39, 439.80s/it] 75%|███████▌  | 3/4 [20:42<06:45, 405.70s/it]100%|██████████| 4/4 [25:22<00:00, 356.38s/it]100%|██████████| 4/4 [25:22<00:00, 380.72s/it]
kilosort.run_kilosort: 943 clusters found, in 1522.92s; total 2982.32s
kilosort.run_kilosort:  
kilosort.run_kilosort: Merging clusters
kilosort.run_kilosort: ----------------------------------------
kilosort.run_kilosort: 778 units found, in 79.18s; total 3061.53s
kilosort.run_kilosort:  
kilosort.run_kilosort: Resource usage after clustering
kilosort.run_kilosort: ********************************************************
kilosort.run_kilosort: CPU usage:     2.30 %
kilosort.run_kilosort: Mem used:     22.10 %     |      27.15 GB
kilosort.run_kilosort: Mem avail:    95.88 / 123.03 GB
kilosort.run_kilosort: ------------------------------------------------------
kilosort.run_kilosort: GPU usage:    `conda install pynvml` for GPU usage
kilosort.run_kilosort: GPU memory:   28.35 %     |      8.89   /    31.36 GB
kilosort.run_kilosort: Allocated:     0.11 %     |      0.03   /    31.36 GB
kilosort.run_kilosort: Max alloc:    10.20 %     |      3.20   /    31.36 GB
kilosort.run_kilosort: ********************************************************
kilosort.run_kilosort:  
kilosort.run_kilosort: Saving to phy and computing refractory periods
kilosort.run_kilosort: ----------------------------------------
kilosort.run_kilosort: 383 units found with good refractory periods
kilosort.run_kilosort: Exporting to Phy took: 350.30s
kilosort.run_kilosort: Total runtime: 3412.35s = 00:56:52 h:m:s
kilosort.run_kilosort: Sorting output saved in: /mnt/work0/kbsuresh/pass_2/Lav69/ks_imec0.
kilosort.run_kilosort:  
kilosort.run_kilosort: Resource usage after saving
kilosort.run_kilosort: ********************************************************
kilosort.run_kilosort: CPU usage:     1.50 %
kilosort.run_kilosort: Mem used:     13.30 %     |      16.35 GB
kilosort.run_kilosort: Mem avail:    106.68 / 123.03 GB
kilosort.run_kilosort: ------------------------------------------------------
kilosort.run_kilosort: GPU usage:    `conda install pynvml` for GPU usage
kilosort.run_kilosort: GPU memory:   28.35 %     |      8.89   /    31.36 GB
kilosort.run_kilosort: Allocated:     0.11 %     |      0.03   /    31.36 GB
kilosort.run_kilosort: Max alloc:     0.11 %     |      0.03   /    31.36 GB
kilosort.run_kilosort: ********************************************************
kilosort.run_kilosort: Generating spike position plot ...
kilosort.run_kilosort: Sorting finished.
kilosort.run_kilosort:  
kilosort.run_kilosort: ********************************************************
kilosort.run_kilosort: Sorting summary
kilosort.run_kilosort: --------------------------------------------------------
kilosort.run_kilosort: Total number of units:                              778
kilosort.run_kilosort: Number of good units:                               383
kilosort.run_kilosort: Number of spikes                               42787219
kilosort.run_kilosort: Mean abs. drift                                  nan um
kilosort.run_kilosort: Total runtime                                  3412.35s
kilosort.run_kilosort:  
kilosort.run_kilosort: Runtime by step
kilosort.run_kilosort: --------------------------------------------------------
kilosort.run_kilosort: preprocessing:                          2.1s   (0.06) %
kilosort.run_kilosort: drift corr:                             0.0s   (0.00) %
kilosort.run_kilosort: spike det. (univ):                    324.3s   (9.50) %
kilosort.run_kilosort: cluster (temp):                       625.1s  (18.32) %
kilosort.run_kilosort: spike det. (learn):                   501.5s  (14.70) %
kilosort.run_kilosort: cluster (final):                     1522.9s  (44.63) %
kilosort.run_kilosort: cluster merge:                         79.2s   (2.32) %
kilosort.run_kilosort: postprocessing:                       350.3s  (10.27) %
kilosort.run_kilosort:  
kilosort.run_kilosort: Memory usage by step
kilosort.run_kilosort: --------------------------------------------------------
kilosort.run_kilosort: preprocessing:         sys     4.5 GB  |  gpu    2.5 GB
kilosort.run_kilosort: drift corr:            sys     4.7 GB  |  gpu    0.0 GB
kilosort.run_kilosort: spike det. (univ):     sys     7.9 GB  |  gpu    5.0 GB
kilosort.run_kilosort: cluster (temp):        sys    12.5 GB  |  gpu    1.9 GB
kilosort.run_kilosort: spike det. (learn):    sys    16.8 GB  |  gpu    3.2 GB
kilosort.run_kilosort: cluster (final):       sys    16.4 GB  |  gpu    3.2 GB
kilosort.run_kilosort: cluster merge:         sys    27.1 GB  |  gpu    3.2 GB
kilosort.run_kilosort: postprocessing:        sys    16.3 GB  |  gpu    0.0 GB
kilosort.run_kilosort: ********************************************************
+ set +x
